target_name,chembl_id,molecule_id,smiles,activity_type,activity_value,label
EGFR,CHEMBL203,CHEMBL68920,Cc1cc(C)c(/C=C2\C(=O)Nc3ncnc(Nc4ccc(F)c(Cl)c4)c32)[nH]1,IC50,41.0,1
EGFR,CHEMBL203,CHEMBL69960,Cc1cc(C(=O)N2CCOCC2)[nH]c1/C=C1\C(=O)Nc2ncnc(Nc3ccc(F)c(Cl)c3)c21,IC50,170.0,1
EGFR,CHEMBL203,CHEMBL137635,CN(c1ccccc1)c1ncnc2ccc(N/N=N/Cc3ccccn3)cc12,IC50,9300.0,0
EGFR,CHEMBL203,CHEMBL306988,CC(=C(C#N)C#N)c1ccc(NC(=O)CCC(=O)O)cc1,IC50,500000.0,0
EGFR,CHEMBL203,CHEMBL66879,O=C(O)/C=C/c1ccc(O)cc1,IC50,3000000.0,0
EGFR,CHEMBL203,CHEMBL77085,N#CC(C#N)=Cc1cc(O)ccc1[N+](=O)[O-],IC50,96000.0,0
EGFR,CHEMBL203,CHEMBL443268,Cc1cc(C(=O)NCCN2CCOCC2)[nH]c1/C=C1\C(=O)N(C)c2ncnc(Nc3ccc(F)c(Cl)c3)c21,IC50,5310.0,0
EGFR,CHEMBL203,CHEMBL76979,COc1cc(/C=C(\C#N)C(=O)O)cc(OC)c1O,IC50,264000.0,0
EGFR,CHEMBL203,CHEMBL76589,N#CC(C#N)=C(N)/C(C#N)=C/c1ccc(O)cc1,IC50,125.0,1
EGFR,CHEMBL203,CHEMBL76904,N#CC(C#N)=Cc1ccc(O)c(O)c1,IC50,35000.0,0
EGFR,CHEMBL203,CHEMBL1009,N[C@@H](Cc1ccc(O)c(O)c1)C(=O)O,IC50,900000.0,0
EGFR,CHEMBL203,CHEMBL304271,CCN(CC)CC(O)CNC(=O)c1cc(C)c(/C=C2\C(=O)Nc3ncnc(Nc4ccc(F)c(Cl)c4)c32)[nH]1,IC50,0.45,1
EGFR,CHEMBL203,CHEMBL296407,N#C/C(=C\c1ccc(O)c(O)c1)C(N)=O,IC50,10000.0,0
EGFR,CHEMBL203,CHEMBL309625,N#CC(C#N)=C(N)/C(C#N)=C/c1ccc(O)c([N+](=O)[O-])c1,IC50,60000.0,0
EGFR,CHEMBL203,CHEMBL77825,COc1ccc(NN=C(C#N)C#N)cc1,IC50,600000.0,0
EGFR,CHEMBL203,CHEMBL421877,COc1cc(C=C(C#N)C#N)cc(OC)c1O,IC50,850000.0,0
EGFR,CHEMBL203,CHEMBL310798,N#CC(C#N)=Cc1cc(O)c(O)c(O)c1,IC50,3000.0,0
EGFR,CHEMBL203,CHEMBL135592,C/N=N/Nc1ccc2ncnc(N(C)c3ccccc3)c2c1,IC50,8000.0,0
EGFR,CHEMBL203,CHEMBL309866,N#C/C(=C\c1ccc([N+](=O)[O-])cc1)C(=O)O,IC50,1300000.0,0
EGFR,CHEMBL203,CHEMBL77381,N#C/C(=C/c1ccc[nH]1)C(=O)O,IC50,1360000.0,0
EGFR,CHEMBL203,CHEMBL76602,N#C/C(=C\c1ccc(O)cc1)C(=O)O,IC50,165000.0,0
EGFR,CHEMBL203,CHEMBL77737,N#CC(C#N)=Cc1ccncc1,IC50,250000.0,0
EGFR,CHEMBL203,CHEMBL308134,N#CC(C#N)=Cc1ccc(O)c([N+](=O)[O-])c1,IC50,125000.0,0
EGFR,CHEMBL203,CHEMBL136491,CN(C)/N=N/c1ccc2ncnc(Nc3cccc(Cl)c3)c2c1,IC50,14.0,1
EGFR,CHEMBL203,CHEMBL76557,N#CCNC(=O)/C(C#N)=C/c1ccc(O)cc1,IC50,625000.0,0
EGFR,CHEMBL203,CHEMBL336113,Cc1cccc(Nc2ncnc3ccc(N)cc23)c1,IC50,1000.0,0
EGFR,CHEMBL203,CHEMBL133024,C/N=N/Nc1ccc2ncnc(Nc3cccc(Cl)c3)c2c1,IC50,100.0,1
EGFR,CHEMBL203,CHEMBL344652,CN(C)/N=N/c1ccc2ncnc(N(C)c3ccccc3)c2c1,IC50,13350.0,0
EGFR,CHEMBL203,CHEMBL77814,N#CC(C#N)=CNc1ccc(O)cc1,IC50,350000.0,0
EGFR,CHEMBL203,CHEMBL47986,O=CN/C=C/c1cc(O)ccc1O,IC50,14000.0,0
EGFR,CHEMBL203,CHEMBL138125,Brc1cccc(Nc2ncnc3ccc(N/N=N/Cc4ccccn4)cc23)c1,IC50,238.0,1
EGFR,CHEMBL203,CHEMBL137364,Brc1cccc(Nc2ncnc3ccc(N/N=N/CCN4CCOCC4)cc23)c1,IC50,64.0,1
EGFR,CHEMBL203,CHEMBL308339,N#CC(C#N)=C1C(=O)NC(=O)NC1=O,IC50,1400000.0,0
EGFR,CHEMBL203,CHEMBL78174,N#CC(C#N)=Cc1ccc(C(=O)O)cc1,IC50,430000.0,0
EGFR,CHEMBL203,CHEMBL302552,O=C1Nc2ncnc(Nc3ccc(F)c(Cl)c3)c2/C1=C/c1ccc(C(=O)NCCN2CCOCC2)[nH]1,IC50,22.0,1
EGFR,CHEMBL203,CHEMBL309598,N#CC(C#N)=C(O)c1cc(O)c(O)c(O)c1,IC50,13500.0,0
EGFR,CHEMBL203,CHEMBL67057,Cc1cc(C(=O)N2CCOCC2)[nH]c1/C=C1\C(=O)Nc2ncnc(Nc3ccc4c(ccn4Cc4ccccc4)c3)c21,IC50,4.5,1
EGFR,CHEMBL203,CHEMBL332096,Nc1ccc2ncnc(NCc3ccccc3)c2c1,IC50,508.0,1
EGFR,CHEMBL203,CHEMBL77387,N#CC(C#N)=Cc1ccc([N+](=O)[O-])c(O)c1,IC50,450000.0,0
EGFR,CHEMBL203,CHEMBL432903,CCN(CC)CCNC(=O)c1c(C)[nH]c(/C=C2\C(=O)Nc3ncnc(Nc4ccc(F)c(Cl)c4)c32)c1C,IC50,200.0,1
EGFR,CHEMBL203,CHEMBL69964,Cc1cc(/C=C2\C(=O)Nc3ncnc(Nc4ccc(F)c(Cl)c4)c32)[nH]c1C(=O)N1CCN(C)CC1,IC50,210.0,1
EGFR,CHEMBL203,CHEMBL65848,Cc1cc(C(=O)N2CCOCC2)[nH]c1/C=C1\C(=O)Nc2ncnc(Nc3ccc4c(c3)CCC4)c21,IC50,1410.0,0
EGFR,CHEMBL203,CHEMBL78184,N#C/C(=C\c1ccc(F)cc1)C(=O)O,IC50,833000.0,0
EGFR,CHEMBL203,CHEMBL76985,N#C/C(=C\c1ccc(C=O)cc1)C(=O)O,IC50,47000.0,0
EGFR,CHEMBL203,CHEMBL145,O=C(O)/C=C/c1ccc(O)c(O)c1,IC50,1200000.0,0
EGFR,CHEMBL203,CHEMBL69629,Cc1cc(C(=O)NCCN2CCOCC2)[nH]c1/C=C1\C(=O)Nc2ncnc(Nc3ccc(F)c(Cl)c3)c21,IC50,6.5,1
EGFR,CHEMBL203,CHEMBL136492,CN(c1ccccc1)c1ncnc2ccc(N)cc12,IC50,8400.0,0
EGFR,CHEMBL203,CHEMBL77197,COc1cc(/C(C)=C(\C#N)C(=O)O)ccc1O,IC50,1100000.0,0
EGFR,CHEMBL203,CHEMBL305695,N#CC(C#N)=Cc1ccc(O)cc1,IC50,560000.0,0
EGFR,CHEMBL203,CHEMBL76587,N#CC(C#N)Cc1ccc(O)cc1,IC50,6500000.0,0
EGFR,CHEMBL203,CHEMBL66570,CCN1CCN(C(=O)c2cc(C)c(/C=C3\C(=O)Nc4ncnc(Nc5ccc(F)c(Cl)c5)c43)[nH]2)CC1,IC50,13.0,1
EGFR,CHEMBL203,CHEMBL308048,N#C/C(=C\c1ccc(O)cc1)C(N)=O,IC50,800000.0,0
EGFR,CHEMBL203,CHEMBL311119,N#CC(C#N)=Cc1ccc(C=O)cc1,IC50,60000.0,0
EGFR,CHEMBL203,CHEMBL76905,N#CC(C#N)=Cc1cc(O)cc(O)c1,IC50,37000.0,0
EGFR,CHEMBL203,CHEMBL77524,COc1ccc(/C=C(\C#N)C(=O)O)cc1,IC50,833000.0,0
EGFR,CHEMBL203,CHEMBL305194,Cc1cc(C(=O)O)[nH]c1/C=C1\C(=O)Nc2ncnc(Nc3ccc(F)c(Cl)c3)c21,IC50,29.0,1
EGFR,CHEMBL203,CHEMBL307250,COc1cc(/C=C(\C#N)C(=O)O)ccc1O,IC50,325000.0,0
EGFR,CHEMBL203,CHEMBL80155,COc1cc(C=C(C#N)C#N)cc(O)c1O,IC50,6000.0,0
EGFR,CHEMBL203,CHEMBL343352,Nc1ccc2ncnc(Nc3cccc(Cl)c3)c2c1,IC50,200.0,1
EGFR,CHEMBL203,CHEMBL52765,Nc1ccc2ncnc(Nc3cccc(Br)c3)c2c1,IC50,44.0,1
EGFR,CHEMBL203,CHEMBL311564,COc1ccc(C(O)=C(C#N)C#N)cc1,IC50,450000.0,0
EGFR,CHEMBL203,CHEMBL76642,N#C/C(=C/c1cc(O)ccc1O)C(=O)O,IC50,75000.0,0
EGFR,CHEMBL203,CHEMBL308645,Cc1cc(CCC(=O)O)[nH]c1/C=C1\C(=O)Nc2ncnc(Nc3ccc(F)c(Cl)c3)c21,IC50,4.7,1
EGFR,CHEMBL203,CHEMBL67003,Cc1cc(C(=O)N2CCOCC2)[nH]c1/C=C1\C(=O)Nc2ncnc(Nc3ccc4c(cnn4Cc4ccccc4)c3)c21,IC50,1.8,1
EGFR,CHEMBL203,CHEMBL307248,N#CC(C#N)=Cc1ccc(NC(=O)CCC(=O)O)cc1,IC50,640000.0,0
EGFR,CHEMBL203,CHEMBL310958,N#CC(C#N)=NNc1ccc(O)cc1,IC50,225000.0,0
EGFR,CHEMBL203,CHEMBL78005,N#CC(C#N)=Cc1ccc2c(c1)OCO2,IC50,350000.0,0
EGFR,CHEMBL203,CHEMBL134312,CN(C)/N=N/c1ccc2ncnc(Nc3cccc(Br)c3)c2c1,IC50,11.0,1
EGFR,CHEMBL203,CHEMBL77243,CCCCc1cc(/C=C(\C#N)C(N)=O)cc(CCCC)c1O,IC50,55000.0,0
EGFR,CHEMBL203,CHEMBL80745,COc1cc(/C=C(\C#N)C(N)=C(C#N)C#N)cc(O)c1O,IC50,1200.0,0
EGFR,CHEMBL203,CHEMBL77778,N#CC(C#N)=Cc1ccc(/C=C/C(=O)O)cc1,IC50,450000.0,0
EGFR,CHEMBL203,CHEMBL305246,Cc1cc(C(=O)N2CCN(C)CC2)[nH]c1/C=C1\C(=O)Nc2ncnc(Nc3ccc(F)c(Cl)c3)c21,IC50,2.8,1
EGFR,CHEMBL203,CHEMBL69966,C#Cc1cccc(Nc2ncnc3c2/C(=C/c2[nH]c(C(=O)NCCN4CCOCC4)cc2C)C(=O)N3)c1,IC50,18.0,1
EGFR,CHEMBL203,CHEMBL47940,Nc1ncnc2c1c(-c1ccc(Oc3ccccc3)cc1)cn2C1CCCC1,IC50,3200.0,0
EGFR,CHEMBL203,CHEMBL57712,N#CC(C#N)=Cc1cc[n+]([O-])cc1,IC50,1300000.0,0
EGFR,CHEMBL203,CHEMBL77869,COc1cc(C=C(C#N)C#N)ccc1O,IC50,200000.0,0
EGFR,CHEMBL203,CHEMBL69358,CCN(CC)CCNC(=O)c1cc(C)c(/C=C2\C(=O)Nc3ncnc(Nc4ccc(F)c(Cl)c4)c32)[nH]1,IC50,1.2,1
EGFR,CHEMBL203,CHEMBL137189,C/N=N/Nc1ccc2ncnc(Nc3cccc(C)c3)c2c1,IC50,200.0,1
EGFR,CHEMBL203,CHEMBL137617,C/N=N/Nc1ccc2ncnc(Nc3cccc(Br)c3)c2c1,IC50,39.0,1
EGFR,CHEMBL203,CHEMBL137027,CN(C)/N=N/c1ccc2ncnc(NCc3ccccc3)c2c1,IC50,482.0,1
EGFR,CHEMBL203,CHEMBL78257,N#CC(C#N)=C(N)/C(C#N)=C/c1cc(O)c(O)c(O)c1,IC50,800.0,1
EGFR,CHEMBL203,CHEMBL76082,N#CC(C#N)=Cc1cc2c(cc1[N+](=O)[O-])OCO2,IC50,560000.0,0
EGFR,CHEMBL203,CHEMBL77595,N#C/C(=C\c1ccccc1)C(=O)O,IC50,850000.0,0
EGFR,CHEMBL203,CHEMBL309334,N#CC(C#N)=C(N)/C(C#N)=C/c1ccc(O)c(O)c1,IC50,2500.0,0
EGFR,CHEMBL203,CHEMBL310514,N#CC(C#N)=Cc1ccc[nH]1,IC50,260000.0,0
EGFR,CHEMBL203,CHEMBL304971,Cc1c(C(=O)N2CCN(C)CC2)c[nH]c1/C=C1\C(=O)Nc2ncnc(Nc3ccc(F)c(Cl)c3)c21,IC50,410.0,1
EGFR,CHEMBL203,CHEMBL69071,Cc1cc(C(=O)N2CC(C)NC(C)C2)[nH]c1/C=C1\C(=O)Nc2ncnc(Nc3ccc(F)c(Cl)c3)c21,IC50,5.9,1
EGFR,CHEMBL203,CHEMBL137534,CN(C)CC/N=N/Nc1ccc2ncnc(Nc3cccc(Br)c3)c2c1,IC50,38.0,1
EGFR,CHEMBL203,CHEMBL137788,C/N=N/Nc1ccc2ncnc(NCc3ccccc3)c2c1,IC50,335.0,1
EGFR,CHEMBL203,CHEMBL424093,Brc1cccc(Nc2ncnc3ccc(N/N=N/Cc4ccccc4)cc23)c1,IC50,25.0,1
EGFR,CHEMBL203,CHEMBL77030,N#C/C(=C\c1ccc(O)c(O)c1)C(N)=S,IC50,2400.0,0
EGFR,CHEMBL203,CHEMBL78150,CC(C)(C)c1cc(C=C(C#N)C#N)cc(C(C)(C)C)c1O,IC50,460000.0,0
EGFR,CHEMBL203,CHEMBL264382,Cc1cc(C(=O)NCCN2CCOCC2)[nH]c1/C=C1\C(=O)Nc2ncnc(Nc3ccc4c(ccn4Cc4ccccc4)c3)c21,IC50,1.1,1
EGFR,CHEMBL203,CHEMBL308133,O=C(O)C(=Cc1ccc(O)cc1)C(=O)O,IC50,1500000.0,0
EGFR,CHEMBL203,CHEMBL307179,COc1cc(C=C(C#N)C#N)cc([N+](=O)[O-])c1O,IC50,160000.0,0
EGFR,CHEMBL203,CHEMBL305782,Cc1[nH]c(/C=C2\C(=O)Nc3ncnc(Nc4ccc(F)c(Cl)c4)c32)c(C)c1CCC(=O)O,IC50,180.0,1
EGFR,CHEMBL203,CHEMBL308672,CCN(CC)CCNC(=O)c1cc(C)c(/C=C2\C(=O)Nc3ncnc(Nc4ccc(Cl)cc4F)c32)[nH]1,IC50,450.0,1
EGFR,CHEMBL203,CHEMBL133023,Cc1cccc(Nc2ncnc3ccc(/N=N/N(C)C)cc23)c1,IC50,24.0,1
EGFR,CHEMBL203,CHEMBL310400,N#CC(C#N)=Cc1cccc(O)c1,IC50,375000.0,0
EGFR,CHEMBL203,CHEMBL136674,COCC/N=N/Nc1ccc2ncnc(Nc3cccc(Br)c3)c2c1,IC50,71.0,1
EGFR,CHEMBL203,CHEMBL73820,N#C/C(=C\c1ccc(O)c(O)c1)C(=O)O,IC50,25000.0,0
EGFR,CHEMBL203,CHEMBL79064,N#CC(C#N)=C(O)c1ccc(O)cc1,IC50,230000.0,0
EGFR,CHEMBL203,CHEMBL77803,N#CC(C#N)=C(N)/C(C#N)=C/c1cc(O)c(O)c(Br)c1,IC50,500.0,1
EGFR,CHEMBL203,CHEMBL75718,N#C/C=C/c1ccc(O)cc1,IC50,2400000.0,0
EGFR,CHEMBL203,CHEMBL77298,COc1cc(C=C(C#N)C#N)cc(Br)c1O,IC50,153000.0,0
EGFR,CHEMBL203,CHEMBL432941,COc1cccc(-c2ccc3c(c2)NC(=O)/C3=C\c2[nH]c3c(c2CCC(=O)O)CCCC3)c1,IC50,8880.0,0
EGFR,CHEMBL203,CHEMBL322395,COc1cc(Nc2c(C#N)cnc3cc(-c4ccc(CN5CCOCC5)cc4)ccc23)c(Cl)cc1Cl,IC50,3000.0,0
EGFR,CHEMBL203,CHEMBL431996,O=C(O)CCc1c(/C=C2\C(=O)Nc3ccc(C(=O)O)cc32)[nH]c2c1CCCC2,IC50,56500.0,0
EGFR,CHEMBL203,CHEMBL86531,NS(=O)(=O)c1ccc2c(c1)/C(=C/c1[nH]c3c(c1CCC(=O)O)CCCC3)C(=O)N2,IC50,29100.0,0
EGFR,CHEMBL203,CHEMBL138691,C=CC(=O)N(CCN(C)C)c1cc2c(Nc3cccc(Br)c3)ncnc2cn1,IC50,4.2,1
EGFR,CHEMBL203,CHEMBL139307,C=CC(=O)N(CCCN1CCOCC1)c1ccc2ncnc(Nc3cccc(Br)c3)c2c1,IC50,3.3,1
EGFR,CHEMBL203,CHEMBL322298,CCn1c(=O)c(-c2c(Cl)cccc2Cl)cc2cnc(Nc3ccccc3)nc21,IC50,200.0,1
EGFR,CHEMBL203,CHEMBL111434,Cn1c(=O)c(-c2c(Cl)cccc2Cl)cc2cnc(Nc3cccc(Br)c3)nc21,IC50,670.0,1
EGFR,CHEMBL203,CHEMBL111197,COc1cccc(Nc2ncc3cc(-c4c(Cl)cccc4Cl)c(=O)n(C)c3n2)c1,IC50,30.0,1
EGFR,CHEMBL203,CHEMBL136058,O=C(/C=C/C(=O)Nc1cc2c(Nc3cccc(Br)c3)ncnc2cn1)NCCCN1CCOCC1,IC50,0.81,1
EGFR,CHEMBL203,CHEMBL939,COc1cc2ncnc(Nc3ccc(F)c(Cl)c3)c2cc1OCCCN1CCOCC1,IC50,515.0,1
EGFR,CHEMBL203,CHEMBL95320,C#Cc1cccc(Nc2c(C#N)cnc3cc(OCCOC)c(OCCOC)cc23)c1,IC50,850.0,1
EGFR,CHEMBL203,CHEMBL292323,COc1cccc2c(C(=O)Nc3ccccc3)c(SSc3c(C(=O)Nc4ccccc4)c4cccc(OC)c4n3C)n(C)c12,IC50,6500.0,0
EGFR,CHEMBL203,CHEMBL545315,C=CC(=O)Nc1cc2c(Nc3ccc(F)c(Cl)c3)ncnc2cc1OCCCN1CCOCC1.Cl.Cl,IC50,1.5,1
EGFR,CHEMBL203,CHEMBL111365,COc1ccc(Nc2ncc3cc(-c4c(Cl)cccc4Cl)c(=O)n(C)c3n2)cn1,IC50,1300.0,0
EGFR,CHEMBL203,CHEMBL422292,CCOC(=O)/C=C/C(=O)Nc1cc2c(Nc3cccc(Br)c3)ncnc2cn1,IC50,1.5,1
EGFR,CHEMBL203,CHEMBL113023,COc1ccc(Nc2ncc3cc(-c4c(Cl)cccc4Cl)c(=O)n(C)c3n2)cc1C,IC50,250.0,1
EGFR,CHEMBL203,CHEMBL304414,Cn1c(SSc2c(C(=O)Nc3ccccc3)c3ccccc3n2C)c(C(=O)Nc2ccccc2)c2ccccc21,IC50,10000.0,0
EGFR,CHEMBL203,CHEMBL106232,CN1CCN(CCCCCNc2ncc3cc(-c4c(Cl)cccc4Cl)c(=O)n(C)c3n2)CC1,IC50,4500.0,0
EGFR,CHEMBL203,CHEMBL327127,Cn1c(=O)c(-c2c(Cl)cccc2Cl)cc2cnc(Nc3cccc(CO)c3)nc21,IC50,90.0,1
EGFR,CHEMBL203,CHEMBL293261,O=C(CCc1c(SSc2[nH]c3ccccc3c2CCC(=O)NCc2ccccc2)[nH]c2ccccc12)NCc1ccccc1,IC50,850.0,1
EGFR,CHEMBL203,CHEMBL267019,O=C1NC(=O)c2cc(Nc3ccc(O)cc3)c(Nc3ccc(O)cc3)cc21,IC50,2500.0,0
EGFR,CHEMBL203,CHEMBL285063,C=CC(=O)Nc1ccc2ncnc(Nc3cccc(Br)c3)c2c1,IC50,0.7,1
EGFR,CHEMBL203,CHEMBL136404,C/C=C/C(=O)Nc1cc2c(Nc3cccc(Br)c3)ncnc2cn1,IC50,0.5,1
EGFR,CHEMBL203,CHEMBL291979,Cn1c(SSc2c(C(=O)Nc3ccccc3)c3cc(C#N)ccc3n2C)c(C(=O)Nc2ccccc2)c2cc(C#N)ccc21,IC50,54100.0,0
EGFR,CHEMBL203,CHEMBL62843,Cn1c(SSc2c(C(=O)Nc3ccccc3)c3cccc(O)c3n2C)c(C(=O)Nc2ccccc2)c2cccc(O)c21,IC50,100000.0,0
EGFR,CHEMBL203,CHEMBL334697,C=CC(=O)N(C)c1cc2c(Nc3cccc(Br)c3)ncnc2cn1,IC50,0.17,1
EGFR,CHEMBL203,CHEMBL434827,CCN(CC)CCCNC(=O)/C=C/C(=O)Nc1cc2c(Nc3cccc(Br)c3)ncnc2cn1,IC50,0.73,1
EGFR,CHEMBL203,CHEMBL64430,Cn1c(SSc2c(C(=O)Nc3ccccc3)c3cc([N+](=O)[O-])ccc3n2C)c(C(=O)Nc2ccccc2)c2cc([N+](=O)[O-])ccc21,IC50,5000.0,0
EGFR,CHEMBL203,CHEMBL137082,C=CC(=O)N(CCCN1CCOCC1)c1cc2c(Nc3cccc(Br)c3)ncnc2cn1,IC50,2.7,1
EGFR,CHEMBL203,CHEMBL324926,COc1cc(Nc2ncc3cc(-c4c(Cl)cccc4Cl)c(=O)n(C)c3n2)cc(OC)c1,IC50,330.0,1
EGFR,CHEMBL203,CHEMBL62176,CN1C(=S)C(C(=O)Nc2ccccc2)c2ccccc21,IC50,1000.0,0
EGFR,CHEMBL203,CHEMBL138363,C=C(C)C(=O)Nc1cc2c(Nc3cccc(Br)c3)ncnc2cn1,IC50,1.6,1
EGFR,CHEMBL203,CHEMBL93464,C/C=C/C(=O)Nc1ccc2ncnc(Nc3cccc(Br)c3)c2c1,IC50,0.55,1
EGFR,CHEMBL203,CHEMBL31965,C=CC(=O)Nc1cc2c(Nc3ccc(F)c(Cl)c3)ncnc2cc1OCCCN1CCOCC1,IC50,74.0,1
EGFR,CHEMBL203,CHEMBL344486,CCOC(=O)/C=C/C(=O)Nc1ccc2ncnc(Nc3cccc(Br)c3)c2c1,IC50,2.7,1
EGFR,CHEMBL203,CHEMBL138940,O=C(/C=C/C(=O)Nc1cc2c(Nc3ccc(F)c(Cl)c3)ncnc2cn1)NCCCN1CCOCC1,IC50,0.61,1
EGFR,CHEMBL203,CHEMBL321193,Cn1c(=O)c(-c2c(Cl)cccc2Cl)cc2cnc(Nc3cccc(O)c3)nc21,IC50,150.0,1
EGFR,CHEMBL203,CHEMBL419022,CCOC(=O)CCCc1ccc(Nc2ncc3cc(-c4c(Cl)cccc4Cl)c(=O)n(C)c3n2)cc1,IC50,700.0,1
EGFR,CHEMBL203,CHEMBL344177,O=C(/C=C/Cl)Nc1cc2c(Nc3cccc(Br)c3)ncnc2cn1,IC50,0.69,1
EGFR,CHEMBL203,CHEMBL136178,CC(=O)/C=C/C(=O)Nc1ccc2ncnc(Nc3cccc(Br)c3)c2c1,IC50,1.2,1
EGFR,CHEMBL203,CHEMBL136511,C=CS(=O)(=O)Nc1ccc2ncnc(Nc3cccc(Br)c3)c2c1,IC50,1.4,1
EGFR,CHEMBL203,CHEMBL44,O=c1c(-c2ccc(O)cc2)coc2cc(O)cc(O)c12,IC50,1000.0,0
EGFR,CHEMBL203,CHEMBL136102,CN(C)CCCNC(=O)/C=C/C(=O)N(C)c1cc2c(Nc3cccc(Br)c3)ncnc2cn1,IC50,1.45,1
EGFR,CHEMBL203,CHEMBL336264,C=CS(=O)(=O)c1cc2c(Nc3cccc(Br)c3)ncnc2cn1,IC50,0.43,1
EGFR,CHEMBL203,CHEMBL104153,COc1ccc(Nc2ncc3cc(-c4c(Cl)cccc4Cl)c(=O)n(C)c3n2)cc1,IC50,220.0,1
EGFR,CHEMBL203,CHEMBL95774,C=CC(=O)Nc1cc2c(Nc3ccc(F)c(Cl)c3)c(C#N)cnc2cc1OCCCN1CCOCC1,IC50,80.0,1
EGFR,CHEMBL203,CHEMBL268868,O=C1NC(=O)c2cc(Nc3ccccc3)c(Nc3ccccc3)cc21,IC50,300.0,1
EGFR,CHEMBL203,CHEMBL7775,CN(c1ccccc1)c1cc2c(cc1Nc1ccccc1)C(=O)NC2=O,IC50,8700.0,0
EGFR,CHEMBL203,CHEMBL61119,CC(=O)Oc1ccc2c(c1)c(C(=O)Nc1ccccc1)c(SSc1c(C(=O)Nc3ccccc3)c3cc(OC(C)=O)ccc3n1C)n2C,IC50,5300.0,0
EGFR,CHEMBL203,CHEMBL335440,O=S(=O)(CCO)c1cc2c(Nc3cccc(Br)c3)ncnc2cn1,IC50,93.5,1
EGFR,CHEMBL203,CHEMBL50647,Cn1c(=O)c(-c2c(Cl)cccc2Cl)cc2cnc(Nc3ccc(CC(=O)O)cc3)nc21,IC50,220.0,1
EGFR,CHEMBL203,CHEMBL320705,COc1ccccc1Nc1ncc2cc(-c3c(Cl)cccc3Cl)c(=O)n(C)c2n1,IC50,66.0,1
EGFR,CHEMBL203,CHEMBL113863,Cn1c(=O)c(-c2c(Cl)cccc2Cl)cc2cnc(NCCCCCC(=O)O)nc21,IC50,1000.0,0
EGFR,CHEMBL203,CHEMBL553,C#Cc1cccc(Nc2ncnc3cc(OCCOC)c(OCCOC)cc23)c1,IC50,1450.0,0
EGFR,CHEMBL203,CHEMBL92086,C=C(C)C(=O)Nc1ccc2ncnc(Nc3cccc(Br)c3)c2c1,IC50,1.2,1
EGFR,CHEMBL203,CHEMBL109631,Cn1c(=O)c(-c2c(Cl)cccc2Cl)cc2cnc(Nc3cccc(C(=O)O)c3)nc21,IC50,190.0,1
EGFR,CHEMBL203,CHEMBL293913,Cn1c(SSc2c(C(=O)Nc3ccccc3)c3ccc(O)cc3n2C)c(C(=O)Nc2ccccc2)c2ccc(O)cc21,IC50,44000.0,0
EGFR,CHEMBL203,CHEMBL7914,Cc1ccc(Nc2cc3c(cc2Nc2ccc(C)cc2)C(=O)NC3=O)cc1,IC50,2500.0,0
EGFR,CHEMBL203,CHEMBL334801,CN(C)CCCNC(=O)/C=C/C(=O)Nc1cc2c(Nc3cccc(Br)c3)ncnc2cn1,IC50,1.1,1
EGFR,CHEMBL203,CHEMBL325589,Cn1c(=O)c(-c2c(Cl)cccc2Cl)cc2cnc(Nc3cccnc3)nc21,IC50,510.0,1
EGFR,CHEMBL203,CHEMBL99024,COc1cc2ncc(C#N)c(Nc3ccc(F)c(Cl)c3)c2cc1OCCCN1CCOCC1,IC50,1040.0,0
EGFR,CHEMBL203,CHEMBL59812,CC(=O)Oc1cccc2c1c(C(=O)Nc1ccccc1)c(SSc1c(C(=O)Nc3ccccc3)c3c(OC(C)=O)cccc3n1C)n2C,IC50,20000.0,0
EGFR,CHEMBL203,CHEMBL434828,O=C(/C=C/c1ccccc1)Nc1cc2c(Nc3cccc(Br)c3)ncnc2cn1,IC50,9.1,1
EGFR,CHEMBL203,CHEMBL49596,Cn1c(=O)c(-c2c(Cl)cccc2Cl)cc2cnc(N)nc21,IC50,5600.0,0
EGFR,CHEMBL203,CHEMBL293250,Cn1c(SSc2c(C(=O)Nc3ccccc3)c3cc(O)ccc3n2C)c(C(=O)Nc2ccccc2)c2cc(O)ccc21,IC50,40500.0,0
EGFR,CHEMBL203,CHEMBL62701,Cn1c(SSc2c(C(=O)Nc3ccccc3)c3cccnc3n2C)c(C(=O)Nc2ccccc2)c2cccnc21,IC50,22300.0,0
EGFR,CHEMBL203,CHEMBL51659,C=CC(=O)Nc1cc2c(Nc3cccc(Br)c3)ncnc2cn1,IC50,0.91,1
EGFR,CHEMBL203,CHEMBL135142,O=C(/C=C/C(F)(F)F)Nc1ccc2ncnc(Nc3cccc(Br)c3)c2c1,IC50,1.75,1
EGFR,CHEMBL203,CHEMBL343722,C=C=CC(=O)Nc1ccc2ncnc(Nc3cccc(Br)c3)c2c1,IC50,1.6,1
EGFR,CHEMBL203,CHEMBL448154,CCn1c(=O)c(-c2c(Cl)cccc2Cl)cc2cnc(Nc3ccncc3)nc21,IC50,490.0,1
EGFR,CHEMBL203,CHEMBL50470,CCN(CC)CCCNc1ncc2cc(-c3c(Cl)cccc3Cl)c(=O)n(C)c2n1,IC50,1400.0,0
EGFR,CHEMBL203,CHEMBL104244,CN1CCN(CCCCNc2ncc3cc(-c4c(Cl)cccc4Cl)c(=O)n(C)c3n2)CC1,IC50,210.0,1
EGFR,CHEMBL203,CHEMBL293889,Cn1c(SSc2c(C(=O)Nc3ccccc3)c3cc(Cl)ccc3n2C)c(C(=O)Nc2ccccc2)c2cc(Cl)ccc21,IC50,4300.0,0
EGFR,CHEMBL203,CHEMBL140561,CN(C)CCCOC(=O)/C=C/C(=O)Nc1ccc2ncnc(Nc3cccc(Br)c3)c2c1,IC50,2.4,1
EGFR,CHEMBL203,CHEMBL345077,C=C[S+]([O-])c1cc2c(Nc3cccc(Br)c3)ncnc2cn1,IC50,4.6,1
EGFR,CHEMBL203,CHEMBL107472,CNc1ncc2cc(-c3c(Cl)cccc3Cl)c(=O)n(C)c2n1,IC50,7500.0,0
EGFR,CHEMBL203,CHEMBL139044,C=C/C=C/C(=O)Nc1cc2c(Nc3cccc(Br)c3)ncnc2cn1,IC50,1.1,1
EGFR,CHEMBL203,CHEMBL139095,C=CS(=O)(=O)Nc1cc2c(Nc3cccc(Br)c3)ncnc2cn1,IC50,0.76,1
EGFR,CHEMBL203,CHEMBL113070,Cn1c(=O)c(-c2c(Cl)cccc2Cl)cc2cnc(Nc3ccc(CCCC(=O)O)cc3)nc21,IC50,80.0,1
EGFR,CHEMBL203,CHEMBL104779,Cn1c(=O)c(-c2c(Cl)cccc2Cl)cc2cnc(Nc3ccncc3)nc21,IC50,910.0,1
EGFR,CHEMBL203,CHEMBL134371,O=C(O)/C=C/C(=O)Nc1ccc2ncnc(Nc3cccc(Br)c3)c2c1,IC50,0.37,1
EGFR,CHEMBL203,CHEMBL301612,Cn1c(=O)c(-c2c(Cl)cccc2Cl)cc2cnc(Nc3ccccc3)nc21,IC50,260.0,1
EGFR,CHEMBL203,CHEMBL293251,Cn1c(SSc2c(C(=O)Nc3ccccc3)c3cc(Br)ccc3n2C)c(C(=O)Nc2ccccc2)c2cc(Br)ccc21,IC50,11400.0,0
EGFR,CHEMBL203,CHEMBL60472,COc1ccc2c(C(=O)Nc3ccccc3)c(SSc3c(C(=O)Nc4ccccc4)c4ccc(OC)cc4n3C)n(C)c2c1,IC50,3600.0,0
EGFR,CHEMBL203,CHEMBL342828,O=C(/C=C/C(=O)Nc1cc2c(Nc3cccc(Br)c3)ncnc2cn1)NCCCn1ccnc1,IC50,0.56,1
EGFR,CHEMBL203,CHEMBL299194,CN1CCN(CCCNc2ncc3cc(-c4c(Cl)cccc4Cl)c(=O)n(C)c3n2)CC1,IC50,8700.0,0
EGFR,CHEMBL203,CHEMBL291359,CC(=O)Oc1cccc2c(C(=O)Nc3ccccc3)c(SSc3c(C(=O)Nc4ccccc4)c4cccc(OC(C)=O)c4n3C)n(C)c12,IC50,9900.0,0
EGFR,CHEMBL203,CHEMBL109296,CCNc1ncc2cc(-c3c(Cl)cccc3Cl)c(=O)n(C)c2n1,IC50,4500.0,0
EGFR,CHEMBL203,CHEMBL111339,Cc1ccc(Nc2ncc3cc(-c4c(Cl)cccc4Cl)c(=O)n(C)c3n2)cc1,IC50,480.0,1
EGFR,CHEMBL203,CHEMBL7939,O=C1NC(=O)c2cc(Nc3ccc(F)cc3)c(Nc3ccc(F)cc3)cc21,IC50,700.0,1
EGFR,CHEMBL203,CHEMBL8095,COc1ccc(Nc2cc3c(cc2Nc2ccccc2)C(=O)NC3=O)cc1,IC50,2000.0,0
EGFR,CHEMBL203,CHEMBL345109,CN(C)CCCNC(=O)/C=C/C(=O)Nc1ccc2ncnc(Nc3cccc(Br)c3)c2c1,IC50,0.44,1
EGFR,CHEMBL203,CHEMBL607707,CCOc1cc2ncc(C#N)c(Nc3ccc(F)c(Cl)c3)c2cc1NC(=O)/C=C/CN(C)C,IC50,83.0,1
EGFR,CHEMBL203,CHEMBL293986,Cn1c(SSc2c(C(=O)Nc3ccccc3)c3c(Cl)cccc3n2C)c(C(=O)Nc2ccccc2)c2c(Cl)cccc21,IC50,100000.0,0
EGFR,CHEMBL203,CHEMBL8223,CCN(CC)c1ccc(Nc2cc3c(cc2Nc2ccc(N(CC)CC)cc2)C(=O)NC3=O)cc1,IC50,50000.0,0
EGFR,CHEMBL203,CHEMBL332269,CCCCNc1ncc2cc(-c3c(Cl)cccc3Cl)c(=O)n(C)c2n1,IC50,4400.0,0
EGFR,CHEMBL203,CHEMBL428690,CN1CC[C@H](c2c(O)cc(O)c3c(=O)cc(-c4ccccc4Cl)oc23)[C@H](O)C1,IC50,7600.0,0
EGFR,CHEMBL203,CHEMBL14932,Oc1ccc2ncnc(Nc3ccc(OCc4ccccc4)cc3)c2c1,IC50,98.0,1
EGFR,CHEMBL203,CHEMBL38199,Brc1cccc(Nc2ncnc3cc4c(cnn4CCN4CCOCC4)cc23)c1,IC50,3.7,1
EGFR,CHEMBL203,CHEMBL29197,COc1cc2ncnc(Nc3cccc(Br)c3)c2cc1OC,IC50,0.025,1
EGFR,CHEMBL203,CHEMBL287007,CN(C)Cc1c[nH]c2cc3ncnc(Nc4cccc(Br)c4)c3cc12,IC50,2.6,1
EGFR,CHEMBL203,CHEMBL37346,Brc1cccc(Nc2ccnc3ccccc23)c1,IC50,5500.0,0
EGFR,CHEMBL203,CHEMBL15346,CS(=O)(=O)CCNCCCCOc1ccc2ncnc(Nc3ccc(OCc4ccccc4)cc3)c2c1,IC50,74.0,1
EGFR,CHEMBL203,CHEMBL15202,COc1ccc2ncnc(Nc3ccc(OCc4ccccc4)cc3)c2c1,IC50,68.0,1
EGFR,CHEMBL203,CHEMBL554,CS(=O)(=O)CCNCc1ccc(-c2ccc3ncnc(Nc4ccc(OCc5cccc(F)c5)c(Cl)c4)c3c2)o1,IC50,10.0,1
EGFR,CHEMBL203,CHEMBL36819,O=C(O)Cn1ncc2cc3c(Nc4cccc(Br)c4)ncnc3cc21,IC50,53.0,1
EGFR,CHEMBL203,CHEMBL40130,Brc1cccc(Nc2ncnc3cc4c(ccn4CCN4CCOCC4)cc23)c1,IC50,3.7,1
EGFR,CHEMBL203,CHEMBL35820,CCOc1cc2ncnc(Nc3cccc(Br)c3)c2cc1OCC,IC50,0.006,1
EGFR,CHEMBL203,CHEMBL14627,O=C(NCCCCOc1ccc2ncnc(Nc3ccc(OCc4ccccc4)cc3)c2c1)C(F)(F)F,IC50,74.0,1
EGFR,CHEMBL203,CHEMBL290096,Brc1cccc(Nc2ncnc3ccccc23)c1,IC50,27.0,1
EGFR,CHEMBL203,CHEMBL460731,CS(=O)(=O)CCNCCCCOc1ccc2ncnc(Nc3ccc(F)c(Cl)c3)c2c1,IC50,20.0,1
EGFR,CHEMBL203,CHEMBL37543,OCC(O)Cn1ncc2cc3c(Nc4cccc(Br)c4)ncnc3cc21,IC50,12.0,1
EGFR,CHEMBL203,CHEMBL287289,CN(C)CCCn1ccc2cc3c(Nc4cccc(Br)c4)ncnc3cc21,IC50,21.0,1
EGFR,CHEMBL203,CHEMBL514436,CS(=O)(=O)CCNCCCCOc1ccc2ncnc(Nc3ccc(OCc4cccc(F)c4)c(Cl)c3)c2c1,IC50,27.0,1
EGFR,CHEMBL203,CHEMBL39320,Cn1ncc2cc3c(Nc4cccc(Br)c4)ncnc3cc21,IC50,0.37,1
EGFR,CHEMBL203,CHEMBL289162,O=C(O)Cn1ccc2cc3c(Nc4cccc(Br)c4)ncnc3cc21,IC50,5.1,1
EGFR,CHEMBL203,CHEMBL14952,CS(=O)(=O)CCNCCCOc1ccc2ncnc(Nc3ccc(OCc4ccccc4)cc3)c2c1,IC50,104.0,1
EGFR,CHEMBL203,CHEMBL37373,CN(C)CCn1ccc2cc3c(Nc4cccc(Br)c4)ncnc3cc21,IC50,41.0,1
EGFR,CHEMBL203,CHEMBL39715,COC(=O)CN(C)Cc1c[nH]c2cc3ncnc(Nc4cccc(Br)c4)c3cc12,IC50,3.4,1
EGFR,CHEMBL203,CHEMBL289213,CN(CC(=O)O)Cc1c[nH]c2cc3ncnc(Nc4cccc(Br)c4)c3cc12,IC50,0.72,1
EGFR,CHEMBL203,CHEMBL273789,CS(=O)(=O)CCN(CCCCOc1ccc2ncnc(Nc3ccc(OCc4ccccc4)cc3)c2c1)C(=O)C(F)(F)F,IC50,263.0,1
EGFR,CHEMBL203,CHEMBL517907,C#Cc1cccc(Nc2ncnc3ccc(OCCCCNCCS(C)(=O)=O)cc23)c1,IC50,11.0,1
EGFR,CHEMBL203,CHEMBL460732,CS(=O)(=O)CCNCCCCOc1ccc2ncnc(Nc3ccc(S(=O)(=O)c4ccccc4)cc3)c2c1,IC50,93.0,1
EGFR,CHEMBL203,CHEMBL540701,C=CCOc1ccc2ncnc(Nc3ccc(OCc4ccccc4)cc3)c2c1,IC50,79.0,1
EGFR,CHEMBL203,CHEMBL287832,CN(C)CCn1ncc2cc3c(Nc4cccc(Br)c4)ncnc3cc21,IC50,40.0,1
EGFR,CHEMBL203,CHEMBL39337,Brc1cccc(Nc2ncnc3cc4[nH]ncc4cc23)c1,IC50,0.44,1
EGFR,CHEMBL203,CHEMBL40734,Brc1cccc(Nc2ncnc3cc4[nH]ccc4cc23)c1,IC50,0.44,1
EGFR,CHEMBL203,CHEMBL39811,CN(C)CCN(C)Cc1c[nH]c2cc3ncnc(Nc4cccc(Br)c4)c3cc12,IC50,7.5,1
EGFR,CHEMBL203,CHEMBL36727,Cn1ccc2cc3c(Nc4cccc(Br)c4)ncnc3cc21,IC50,0.8,1
EGFR,CHEMBL203,CHEMBL39355,Brc1cccc(Nc2ncnc3cc4c(cnn4CCCN4CCOCC4)cc23)c1,IC50,8.8,1
EGFR,CHEMBL203,CHEMBL493428,CS(=O)(=O)CCNCCCCOc1ccc2ncnc(Nc3ccc4c(cnn4Cc4cccc(F)c4)c3)c2c1,IC50,24.0,1
EGFR,CHEMBL203,CHEMBL289959,c1ccc(Nc2ncnc3ccccc23)cc1,IC50,346.0,1
EGFR,CHEMBL203,CHEMBL14874,CN(CCCOc1ccc2ncnc(Nc3ccc(OCc4ccccc4)cc3)c2c1)CCS(C)(=O)=O,IC50,830.0,1
EGFR,CHEMBL203,CHEMBL416611,OCC(O)Cn1ccc2cc3c(Nc4cccc(Br)c4)ncnc3cc21,IC50,1.6,1
EGFR,CHEMBL203,CHEMBL36967,Brc1cccc(Nc2ncnc3cc4[nH]cc(CN5CCOCC5)c4cc23)c1,IC50,4.8,1
EGFR,CHEMBL203,CHEMBL36164,OCCN(CCO)Cc1c[nH]c2cc3ncnc(Nc4cccc(Br)c4)c3cc12,IC50,3.5,1
EGFR,CHEMBL203,CHEMBL1242973,COC(=O)[C@@]1(Cc2ccc(O)c(CC=C(C)C)c2)OC(=O)C(O)=C1c1ccc(O)cc1,IC50,590000.0,0
EGFR,CHEMBL203,CHEMBL280074,Cn1cnc2c(NCc3ccccc3)nc(NCCO)nc21,IC50,440000.0,0
EGFR,CHEMBL203,CHEMBL338448,CO[C@H]1[C@@H](N(C)C(=O)c2ccccc2)C[C@@H]2O[C@@]1(C)n1c3ccccc3c3c4c(c5c6ccccc6n2c5c31)C(=O)NC4,IC50,1900.0,0
EGFR,CHEMBL203,CHEMBL131715,CO[C@H]1[C@@H](N(C)C(=O)c2ccc(Cl)cc2)C[C@@H]2O[C@@]1(C)n1c3ccccc3c3c4c(c5c6ccccc6n2c5c31)C(=O)NC4,IC50,7000.0,0
EGFR,CHEMBL203,CHEMBL435809,CO[C@H]1[C@@H](N(C)C(=O)c2ccc(C(=O)O)cc2)C[C@@H]2O[C@@]1(C)n1c3ccccc3c3c4c(c5c6ccccc6n2c5c31)C(=O)NC4,IC50,110.0,1
EGFR,CHEMBL203,CHEMBL57323,Cc1cccc(C)c1-c1cc2cnc(N)nc2nc1NC(=O)NC(C)(C)C,IC50,610.0,1
EGFR,CHEMBL203,CHEMBL57347,CN1CCN(CCCNc2ncc3cc(-c4c(Cl)cccc4Cl)c(NC(=O)NC(C)(C)C)nc3n2)CC1,IC50,150.0,1
EGFR,CHEMBL203,CHEMBL75188,Cc1cc(C)c(C)c(-c2cc3cnc(NCCCN4CCN(C)CC4)nc3nc2NC(=O)NC(C)(C)C)c1C,IC50,7000.0,0
EGFR,CHEMBL203,CHEMBL131020,CO[C@H]1[C@@H](N(C)S(C)(=O)=O)C[C@@H]2O[C@@]1(C)n1c3ccccc3c3c4c(c5c6ccccc6n2c5c31)C(=O)NC4,IC50,1100.0,0
EGFR,CHEMBL203,CHEMBL131590,CO[C@H]1[C@@H](N(C)C(=O)c2ccccc2Cl)C[C@@H]2O[C@@]1(C)n1c3ccccc3c3c4c(c5c6ccccc6n2c5c31)C(=O)NC4,IC50,4700.0,0
EGFR,CHEMBL203,CHEMBL160846,CS(=O)(=O)CCNc1nc(-c2ccc3ncnc(Nc4ccc(OCc5ccccc5)c(Cl)c4)c3c2)cs1,IC50,8.0,1
EGFR,CHEMBL203,CHEMBL26001,O=P(O)(O)C(O)c1ccc2ccccc2c1,IC50,250000.0,0
EGFR,CHEMBL203,CHEMBL444337,COC(=O)CN(C)[C@H]1C[C@@H]2O[C@](C)([C@H]1OC)n1c3ccccc3c3c4c(c5c6ccccc6n2c5c31)C(=O)NC4,IC50,1300.0,0
EGFR,CHEMBL203,CHEMBL422347,CS(=O)(=O)CCNc1nc(-c2ccc3ncnc(Nc4ccc(OCc5ccccc5)cc4)c3c2)cs1,IC50,82.0,1
EGFR,CHEMBL203,CHEMBL131426,CO[C@H]1[C@@H](N(C)CCC#N)C[C@@H]2O[C@@]1(C)n1c3ccccc3c3c4c(c5c6ccccc6n2c5c31)C(=O)NC4,IC50,1100.0,0
EGFR,CHEMBL203,CHEMBL160303,CS(=O)(=O)CCNc1nc(-c2ccc3ncnc(Nc4ccc5c(cnn5Cc5ccccc5)c4)c3c2)cs1,IC50,71.0,1
EGFR,CHEMBL203,CHEMBL338935,CO[C@H]1[C@@H](N(C)C(=O)CN)C[C@@H]2O[C@@]1(C)n1c3ccccc3c3c4c(c5c6ccccc6n2c5c31)C(=O)NC4,IC50,220.0,1
EGFR,CHEMBL203,CHEMBL269620,CS(=O)(=O)CCNc1nc(-c2ccc3ncnc(Nc4ccc(OCc5cccc(C(F)(F)F)c5)cc4)c3c2)cs1,IC50,540.0,1
EGFR,CHEMBL203,CHEMBL335012,CO[C@H]1[C@@H](N(C)C(=O)c2cccnc2)C[C@@H]2O[C@@]1(C)n1c3ccccc3c3c4c(c5c6ccccc6n2c5c31)C(=O)NC4,IC50,8180.0,0
EGFR,CHEMBL203,CHEMBL76599,CC(C)(C)NC(=O)Nc1nc2nc(N)ncc2cc1-c1ccccc1,IC50,5530.0,0
EGFR,CHEMBL203,CHEMBL299026,CCN(CC)CCCNc1ncc2cc(-c3c(Cl)cccc3Cl)c(NC(=O)NC(C)(C)C)nc2n1,IC50,6200.0,0
EGFR,CHEMBL203,CHEMBL132348,CO[C@H]1[C@@H](N(C)CC(=O)O)C[C@@H]2O[C@@]1(C)n1c3ccccc3c3c4c(c5c6ccccc6n2c5c31)C(=O)NC4,IC50,31.0,1
EGFR,CHEMBL203,CHEMBL132169,COc1ccc(C(=O)N(C)[C@H]2C[C@@H]3O[C@](C)([C@H]2OC)n2c4ccccc4c4c5c(c6c7ccccc7n3c6c42)C(=O)NC5)cc1,IC50,3600.0,0
EGFR,CHEMBL203,CHEMBL335648,CO[C@H]1[C@@H]([N+](C)(C)C)C[C@@H]2O[C@@]1(C)n1c3ccccc3c3c4c(c5c6ccccc6n2c5c31)C(=O)NC4,IC50,19.0,1
EGFR,CHEMBL203,CHEMBL155761,CS(=O)(=O)CCNc1nc(-c2ccc3ncnc(Nc4ccc(OCc5cccc(F)c5)c(Cl)c4)c3c2)cs1,IC50,10.0,1
EGFR,CHEMBL203,CHEMBL45827,CCN(CC)CCCCNc1ncc2cc(-c3c(Cl)cccc3Cl)c(NC(=O)NC(C)(C)C)nc2n1,IC50,240.0,1
EGFR,CHEMBL203,CHEMBL335718,CCCCC(O)CN(C)[C@H]1C[C@@H]2O[C@](C)([C@H]1OC)n1c3ccccc3c3c4c(c5c6ccccc6n2c5c31)C(=O)NC4,IC50,1300.0,0
EGFR,CHEMBL203,CHEMBL130163,CO[C@H]1[C@@H](N(C)C(C)=O)C[C@@H]2O[C@@]1(C)n1c3ccccc3c3c4c(c5c6ccccc6n2c5c31)C(=O)NC4,IC50,2600.0,0
EGFR,CHEMBL203,CHEMBL335932,CO[C@H]1[C@@H](N(C)C(=O)C(F)(F)F)C[C@@H]2O[C@@]1(C)n1c3ccccc3c3c4c(c5c6ccccc6n2c5c31)C(=O)NC4,IC50,6400.0,0
EGFR,CHEMBL203,CHEMBL336192,COC(=O)c1ccc(C(=O)N(C)[C@H]2C[C@@H]3O[C@](C)([C@H]2OC)n2c4ccccc4c4c5c(c6c7ccccc7n3c6c42)C(=O)NC5)cc1,IC50,7400.0,0
EGFR,CHEMBL203,CHEMBL157084,CS(=O)(=O)CCNc1nc(-c2ccc3ncnc(Nc4ccc(F)c(Cl)c4)c3c2)cs1,IC50,35.0,1
EGFR,CHEMBL203,CHEMBL388978,CN[C@@H]1C[C@H]2O[C@@](C)([C@@H]1OC)n1c3ccccc3c3c4c(c5c6ccccc6n2c5c31)C(=O)NC4,IC50,100.0,1
EGFR,CHEMBL203,CHEMBL129946,CCN(C)[C@H]1C[C@@H]2O[C@](C)([C@H]1OC)n1c3ccccc3c3c4c(c5c6ccccc6n2c5c31)C(=O)NC4,IC50,330.0,1
EGFR,CHEMBL203,CHEMBL337027,CO[C@H]1[C@@H](N(C)C(=O)CCC(=O)O)C[C@@H]2O[C@@]1(C)n1c3ccccc3c3c4c(c5c6ccccc6n2c5c31)C(=O)NC4,IC50,160.0,1
EGFR,CHEMBL203,CHEMBL338449,CO[C@H]1[C@@H](N(C)C(=O)OC(C)(C)C)C[C@@H]2O[C@@]1(C)n1c3ccccc3c3c4c(c5c6ccccc6n2c5c31)C(=O)NC4,IC50,13500.0,0
EGFR,CHEMBL203,CHEMBL130049,COC(=O)N(C)[C@H]1C[C@@H]2O[C@](C)([C@H]1OC)n1c3ccccc3c3c4c(c5c6ccccc6n2c5c31)C(=O)NC4,IC50,2400.0,0
EGFR,CHEMBL203,CHEMBL56236,Cc1cc(C)c(C)c(-c2cc3cnc(N)nc3nc2NC(=O)NC(C)(C)C)c1C,IC50,6680.0,0
EGFR,CHEMBL203,CHEMBL335931,CO[C@H]1[C@@H](N(C)C(=O)CNC(=O)OC(C)(C)C)C[C@@H]2O[C@@]1(C)n1c3ccccc3c3c4c(c5c6ccccc6n2c5c31)C(=O)NC4,IC50,3500.0,0
EGFR,CHEMBL203,CHEMBL337026,CN[C@H]1C[C@@H]2O[C@](C)([C@H]1OC)n1c3ccccc3c3c4c(c5c6ccccc6n2c5c31)C(=O)NC4=O,IC50,200.0,1
EGFR,CHEMBL203,CHEMBL340611,CC[N+](C)(C)[C@H]1C[C@@H]2O[C@](C)([C@H]1OC)n1c3ccccc3c3c4c(c5c6ccccc6n2c5c31)C(=O)NC4,IC50,43.0,1
EGFR,CHEMBL203,CHEMBL338944,CO[C@H]1[C@@H](N(C)C(=O)c2cccc(Cl)c2)C[C@@H]2O[C@@]1(C)n1c3ccccc3c3c4c(c5c6ccccc6n2c5c31)C(=O)NC4,IC50,4600.0,0
EGFR,CHEMBL203,CHEMBL57366,CC(C)(C)NC(=O)Nc1nc2nc(N)ncc2cc1-c1c(Cl)cccc1Cl,IC50,450.0,1
EGFR,CHEMBL203,CHEMBL337297,CO[C@H]1[C@@H](N(C)C(=O)c2cnccn2)C[C@@H]2O[C@@]1(C)n1c3ccccc3c3c4c(c5c6ccccc6n2c5c31)C(=O)NC4,IC50,8180.0,0
EGFR,CHEMBL203,CHEMBL338049,CN[C@H]1C[C@@H]2O[C@](C)([C@H]1OC)n1c3ccccc3c3c4c(c5c6ccccc6n2c5c31)C(=O)N[C@@H]4O,IC50,17.0,1
EGFR,CHEMBL203,CHEMBL432738,CCNC(=O)Nc1nc2nc(N)ncc2cc1-c1c(Cl)cccc1Cl,IC50,1360.0,0
EGFR,CHEMBL203,CHEMBL131193,CO[C@H]1[C@@H](N(C)Cc2ccccc2)C[C@@H]2O[C@@]1(C)n1c3ccccc3c3c4c(c5c6ccccc6n2c5c31)C(=O)NC4,IC50,910.0,1
EGFR,CHEMBL203,CHEMBL337035,CNC(=S)N(C)[C@H]1C[C@@H]2O[C@](C)([C@H]1OC)n1c3ccccc3c3c4c(c5c6ccccc6n2c5c31)C(=O)NC4,IC50,12500.0,0
EGFR,CHEMBL203,CHEMBL338155,CN[C@H]1C[C@@H]2O[C@](C)([C@H]1OC)n1c3ccccc3c3c4c(c5c6ccccc6n2c5c31)[C@H](O)NC4=O,IC50,260.0,1
EGFR,CHEMBL203,CHEMBL301483,CCNC(=O)Nc1nc2nc(NCCCCN(CC)CC)ncc2cc1-c1c(Cl)cccc1Cl,IC50,1260.0,0
EGFR,CHEMBL203,CHEMBL130208,CO[C@H]1[C@@H](N(C)C(=O)c2cccc([N+](=O)[O-])c2)C[C@@H]2O[C@@]1(C)n1c3ccccc3c3c4c(c5c6ccccc6n2c5c31)C(=O)NC4,IC50,4800.0,0
EGFR,CHEMBL203,CHEMBL55993,Cc1cc(C)c(C(=O)/C(C#N)=C/c2ccc(O)c(O)c2)c(C)c1,IC50,19054.61,0
EGFR,CHEMBL203,CHEMBL55360,Cc1cccc(C)c1NC(=O)/C(C#N)=C/c1ccc(O)c(O)c1,IC50,10232.93,0
EGFR,CHEMBL203,CHEMBL56731,N#C/C(=C\c1ccc(O)c(O)c1)C(=O)Nc1ccccc1,IC50,1258.93,0
EGFR,CHEMBL203,CHEMBL333454,COc1cc(/C=C(\C#N)C(N)=O)cc(CSc2ccc(C)cc2)c1O,IC50,1737.8,0
EGFR,CHEMBL203,CHEMBL122522,COc1cc(C=C(C#N)C#N)cc(CSc2ccccc2)c1O,IC50,6760.83,0
EGFR,CHEMBL203,CHEMBL56219,N#C/C(=C\c1ccc(O)c(O)c1)C(=O)Nc1ccccc1Cl,IC50,2089.3,0
EGFR,CHEMBL203,CHEMBL118205,COc1cc(/C=C(\C#N)C(N)=O)cc(CSc2nc3ccccc3o2)c1O,IC50,5248.07,0
EGFR,CHEMBL203,CHEMBL2448064,COc1cc2c(Nc3ccc(Cl)cc3F)ncnc2cc1OCC1CCNCC1.Cl,IC50,300.0,1
EGFR,CHEMBL203,CHEMBL25579,COc1cc2c(Nc3ccc(Cl)cc3F)ncnc2cc1OCCN(C)c1ccncc1,IC50,300.0,1
EGFR,CHEMBL203,CHEMBL24026,COc1cc2c(Nc3ccc(C#N)cc3F)ncnc2cc1OC/C=C/CN1CCCC1,IC50,800.0,1
EGFR,CHEMBL203,CHEMBL116595,COc1cc(/C=C(\C#N)C(N)=O)cc(CSc2ccccc2)c1O,IC50,398.11,1
EGFR,CHEMBL203,CHEMBL324030,COc1cc(/C=C(\C#N)C(N)=O)cc(CSC2=NCCS2)c1O,IC50,8709.64,0
EGFR,CHEMBL203,CHEMBL417941,N#C/C(=C\c1ccc(O)c(O)c1)C(=O)NC1CCCCC1,IC50,5888.44,0
EGFR,CHEMBL203,CHEMBL326100,COc1cc(/C=C(\C#N)C(N)=O)cc(CSCc2ccccc2Cl)c1O,IC50,1000.0,0
EGFR,CHEMBL203,CHEMBL56542,N#C/C(=C\c1ccc(O)c(O)c1)C(=O)N1CCc2ccccc21,IC50,12022.64,0
EGFR,CHEMBL203,CHEMBL293749,N#C/C(=C\c1ccc(O)c(O)c1)C(=O)NCCc1ccccc1,IC50,616.6,1
EGFR,CHEMBL203,CHEMBL143212,COc1cc(/C=C(\C#N)C(N)=O)cc(CSc2cccc3ccccc23)c1O,IC50,1698.24,0
EGFR,CHEMBL203,CHEMBL135861,CNC(=O)c1c([Se][Se]c2[nH]c3ccccc3c2C(=O)NC)[nH]c2ccccc12,IC50,13000.0,0
EGFR,CHEMBL203,CHEMBL440298,N#C/C(=C\c1ccc(O)c(O)c1)C(=O)NCCCCc1ccccc1,IC50,5011.87,0
EGFR,CHEMBL203,CHEMBL428534,COc1cc2c(Nc3ccc(C)cc3F)ncnc2cc1OCC1CCNCC1,IC50,500.0,1
EGFR,CHEMBL203,CHEMBL326318,COc1cc(/C=C(\C#N)C(N)=O)cc(CSCc2ccccc2)c1O,IC50,891.25,1
EGFR,CHEMBL203,CHEMBL1161234,COc1cc(/C=C(\C#N)C(N)=O)cc(SCCCC(=O)O)c1O,IC50,47863.01,0
EGFR,CHEMBL203,CHEMBL281872,COc1cc2c(Nc3ccc(Br)cc3F)ncnc2cc1OCCn1ccnn1,IC50,400.0,1
EGFR,CHEMBL203,CHEMBL281990,COc1cc2c(Nc3ccc(C)cc3F)ncnc2cc1OCC1CCN(C)CC1,IC50,1000.0,0
EGFR,CHEMBL203,CHEMBL422758,COc1cc2c(Nc3c(F)cc(Cl)cc3F)ncnc2cc1OCC1CCN(C)CC1,IC50,450.0,1
EGFR,CHEMBL203,CHEMBL25450,COc1cc2c(Nc3c(F)cc(Cl)cc3F)ncnc2cc1OCC1CCNCC1,IC50,500.0,1
EGFR,CHEMBL203,CHEMBL1907763,COc1cc2c(Nc3ccc(Cl)cc3F)ncnc2cc1OC[C@@H]1CCCN(C)C1,IC50,100.0,1
EGFR,CHEMBL203,CHEMBL24137,COc1cc2c(Nc3ccc(Cl)cc3F)ncnc2cc1OCCCN1CCOCC1,IC50,100.0,1
EGFR,CHEMBL203,CHEMBL263666,CCN(CC)CCNC(=O)c1c([Se][Se]c2c(C(=O)NCCN(CC)CC)c3ccccc3n2C)n(C)c2ccccc12,IC50,4700.0,0
EGFR,CHEMBL203,CHEMBL116423,Cc1cc(C=C(C#N)C#N)cc(O)c1O,IC50,61659.5,0
EGFR,CHEMBL203,CHEMBL24828,COc1cc2/c(=N/c3ccc(Br)cc3F)nc[nH]c2cc1OCC1CCN(C)CC1,IC50,200.0,1
EGFR,CHEMBL203,CHEMBL56319,CCOC(=O)C(Cc1ccccc1)NC(=O)/C(C#N)=C/c1ccc(O)c(O)c1,IC50,48977.88,0
EGFR,CHEMBL203,CHEMBL53898,N#C/C(=C\c1ccc(O)c(O)c1)C(=O)NCCCc1ccccc1,IC50,707.95,1
EGFR,CHEMBL203,CHEMBL56393,N#C/C(=C\c1ccc(O)c(O)c1)C(=O)c1ccc(O)c(O)c1,IC50,5011.87,0
EGFR,CHEMBL203,CHEMBL1161236,COc1cc(C=C(C#N)C#N)cc(SCC(=O)O)c1O,IC50,53703.18,0
EGFR,CHEMBL203,CHEMBL143805,N#C/C(=C\c1ccc(O)c(O)c1)C(=O)NCc1ccc(O)cc1,IC50,3019.95,0
EGFR,CHEMBL203,CHEMBL1744349,COc1cc2c(Nc3ccc(Cl)cc3F)ncnc2cc1OC/C=C/CN1CCCC1.Cl,IC50,90.0,1
EGFR,CHEMBL203,CHEMBL24979,COc1cc2c(Nc3ccc(Br)cc3F)ncnc2cc1OCCC1CCN(C)CC1,IC50,200.0,1
EGFR,CHEMBL203,CHEMBL2448065,COc1cc2c(Nc3ccc(Cl)cc3F)ncnc2cc1OCC1CCN(C)CC1.Cl,IC50,300.0,1
EGFR,CHEMBL203,CHEMBL63356,Oc1cc2cc(-c3cccnc3)cnc2cc1O,IC50,500.0,1
EGFR,CHEMBL203,CHEMBL1907764,COc1cc2c(Nc3ccc(Br)cc3F)ncnc2cc1OC[C@@H]1CCCN(C)C1,IC50,200.0,1
EGFR,CHEMBL203,CHEMBL118321,COc1cc(C=C(C#N)C#N)cc(CSc2ccccc2C(=O)O)c1O,IC50,7943.28,0
EGFR,CHEMBL203,CHEMBL115895,COc1cc(/C=C(\C#N)C(N)=O)cc(CSc2ccccc2NC(C)=O)c1O,IC50,21877.62,0
EGFR,CHEMBL203,CHEMBL283088,COc1cc2c(Nc3ccc(Cl)cc3F)ncnc2cc1OCCN1CCN(C)CC1,IC50,200.0,1
EGFR,CHEMBL203,CHEMBL2448067,COc1cc2c(Nc3ccc(Cl)cc3F)ncnc2cc1OCCCN1CCCC1.Cl,IC50,100.0,1
EGFR,CHEMBL203,CHEMBL77278,Cc1ccc(/C=C(\C#N)C(=O)O)cc1,Ki,1350000.0,0
EGFR,CHEMBL203,CHEMBL77436,CN(C)c1ccc(/C=C(\C#N)C(=O)O)cc1,Ki,1400000.0,0
EGFR,CHEMBL203,CHEMBL342929,CNC(=O)c1c(SSc2c(C(=O)NC)c3ccccc3n2C)n(C)c2ccccc12,Ki,2300.0,0
EGFR,CHEMBL203,CHEMBL137422,CNC(=O)c1c([Se][Se]c2c(C(=O)NC)c3ccccc3n2C)n(C)c2ccccc12,Ki,3100.0,0
EGFR,CHEMBL203,CHEMBL336174,NC(Cc1c(SSc2[nH]c3ccccc3c2CC(N)C(=O)NCc2ccccc2)[nH]c2ccccc12)C(=O)NCc1ccccc1,Ki,19400.0,0
EGFR,CHEMBL203,CHEMBL336409,N[C@H](Cc1c([Se][Se]c2[nH]c3ccccc3c2C[C@H](N)C(=O)NCc2ccccc2)[nH]c2ccccc12)C(=O)NCc1ccccc1,Ki,2700.0,0
EGFR,CHEMBL203,CHEMBL248044,COc1cc2ncc(C#N)c(N[C@@H]3C[C@H]3c3ccccc3)c2cc1OC,Ki,24.0,1
EGFR,CHEMBL203,CHEMBL246419,COc1cc2ncc(C#N)c(N[C@@H]3C[C@H]3c3ccccc3F)c2cc1OC,Ki,36.0,1
EGFR,CHEMBL203,CHEMBL248425,COc1cc2ncc(C#N)c(N[C@@H]3C[C@H]3c3cccc(Br)c3)c2cc1OC,Ki,52.0,1
EGFR,CHEMBL203,CHEMBL400742,COc1cc2ncc(C#N)c(N[C@@H]3C[C@H]3c3ccc(Br)cc3)c2cc1OC,Ki,220.0,1
EGFR,CHEMBL203,CHEMBL245996,COc1cc2ncc(C#N)c(N[C@@H]3C[C@H]3c3ccc(Oc4ccccc4)cc3)c2cc1OC,Ki,80.0,1
EGFR,CHEMBL203,CHEMBL247196,COc1cc2ncc(C#N)c(N[C@@H]3C[C@H]3c3ccc(Cl)cc3)c2cc1OC,Ki,44.0,1
EGFR,CHEMBL203,CHEMBL399438,N#Cc1cnc2cc(-c3ccc(CN4CCOCC4)cc3)ccc2c1N[C@@H]1C[C@H]1c1ccccc1,Ki,80.0,1
EGFR,CHEMBL203,CHEMBL247024,N#Cc1cnc2ccc(-c3ccc(CN4CCOCC4)cc3)cc2c1N[C@@H]1C[C@H]1c1ccccc1,Ki,400.0,1
EGFR,CHEMBL203,CHEMBL245800,N#Cc1cnc2ccc(-c3ccc(CN)cc3)cc2c1N[C@@H]1C[C@H]1c1ccccc1,Ki,40.0,1
EGFR,CHEMBL203,CHEMBL245799,N#Cc1cnc2ccc(-c3cccc(CN4CCOCC4)c3)cc2c1N[C@@H]1C[C@H]1c1ccccc1,Ki,340.0,1
EGFR,CHEMBL203,CHEMBL245798,COc1cc2c(N[C@@H]3C[C@H]3c3ccccc3)c(C#N)cnc2cc1OC1CCN(C)CC1,Ki,360.0,1
EGFR,CHEMBL203,CHEMBL248393,COc1cc2c(N[C@@H]3C[C@H]3c3ccccc3)c(C#N)cnc2cc1OCCCN1CCN(C)CC1,Ki,3.0,1
EGFR,CHEMBL203,CHEMBL248392,COc1cc2c(N[C@@H]3C[C@H]3c3ccccc3)c(C#N)cnc2cc1OCCCN1CCOCC1,Ki,8.4,1
EGFR,CHEMBL203,CHEMBL401251,COCCOc1cc2ncc(C#N)c(N[C@@H]3C[C@H]3c3ccccc3)c2cc1OC,Ki,60.0,1
EGFR,CHEMBL203,CHEMBL248391,COc1cc2c(N[C@@H]3C[C@H]3c3ccccc3)c(C#N)cnc2cc1OCCCc1cccnc1,Ki,220.0,1
EGFR,CHEMBL203,CHEMBL248222,COc1cc2ncc(C#N)c(N[C@@H]3C[C@H]3c3ccccc3)c2cc1OCCCc1cccnc1,Ki,68.0,1
EGFR,CHEMBL203,CHEMBL248221,COc1cc2ncc(C#N)c(N[C@@H]3C[C@H]3c3ccccc3)c2cc1OCCCN1CCOCC1,Ki,52.0,1
EGFR,CHEMBL203,CHEMBL401054,COc1cc2ncc(C#N)c(N[C@@H]3C[C@H]3c3ccccc3)c2cc1OCCN1CCOCC1,Ki,64.0,1
EGFR,CHEMBL203,CHEMBL248220,COc1cc2ncc(C#N)c(N[C@@H]3C[C@H]3c3ccccc3)c2cc1OCc1ccccc1,Ki,120.0,1
EGFR,CHEMBL203,CHEMBL401644,COc1ccc2ncc(C#N)c(N[C@@H]3C[C@H]3c3ccccc3)c2c1,Ki,360.0,1
EGFR,CHEMBL203,CHEMBL248045,COc1ccc2c(N[C@@H]3C[C@H]3c3ccccc3)c(C#N)cnc2c1,Ki,180.0,1
EGFR,CHEMBL203,CHEMBL257411,C[C@@H](Oc1cccc2ncnc(Nc3ccc4c(cnn4Cc4nccs4)c3)c12)C(=O)N1CCOCC1,Ki,1.6,1
EGFR,CHEMBL203,CHEMBL2372245,CC(C)C[C@H](NC(=O)[C@H](CCCNC(=N)N)NC(=O)[C@@H](N)CCCNC(=N)N)C(=O)N[C@@H](CCC(=O)O)C(=O)N[C@@H](CCC(=O)O)C(=O)N[C@@H](CCC(=O)O)C(=O)N[C@@H](CCC(=O)O)C(=O)N[C@@H](CCC(=O)O)C(=O)N[C@@H](C)C(=O)N[C@@H](Cc1c(F)c(F)c(O)c(F)c1F)C(=O)NCC(=O)O,Ki,20000.0,0
EGFR,CHEMBL203,CHEMBL1290177,Clc1ccc(CNc2ccnc3oc4ccccc4c23)cc1,Ki,500.0,1
EGFR,CHEMBL203,CHEMBL1290072,COc1ccc(CNc2ccnc3oc4ccccc4c23)cc1,Ki,400.0,1
EGFR,CHEMBL203,CHEMBL1290071,c1ccc2c(CNc3ccnc4oc5ccccc5c34)cccc2c1,Ki,680.0,1
EGFR,CHEMBL203,CHEMBL1289977,c1ccc(CCNc2ccnc3oc4ccccc4c23)cc1,Ki,3450.0,0
EGFR,CHEMBL203,CHEMBL1289976,c1ccc(CNc2ccnc3oc4ccccc4c23)cc1,Ki,590.0,1
EGFR,CHEMBL203,CHEMBL1682557,CN(C)CCn1cnc(-c2ccc(F)cc2)c1-c1ccc2[nH]ncc2c1,Ki,67.0,1
EGFR,CHEMBL203,CHEMBL1682558,Fc1ccc(-c2ncn(CCN3CCOCC3)c2-c2ccc3[nH]ncc3c2)cc1,Ki,17.0,1
EGFR,CHEMBL203,CHEMBL1682559,Fc1ccc(-c2ncn(CCCN3CCOCC3)c2-c2ccc3[nH]ncc3c2)cc1,Ki,27.0,1
EGFR,CHEMBL203,CHEMBL1682560,Fc1ccc(-c2ncn(C3CCN(Cc4ccccc4)C3)c2-c2ccc3[nH]ncc3c2)cc1,Ki,8.0,1
EGFR,CHEMBL203,CHEMBL1090356,O=C(Cc1ccccc1)Nc1cccc(-c2nc3sccn3c2-c2ccnc(Nc3ccc(N4CCOCC4)cc3)n2)c1,Ki,31.62,1
EGFR,CHEMBL203,CHEMBL306380,Cc1ccc(-c2nn(C(C)(C)C)c3ncnc(N)c23)cc1,Ki,199.53,1
EGFR,CHEMBL203,CHEMBL2163772,Oc1ccc2oc3ncc(O)c(-c4ccccc4)c3c2c1,Ki,296000.0,0
EGFR,CHEMBL203,CHEMBL2170582,CNC(=O)COc1cccc(Nc2ncc(F)c(Nc3ccc4c(c3)NC(=O)C(F)(F)O4)n2)c1,Ki,35.0,1
EGFR,CHEMBL203,CHEMBL2437291,Cc1ccc(-c2csc(=N)n2CC(=O)N2CCN(c3ccccc3)CC2)cc1,Ki,2970.0,0
EGFR,CHEMBL203,CHEMBL2437292,N=c1scc(-c2ccc(Cl)cc2)n1CC(=O)N1CCN(c2ccccc2)CC1,Ki,5820.0,0
EGFR,CHEMBL203,CHEMBL2437293,N=c1scc(-c2ccccc2)n1CC(=O)N1CCN(c2ccccc2)CC1,Ki,4680.0,0
EGFR,CHEMBL203,CHEMBL2437294,CC(=O)N1CCN(C(=O)Cn2c(-c3ccc(C)cc3)csc2=N)CC1,Ki,6090.0,0
EGFR,CHEMBL203,CHEMBL2437295,CC(=O)N1CCN(C(=O)Cn2c(-c3ccc(Cl)cc3)csc2=N)CC1,Ki,8580.0,0
EGFR,CHEMBL203,CHEMBL2437297,CC(=O)N1CCN(C(=O)Cn2c(-c3ccccc3)csc2=N)CC1,Ki,16770.0,0
EGFR,CHEMBL203,CHEMBL2437296,Cc1ccc(-c2csc(=N)n2CC(=O)N2CCN(C)CC2)cc1,Ki,27400.0,0
EGFR,CHEMBL203,CHEMBL2437298,CN1CCN(C(=O)Cn2c(-c3ccc(Cl)cc3)csc2=N)CC1,Ki,15650.0,0
EGFR,CHEMBL203,CHEMBL2437300,CN1CCN(C(=O)Cn2c(-c3ccccc3)csc2=N)CC1,Ki,41580.0,0
EGFR,CHEMBL203,CHEMBL2437299,Cc1ccc(-c2csc(=N)n2CC(=O)N2CCOCC2)cc1,Ki,22940.0,0
EGFR,CHEMBL203,CHEMBL2437302,N=c1scc(-c2ccc(Cl)cc2)n1CC(=O)N1CCOCC1,Ki,6640.0,0
EGFR,CHEMBL203,CHEMBL2437301,N=c1scc(-c2ccccc2)n1CC(=O)N1CCOCC1,Ki,55290.0,0
EGFR,CHEMBL203,CHEMBL3354195,COC1CCN(c2nccc(Nc3cc4c(ccc(=O)n4C(C)C)cn3)n2)CC1,Ki,1500.0,0
EGFR,CHEMBL203,CHEMBL3354193,COC1CCN(c2nccc(Nc3cc4c(cn3)[nH]c(=O)n4C(C)C)n2)CC1,Ki,1900.0,0
EGFR,CHEMBL203,CHEMBL3354192,COC1CCN(c2nccc(Nc3cc4c(C(C)C)n[nH]c4cn3)n2)CC1,Ki,611.0,1
EGFR,CHEMBL203,CHEMBL3354191,COC1CCN(c2nccc(Nc3cc4c(cn3)c(N)nn4C(C)C)n2)CC1,Ki,317.0,1
EGFR,CHEMBL203,CHEMBL3354190,COC1CCN(c2nccc(Nc3cc4c(cn3)ncn4C(C)C)n2)CC1,Ki,559.0,1
EGFR,CHEMBL203,CHEMBL3354189,COC1CCN(c2nccc(Nc3cc4c(ccn4C4CCCC4)cn3)n2)CC1,Ki,553.0,1
EGFR,CHEMBL203,CHEMBL3354188,COC1CCN(c2nccc(Nc3cc4c(ccn4C(C)C)cn3)n2)CC1,Ki,1100.0,0
EGFR,CHEMBL203,CHEMBL3352835,COC1CCN(c2nccc(Nc3cc(NC(=O)c4c(Cl)cccc4Cl)ccn3)n2)CC1,Ki,743.0,1
EGFR,CHEMBL203,CHEMBL3354184,O=C(Nc1ccnc(Nc2ccnc(N3CCC(O)CC3)n2)c1)c1c(Cl)cccc1Cl,Ki,716.0,1
EGFR,CHEMBL203,CHEMBL3354183,Cc1cc(Nc2cc(NC(=O)c3c(Cl)cccc3Cl)ccn2)nc(N[C@@H](C)CO)n1,Ki,101.0,1
EGFR,CHEMBL203,CHEMBL3354194,COC1CCN(c2nccc(Nc3cc4c(cn3)CCN4C(C)C)n2)CC1,Ki,1500.0,0
EGFR,CHEMBL203,CHEMBL3354187,COC1CCN(c2nccc(Nc3cc4c(cn3)cc(-c3cn[nH]c3)n4C(C)C)n2)CC1,Ki,367.0,1
EGFR,CHEMBL203,CHEMBL3354186,COC1CCN(c2nccc(Nc3cc4[nH]c(-c5cn[nH]c5)cc4cn3)n2)CC1,Ki,114.0,1
EGFR,CHEMBL203,CHEMBL3354185,COC1CCN(c2nccc(Nc3cc4[nH]c(-c5cn[nH]c5)nc4cn3)n2)CC1,Ki,51.0,1
EGFR,CHEMBL203,CHEMBL3604921,C=CC(=O)Nc1cccc(Oc2nc(Nc3cc(C)[nH]n3)cc(N3CCN(C)CC3)n2)c1,Ki,70.2,1
EGFR,CHEMBL203,CHEMBL3604937,C=CC(=O)Nc1cccc(Oc2nc(Nc3n[nH]c4ccccc34)cc(N3CCN(C)CC3)n2)c1,Ki,833.0,1
EGFR,CHEMBL203,CHEMBL3604943,C=CC(=O)Nc1cc(Nc2nccc(-c3cn(C)c4ccccc34)n2)c(OC)cc1N1CCN(C)CC1,Ki,1.58,1
EGFR,CHEMBL203,CHEMBL3545308,C=CC(=O)Nc1cccc(Nc2nc(Nc3ccc(N4CCN(C(C)=O)CC4)cc3OC)ncc2C(F)(F)F)c1,Ki,1.75,1
EGFR,CHEMBL203,CHEMBL3734825,COC1CCN(c2nccc(Nc3cc4c(cn3)ncn4C3CCCC3)n2)CC1,Ki,20.0,1
EGFR,CHEMBL203,CHEMBL3735952,COC1CCN(c2nccc(Nc3cc4[nH]cnc4cn3)n2)CC1,Ki,329.0,1
EGFR,CHEMBL203,CHEMBL3736094,CCn1cnc2cnc(Nc3ccnc(N4CCC(OC)CC4)n3)cc21,Ki,201.0,1
EGFR,CHEMBL203,CHEMBL3736178,COC1CCN(c2nccc(Nc3cc4c(cn3)ncn4C3CC3)n2)CC1,Ki,87.0,1
EGFR,CHEMBL203,CHEMBL3736409,COC1CCN(c2nccc(Nc3cc4c(cn3)ncn4C3CCC3)n2)CC1,Ki,48.0,1
EGFR,CHEMBL203,CHEMBL3735250,CCC(C)n1cnc2cnc(Nc3ccnc(N4CCC(OC)CC4)n3)cc21,Ki,14.0,1
EGFR,CHEMBL203,CHEMBL3734928,COC1CCN(c2nccc(Nc3cc4c(cn3)ncn4C3CCOC3)n2)CC1,Ki,149.0,1
EGFR,CHEMBL203,CHEMBL3736254,COC1CCN(c2nccc(Nc3cc4c(cn3)ncn4CC(F)(F)F)n2)CC1,Ki,71.0,1
EGFR,CHEMBL203,CHEMBL3735335,COC1CCN(c2nccc(Nc3cc4c(cn3)ncn4C3CCCCC3)n2)CC1,Ki,18.0,1
EGFR,CHEMBL203,CHEMBL3735725,COC1CCN(c2nccc(Nc3cc4c(cn3)ncn4C3CCOCC3)n2)CC1,Ki,76.0,1
EGFR,CHEMBL203,CHEMBL3736365,COC1CCN(c2nccc(Nc3cc4c(cn3)ncn4C(C)C(F)(F)F)n2)CC1,Ki,27.0,1
EGFR,CHEMBL203,CHEMBL3736508,COC1CCN(c2nccc(Nc3cc4c(cn3)nc(C)n4C(C)C)n2)CC1,Ki,19.0,1
EGFR,CHEMBL203,CHEMBL3735533,Cc1nc2cnc(Nc3ccnc(N4CCC(O)CC4)n3)cc2n1C(C)C,Ki,34.0,1
EGFR,CHEMBL203,CHEMBL3735045,Cc1nc2cnc(Nc3ccnc(N4CCC(S(C)(=O)=O)CC4)n3)cc2n1C(C)C,Ki,64.0,1
EGFR,CHEMBL203,CHEMBL3735410,CC(C)n1cnc2cnc(Nc3ccnc(N4CCC(C(N)=O)CC4)n3)cc21,Ki,151.0,1
EGFR,CHEMBL203,CHEMBL3735927,COC1(CN(C)C)CCN(c2nccc(Nc3cc4c(cn3)nc(C)n4C(C)C)n2)CC1,Ki,492.0,1
EGFR,CHEMBL203,CHEMBL3735848,COCC1(OC)CCN(c2nccc(Nc3cc4c(cn3)nc(C)n4C(C)C)n2)CC1,Ki,77.0,1
EGFR,CHEMBL203,CHEMBL3736395,COC1(CO)CCN(c2nccc(Nc3cc4c(cn3)nc(C)n4C(C)C)n2)CC1,Ki,24.0,1
EGFR,CHEMBL203,CHEMBL3736191,COC1(CCO)CCN(c2nccc(Nc3cc4c(cn3)nc(C)n4C(C)C)n2)CC1,Ki,50.0,1
EGFR,CHEMBL203,CHEMBL3736430,COC1(CCN)CCN(c2nccc(Nc3cc4c(cn3)nc(C)n4C(C)C)n2)CC1,Ki,28.0,1
EGFR,CHEMBL203,CHEMBL3735689,Cc1nc2cnc(Nc3ccnc(NCC(C)(C)C(N)=O)n3)cc2n1C(C)C,Ki,22.0,1
EGFR,CHEMBL203,CHEMBL3736480,Cc1nc2cnc(Nc3ccnc(SCC(C)(C)C(N)=O)n3)cc2n1C(C)C,Ki,658.0,1
EGFR,CHEMBL203,CHEMBL3735892,Cc1nc2cnc(Nc3ccnc(OCC(C)(C)C(N)=O)n3)cc2n1C(C)C,Ki,196.0,1
EGFR,CHEMBL203,CHEMBL3735638,Cc1nc2cnc(Nc3ccnc(N4CCC(C)(C(N)=O)C4)n3)cc2n1C(C)C,Ki,124.0,1
EGFR,CHEMBL203,CHEMBL3735559,Cc1nc2cnc(Nc3ccnc(/C=C/C(C)(C)C(N)=O)n3)cc2n1C(C)C,Ki,196.0,1
EGFR,CHEMBL203,CHEMBL3735782,Cc1nc2cnc(Nc3ccnc(NCC(C)(C)S(C)(=O)=O)n3)cc2n1C(C)C,Ki,38.0,1
EGFR,CHEMBL203,CHEMBL3736210,Cc1nc2cnc(Nc3ccnc(OCC(C)(C)S(C)(=O)=O)n3)cc2n1C(C)C,Ki,52.0,1
EGFR,CHEMBL203,CHEMBL3735157,Cc1nc2cnc(Nc3ccnc(/C=C/C(C)(C)O)n3)cc2n1C(C)C,Ki,323.0,1
EGFR,CHEMBL203,CHEMBL3734877,COC1CCN(c2nccc(Nc3cc4c(cn3)nc(CO)n4C(C)C)n2)CC1,Ki,19.0,1
EGFR,CHEMBL203,CHEMBL3736183,CO[C@H]1CCN(c2nccc(Nc3cc4c(cn3)nc(C)n4C(C)C)n2)C[C@H]1F,Ki,2.7,1
EGFR,CHEMBL203,CHEMBL3734933,CO[C@H]1CCN(c2nccc(Nc3cc4c(cn3)nc(CO)n4C(C)C)n2)C[C@H]1F,Ki,4.3,1
EGFR,CHEMBL203,CHEMBL3735958,Cc1nc2cnc(Nc3ccnc(N4CC[C@H](O)[C@H](F)C4)n3)cc2n1C(C)C,Ki,13.0,1
EGFR,CHEMBL203,CHEMBL3734934,CC(C)n1c(CO)nc2cnc(Nc3ccnc(N4CC[C@H](O)[C@H](F)C4)n3)cc21,Ki,16.0,1
EGFR,CHEMBL203,CHEMBL3735474,CO[C@H]1CCN(c2nccc(Nc3cc4c(cn3)nc(CO)n4C(C)C)n2)CC1(F)F,Ki,7.4,1
EGFR,CHEMBL203,CHEMBL3734786,Cc1nc2cnc(Nc3ccnc(N4CC[C@H](O)C(F)(F)C4)n3)cc2n1C(C)C,Ki,9.5,1
EGFR,CHEMBL203,CHEMBL3735740,CO[C@H]1CCN(c2nccc(Nc3cc4c(cn3)nc(C)n4C(C)C)n2)C[C@@H]1F,Ki,44.0,1
EGFR,CHEMBL203,CHEMBL3736181,CO[C@H]1CCN(c2nccc(Nc3cc4c(cn3)nc(CO)n4C(C)C)n2)C[C@@H]1F,Ki,57.0,1
EGFR,CHEMBL203,CHEMBL3736121,CO[C@H]1CCN(c2nccc(Nc3cc4c(cn3)nc([C@@H](C)O)n4[C@H](C)C(F)(F)F)n2)C[C@H]1F,Ki,1.1,1
EGFR,CHEMBL203,CHEMBL3734988,C[C@@H](O)c1nc2cnc(Nc3ccnc(N4CC[C@H](O)[C@H](F)C4)n3)cc2n1[C@H](C)C(F)(F)F,Ki,2.5,1
EGFR,CHEMBL203,CHEMBL3758502,CC1(C)OCc2c(Nc3n[nH]c4ccccc34)nc(-c3cn[nH]c3)nc21,Ki,2.0,1
EGFR,CHEMBL203,CHEMBL3759002,Cc1cc(Nc2nc(-c3cn[nH]c3)nc3c2COC3(C)C)n[nH]1,Ki,844.0,1
EGFR,CHEMBL203,CHEMBL3758646,CC1(C)OCc2c(Nc3n[nH]c(Cl)c3Cl)nc(-c3cn[nH]c3)nc21,Ki,389.0,1
EGFR,CHEMBL203,CHEMBL3758958,CC1(C)OCc2c(Nc3c[nH]c4ccccc34)nc(-c3cn[nH]c3)nc21,Ki,17.0,1
EGFR,CHEMBL203,CHEMBL3758954,CC1(C)OCc2c(Nc3nsc4ccccc34)nc(-c3cn[nH]c3)nc21,Ki,747.0,1
EGFR,CHEMBL203,CHEMBL3759615,CC1(C)OCc2c(Nc3n[nH]c4c(F)cccc34)nc(-c3cn[nH]c3)nc21,Ki,3.0,1
EGFR,CHEMBL203,CHEMBL3759499,CC1(C)OCc2c(Nc3n[nH]c4cc(F)ccc34)nc(-c3cn[nH]c3)nc21,Ki,2.0,1
EGFR,CHEMBL203,CHEMBL3758283,CC1(C)OCc2c(Nc3n[nH]c4ccc(F)cc34)nc(-c3cn[nH]c3)nc21,Ki,8.0,1
EGFR,CHEMBL203,CHEMBL3759935,CC1(C)OCc2c(Nc3n[nH]c4cccc(F)c34)nc(-c3cn[nH]c3)nc21,Ki,17.0,1
EGFR,CHEMBL203,CHEMBL3758948,CC1(C)OCc2c(Nc3n[nH]c4c(C(F)(F)F)cccc34)nc(-c3cn[nH]c3)nc21,Ki,134.0,1
EGFR,CHEMBL203,CHEMBL3758602,CC1(C)OCc2c(Nc3n[nH]c4c(Cl)cccc34)nc(-c3cn[nH]c3)nc21,Ki,2.0,1
EGFR,CHEMBL203,CHEMBL3758773,CC1(C)OCc2c(Nc3n[nH]c4cc(Cl)ccc34)nc(-c3cn[nH]c3)nc21,Ki,22.4,1
EGFR,CHEMBL203,CHEMBL3760072,CC1(C)OCc2c(Nc3n[nH]c4c(F)cc(F)cc34)nc(-c3cn[nH]c3)nc21,Ki,10.4,1
EGFR,CHEMBL203,CHEMBL3758700,CC1(C)OCc2c(Nc3n[nH]c4c(Cl)c(F)ccc34)nc(-c3cn[nH]c3)nc21,Ki,4.0,1
EGFR,CHEMBL203,CHEMBL3758862,CC1(C)OCc2c(Nc3n[nH]c4c(Cl)cc(F)cc34)nc(-c3cn[nH]c3)nc21,Ki,16.0,1
EGFR,CHEMBL203,CHEMBL3758830,Cn1nc(Nc2nc(-c3cn[nH]c3)nc3c2COC3(C)C)c2cccc(F)c21,Ki,57.0,1
EGFR,CHEMBL203,CHEMBL3758981,CN(c1nc(-c2cn[nH]c2)nc2c1COC2(C)C)c1n[nH]c2ccccc12,Ki,519.0,1
EGFR,CHEMBL203,CHEMBL3759442,CC1(C)OCc2c(Oc3n[nH]c4ccccc34)nc(-c3cn[nH]c3)nc21,Ki,85.0,1
EGFR,CHEMBL203,CHEMBL3759761,CC1(C)OCc2c(C(=O)c3n[nH]c4ccccc34)nc(-c3cn[nH]c3)nc21,Ki,104.0,1
EGFR,CHEMBL203,CHEMBL3759696,CC1(C)OCc2c(Nc3n[nH]c4ccccc34)nc(-c3c[nH]nn3)nc21,Ki,732.0,1
EGFR,CHEMBL203,CHEMBL3759135,CC1(C)OCc2c(Nc3n[nH]c4ccccc34)nc(-c3cscn3)nc21,Ki,5.6,1
EGFR,CHEMBL203,CHEMBL3760058,CC1(C)OCc2c(Nc3n[nH]c4ccccc34)nc(-c3cc[nH]n3)nc21,Ki,175.0,1
EGFR,CHEMBL203,CHEMBL3759096,Cn1nccc1-c1nc(Nc2n[nH]c3ccccc23)c2c(n1)C(C)(C)OC2,Ki,34.3,1
EGFR,CHEMBL203,CHEMBL3758739,CC1(C)OCc2c(Nc3n[nH]c4c(Cl)cccc34)nc(-c3cn[nH]c3C(F)F)nc21,Ki,9.0,1
EGFR,CHEMBL203,CHEMBL3353410,C=CC(=O)Nc1cc(Nc2nccc(-c3cn(C)c4ccccc34)n2)c(OC)cc1N(C)CCN(C)C,Ki,3.2,1
EGFR,CHEMBL203,CHEMBL3780175,COc1ccccc1Nc1cc[nH]c(=O)c1C(=O)Nc1ccc(N2CCS(=O)(=O)CC2)cc1,Ki,37.0,1
EGFR,CHEMBL203,CHEMBL3781805,COc1ccccc1Nc1cc[nH]c(=O)c1C(=O)Nc1ccc(N2CCC(C)CC2)cc1,Ki,625.0,1
EGFR,CHEMBL203,CHEMBL3779957,COc1ccccc1Nc1cc[nH]c(=O)c1C(=O)Nc1ccc(N2CCCN(C)CC2)cc1,Ki,12.0,1
EGFR,CHEMBL203,CHEMBL3781897,COc1ccccc1Nc1cc[nH]c(=O)c1C(=O)Nc1ccc(C2CCN(C)CC2)cc1,Ki,15.0,1
EGFR,CHEMBL203,CHEMBL3780563,COc1ccccc1Nc1cc[nH]c(=O)c1C(=O)Nc1ccc(CN2CCN(C)CC2)cc1,Ki,51.0,1
EGFR,CHEMBL203,CHEMBL3780841,COc1ccccc1Nc1cc[nH]c(=O)c1-c1nc2c(C(C)C)cccc2[nH]1,Ki,58.0,1
EGFR,CHEMBL203,CHEMBL3781817,CN(C)c1ccc(NC(=O)c2c(NCCc3cccc(Cl)c3)cc[nH]c2=O)cc1,Ki,290.0,1
EGFR,CHEMBL203,CHEMBL3780006,O=C(Nc1ccccc1)c1c(NCCc2cccc(Cl)c2)cc[nH]c1=O,Ki,330.0,1
EGFR,CHEMBL203,CHEMBL3780037,CN1CCN(c2ccc(NC(=O)c3c(NCCc4cccc(Cl)c4)cc[nH]c3=O)cc2)CC1,Ki,66.0,1
EGFR,CHEMBL203,CHEMBL3781676,CN1CCN(c2ccc(NC(=O)c3c(Nc4ccncc4N)cc[nH]c3=O)cc2)CC1,Ki,145.0,1
EGFR,CHEMBL203,CHEMBL3781993,CN1CCN(c2ccc(NC(=O)c3c(Nc4ccnc(N)n4)cc[nH]c3=O)cc2)CC1,Ki,4.0,1
EGFR,CHEMBL203,CHEMBL3781344,CN1CCN(c2ccc(NC(=O)c3c(Nc4ccncn4)cc[nH]c3=O)cc2)CC1,Ki,95.0,1
EGFR,CHEMBL203,CHEMBL3780404,COc1ccccc1Nc1cc[nH]c(=O)c1-c1nc2c(C(C)C)ccc(C)c2[nH]1,Ki,88.0,1
EGFR,CHEMBL203,CHEMBL3780509,CCc1cc(NC(=O)c2c(Nc3ccccc3OC)cc[nH]c2=O)ccc1N1CCN(C)CC1,Ki,31.0,1
EGFR,CHEMBL203,CHEMBL3780320,COc1ccccc1Nc1cc[nH]c(=O)c1C(=O)Nc1ccc(N2CCN(C)CC2)c(C)c1,Ki,26.0,1
EGFR,CHEMBL203,CHEMBL3781462,COc1ccccc1Nc1cc[nH]c(=O)c1C(=O)Nc1ccc(N2CCN(C)CC2)nc1,Ki,78.0,1
EGFR,CHEMBL203,CHEMBL3781433,CN1CCN(c2ccc(NC(=O)c3c(NC[C@@H](O)c4cccc(Cl)c4)cc[nH]c3=O)cc2)CC1,Ki,18.0,1
EGFR,CHEMBL203,CHEMBL3780553,CN1CCN(c2ccc(NC(=O)c3c(NCCc4ccc(Cl)cc4)cc[nH]c3=O)cc2)CC1,Ki,37.0,1
EGFR,CHEMBL203,CHEMBL3780109,CN1CCN(c2ccc(NC(=O)c3c(NCCc4ccccc4)cc[nH]c3=O)cc2)CC1,Ki,49.0,1
EGFR,CHEMBL203,CHEMBL3780709,CN1CCN(c2ccc(NC(=O)c3c(NCc4ccccc4)cc[nH]c3=O)cc2)CC1,Ki,349.0,1
EGFR,CHEMBL203,CHEMBL3780955,CN1CCN(c2ccc(NC(=O)c3c(Nc4ccccc4Cl)cc[nH]c3=O)cc2)CC1,Ki,1480.0,0
EGFR,CHEMBL203,CHEMBL3781439,CN1CCN(c2ccc(NC(=O)c3c(Nc4cccc(Cl)c4)cc[nH]c3=O)cc2)CC1,Ki,2520.0,0
EGFR,CHEMBL203,CHEMBL3780073,Cc1ccccc1Nc1cc[nH]c(=O)c1C(=O)Nc1ccc(N2CCN(C)CC2)cc1,Ki,2340.0,0
EGFR,CHEMBL203,CHEMBL3780090,COc1ccccc1Nc1cc[nH]c(=O)c1C(=O)Nc1ccc(N2CCN(C)CC2)cc1,Ki,1090.0,0
EGFR,CHEMBL203,CHEMBL3780484,CN1CCN(c2ccc(NC(=O)c3c(Nc4ccccc4)cc[nH]c3=O)cc2)CC1,Ki,144.0,1
EGFR,CHEMBL203,CHEMBL3780635,CN1CCN(c2ccc(NC(=O)c3c(N)cc[nH]c3=O)cc2)CC1,Ki,346.0,1
EGFR,CHEMBL203,CHEMBL3781338,CN1CCN(c2ccc(NC(=O)c3c(Nc4ccc(Cl)cc4)cc[nH]c3=O)cc2)CC1,Ki,629.0,1
EGFR,CHEMBL203,CHEMBL3781988,CN1CCN(c2ccc(NC(=O)c3c(Nc4ccccn4)cc[nH]c3=O)cc2)CC1,Ki,108.0,1
EGFR,CHEMBL203,CHEMBL3787662,C=CC(=O)Nc1cccc(Oc2nc(Nc3ccc(N4CCN(C)CC4)cc3)nc3[nH]ccc23)c1,Ki,2.0,1
EGFR,CHEMBL203,CHEMBL3786453,C=CC(=O)Nc1cccc(Oc2nc(Nc3ccn(C)n3)nc3[nH]ccc23)c1,Ki,14.0,1
EGFR,CHEMBL203,CHEMBL3786962,C=CC(=O)Nc1cccc(Oc2nc(Nc3cnn(C)c3)nc3[nH]ccc23)c1,Ki,3.0,1
EGFR,CHEMBL203,CHEMBL3787327,C=CC(=O)N1CC[C@@H](COc2nc(Nc3cnn(C)c3)nc3[nH]ccc23)C1,Ki,590.0,1
EGFR,CHEMBL203,CHEMBL3785393,C=CC(=O)N1C[C@H](COc2nc(Nc3cnn(C)c3)nc3[nH]ccc23)[C@@H](C(F)(F)F)C1,Ki,35.0,1
EGFR,CHEMBL203,CHEMBL3786858,C=CC(=O)N1CC[C@@H](COc2nc(Nc3cnn(C)c3)nc3[nH]cc(Cl)c23)C1,Ki,8.0,1
EGFR,CHEMBL203,CHEMBL3786802,C=CC(=O)N1C[C@H](COc2nc(Nc3cnn(C)c3)nc3[nH]cc(Cl)c23)[C@@H](C(F)(F)F)C1,Ki,3.0,1
EGFR,CHEMBL203,CHEMBL3787220,C=CC(=O)N1C[C@H](COc2nc(Nc3cnn(C)c3)nc3[nH]cc(Cl)c23)[C@@H](F)C1,Ki,3.0,1
EGFR,CHEMBL203,CHEMBL3786220,C=CC(=O)N1C[C@H](COc2nc(Nc3cnn(C)c3)nc3[nH]cc(Cl)c23)[C@@H](O)C1,Ki,8.0,1
EGFR,CHEMBL203,CHEMBL3786647,C=CC(=O)N1C[C@H](CO)[C@@H](COc2nc(Nc3cnn(C)c3)nc3[nH]cc(Cl)c23)C1,Ki,15.0,1
EGFR,CHEMBL203,CHEMBL3786523,C=CC(=O)N1C[C@H](COC)[C@@H](COc2nc(Nc3cnn(C)c3)nc3[nH]cc(Cl)c23)C1,Ki,4.0,1
EGFR,CHEMBL203,CHEMBL3787132,C=CC(=O)N1C[C@@H](COc2nc(Nc3cnn(C)c3)nc3[nH]cc(Cl)c23)[C@H](OC)C1,Ki,32.0,1
EGFR,CHEMBL203,CHEMBL3787386,C#CCOc1cc2ncnc(Nc3ccc(F)c(Cl)c3)c2cc1NC(=O)C=C,Ki,2.0,1
EGFR,CHEMBL203,CHEMBL3786812,C#CCCn1cc(Nc2nc(OC[C@H]3CN(C(=O)C=C)C[C@@H]3OC)c3c(Cl)c[nH]c3n2)cn1,Ki,10.0,1
EGFR,CHEMBL203,CHEMBL3786098,C=CC(=O)N1C[C@H](COc2nc(Nc3cnn(C)c3)nc3[nH]cc(Cl)c23)[C@@H](OC)C1,Ki,4.0,1
EGFR,CHEMBL203,CHEMBL3883534,C=CC(=O)Nc1cc2c(Nc3ccc(F)c(Cl)c3)ncnc2cc1OC,Ki,0.14,1
EGFR,CHEMBL203,CHEMBL4098444,C=CC(=O)Nc1cc(Nc2n[nH]c3cc(-c4cn(C)c5ccccc45)ccc23)c(OC)cc1N(C)CCN(C)C,Ki,57.0,1
EGFR,CHEMBL203,CHEMBL4068763,C=CC(=O)Nc1cc(Nc2n[nH]c3cc(Nc4cccc(F)c4)ccc23)c(OC)cc1N(C)CCN(C)C,Ki,3.9,1
EGFR,CHEMBL203,CHEMBL4089863,C=CC(=O)Nc1cc(Nc2n[nH]c3ccc(-c4ccc5ccccc5c4)cc23)c(OC)cc1N(C)CCN(C)C,Ki,105.0,1
EGFR,CHEMBL203,CHEMBL4071012,C=CC(=O)NCCSc1nc(-c2ccc(F)cc2)c(-c2ccnc(Nc3ccccc3)c2)[nH]1,Ki,0.38,1
EGFR,CHEMBL203,CHEMBL4098072,C=CC(=O)Nc1ccc(OC)c(Nc2cc(-c3[nH]c(SC)nc3-c3ccc(F)cc3)ccn2)c1,Ki,0.1,1
EGFR,CHEMBL203,CHEMBL4100860,C=CC(=O)Nc1ccc(OC)c(Nc2cc(-c3[nH]c(CCCO)nc3-c3ccc(F)cc3)ccn2)c1,Ki,0.03,1
EGFR,CHEMBL203,CHEMBL3715932,Nc1nc(NCc2ccccc2)c2c(n1)[nH]c1ccc(O)cc12,Ki,700.0,1
EGFR,CHEMBL203,CHEMBL4094157,Cc1cc2[nH]c3nc(N)nc(NCc4ccccc4)c3c2cc1O,Ki,640.0,1
EGFR,CHEMBL203,CHEMBL4073523,COc1cc2[nH]c3nc(N)nc(NCc4ccccc4)c3c2cc1O,Ki,610.0,1
EGFR,CHEMBL203,CHEMBL4069965,Nc1nc(NCc2ccccc2)c2c(n1)[nH]c1cc(Br)c(O)cc12,Ki,370.0,1
EGFR,CHEMBL203,CHEMBL4090945,Nc1nc(NCc2ccccc2)c2c(n1)[nH]c1cc(Cl)c(O)cc12,Ki,270.0,1
EGFR,CHEMBL203,CHEMBL4080640,Cc1ccc(CNc2nc(N)nc3[nH]c4ccc(O)cc4c23)cc1,Ki,90.0,1
EGFR,CHEMBL203,CHEMBL4098682,Cc1ccc(CNc2nc(N)nc3[nH]c4cc(C)c(O)cc4c23)cc1,Ki,5670.0,0
EGFR,CHEMBL203,CHEMBL4099589,COc1ccc(CNc2nc(N)nc3[nH]c4ccc(O)cc4c23)cc1,Ki,120.0,1
EGFR,CHEMBL203,CHEMBL4072687,COc1ccc(CNc2nc(N)nc3[nH]c4cc(C)c(O)cc4c23)cc1,Ki,5950.0,0
EGFR,CHEMBL203,CHEMBL4061297,Nc1nc(NCc2ccc(Cl)cc2)c2c(n1)[nH]c1ccc(O)cc12,Ki,80.0,1
EGFR,CHEMBL203,CHEMBL4083162,Cc1cc2[nH]c3nc(N)nc(NCc4ccc(Cl)cc4)c3c2cc1O,Ki,110.0,1
EGFR,CHEMBL203,CHEMBL4084090,COc1cccc(CNc2nc(N)nc3[nH]c4ccc(O)cc4c23)c1,Ki,1260.0,0
EGFR,CHEMBL203,CHEMBL4102074,COc1ccccc1CNc1nc(N)nc2[nH]c3ccc(O)cc3c12,Ki,1870.0,0
EGFR,CHEMBL203,CHEMBL4091355,COc1ccccc1CNc1nc(N)nc2[nH]c3cc(C)c(O)cc3c12,Ki,4030.0,0
EGFR,CHEMBL203,CHEMBL4070420,Nc1nc(NCc2cccc(Cl)c2)c2c(n1)[nH]c1ccc(O)cc12,Ki,290.0,1
EGFR,CHEMBL203,CHEMBL4083567,Cc1cc2[nH]c3nc(N)nc(NCc4cccc(Cl)c4)c3c2cc1O,Ki,900.0,1
EGFR,CHEMBL203,CHEMBL4061797,COc1ccc(CNc2nc(N)nc3[nH]c4ccc(O)cc4c23)cc1OC,Ki,3680.0,0
EGFR,CHEMBL203,CHEMBL4060727,Nc1nc(NCCc2ccccc2)c2c(n1)[nH]c1ccc(O)cc12,Ki,640.0,1
EGFR,CHEMBL203,CHEMBL4088941,C[C@@H](Nc1nc(N)nc2[nH]c3ccc(O)cc3c12)c1ccccc1,Ki,910.0,1
EGFR,CHEMBL203,CHEMBL4099089,C[C@H](Nc1nc(N)nc2[nH]c3ccc(O)cc3c12)c1ccccc1,Ki,520.0,1
EGFR,CHEMBL203,CHEMBL4206604,CC(=O)N1CC[C@H](Nc2nc(Nc3ccc(N4CCN(C)CC4)cc3)c3ncn(C(C)C)c3n2)C1,Ki,161.0,1
EGFR,CHEMBL203,CHEMBL4206312,C=CC(=O)N1CC[C@@H](Nc2nc(Nc3ccc(N4CCN(C)CC4)cc3)c3ncn(C(C)C)c3n2)C1,Ki,32.0,1
EGFR,CHEMBL203,CHEMBL4213741,C=CC(=O)N1CC[C@H](Nc2nc(Nc3ccc(N4CCN(C)CC4)cc3)c3ncn(C(C)C)c3n2)C1,Ki,164.0,1
EGFR,CHEMBL203,CHEMBL4208811,C=CC(=O)N[C@H]1CCN(c2nc(Nc3ccc(N4CCN(C)CC4)cc3)c3ncn(C(C)C)c3n2)C1,Ki,9.0,1
EGFR,CHEMBL203,CHEMBL4207425,C=CC(=O)N[C@@H]1CCN(c2nc(Nc3ccc(N4CCN(C)CC4)cc3)c3ncn(C(C)C)c3n2)C1,Ki,161.0,1
EGFR,CHEMBL203,CHEMBL4212326,C=CC(=O)N[C@H]1CCN(c2nc(Nc3cnn(C)c3)c3ncn(C(C)C)c3n2)C1,Ki,36.0,1
EGFR,CHEMBL203,CHEMBL4203072,C=CC(=O)N[C@@H]1CCN(c2nc(Nc3cnn(C)c3)c3ncn(C(C)C)c3n2)C1,Ki,183.0,1
EGFR,CHEMBL203,CHEMBL4207951,C=CC(=O)N1C[C@@H]2CN(c3nc(Nc4cnn(C)c4)c4ncn(C(C)C)c4n3)C[C@@H]2C1,Ki,85.0,1
EGFR,CHEMBL203,CHEMBL3608429,C=CC(=O)N[C@@H]1CN(c2nc(Nc3cnn(C)c3)c3ncn(C(C)C)c3n2)C[C@H]1F,Ki,2.0,1
EGFR,CHEMBL203,CHEMBL4204566,C=CC(=O)N[C@H]1CN(c2nc(Nc3cnn(C)c3)c3ncn(C(C)C)c3n2)C[C@@H]1F,Ki,152.0,1
EGFR,CHEMBL203,CHEMBL4211782,C=CC(=O)Nc1cccc(Oc2nc(Nc3cnn(CCN(C)C)c3)nc3[nH]ccc23)c1,Ki,3.0,1
EGFR,CHEMBL203,CHEMBL4216749,C=CC(=O)Nc1cccc(Oc2nc(Nc3cnn(CCN(C)C)c3)nc3[nH]ccc23)c1F,Ki,2.0,1
EGFR,CHEMBL203,CHEMBL4206481,C=CC(=O)N1CC[C@@H](Nc2nc(Nc3cnn(C)c3)nc3[nH]cc(Cl)c23)C1,Ki,4.0,1
EGFR,CHEMBL203,CHEMBL4211367,C=CC(=O)N1C[C@H](Nc2nc(Nc3cnn(C)c3)nc3[nH]cc(Cl)c23)[C@@H](F)C1,Ki,3.0,1
EGFR,CHEMBL203,CHEMBL4209368,C=CC(=O)N1CC[C@@H](Nc2nc(Nc3cnn(C)c3)c3ncn(C(C)C)c3n2)C1,Ki,105.0,1
EGFR,CHEMBL203,CHEMBL4204498,C=CC(=O)N1C[C@H](Nc2nc(Nc3cnn(C)c3)c3ncn(C(C)C)c3n2)[C@@H](F)C1,Ki,56.0,1
EGFR,CHEMBL203,CHEMBL3608432,C=CC(=O)N[C@@H]1CN(c2nc(Nc3cn(C)nc3C)c3ncn(C(C)C)c3n2)C[C@H]1F,Ki,17.0,1
EGFR,CHEMBL203,CHEMBL4216679,C=CC(=O)N[C@@H]1CN(c2nc(Nc3cn(C)nc3OC)c3ncn(C(C)C)c3n2)C[C@H]1F,Ki,8.0,1
EGFR,CHEMBL203,CHEMBL4218154,C=CC(=O)N[C@@H]1CN(c2nc(Nc3cn(C)nc3CC)c3ncn(C(C)C)c3n2)C[C@H]1F,Ki,19.0,1
EGFR,CHEMBL203,CHEMBL4208829,C=CC(=O)N[C@@H]1CN(c2nc(Nc3cn(C)nc3OC)c3ncn(C(C)(C)C)c3n2)C[C@H]1F,Ki,18.0,1
EGFR,CHEMBL203,CHEMBL4205392,C=CC(=O)N[C@@H]1CN(c2nc(Nc3cn(C)nc3OC)c3ncn(CC)c3n2)C[C@H]1F,Ki,6.0,1
EGFR,CHEMBL203,CHEMBL3989970,C=CC(=O)N[C@@H]1CN(c2nc(Nc3cn(C)nc3OC)c3ncn(C)c3n2)C[C@H]1F,Ki,13.0,1
EGFR,CHEMBL203,CHEMBL4217461,COc1cccc(CNc2ccnc3oc4ccc([N+](=O)[O-])cc4c23)c1,Ki,2740.0,0
EGFR,CHEMBL203,CHEMBL4217976,COc1ccc(CNc2ccnc3oc4ccc([N+](=O)[O-])cc4c23)cc1,Ki,2050.0,0
EGFR,CHEMBL203,CHEMBL4213049,O=[N+]([O-])c1ccc2oc3nccc(NCc4cccc(Cl)c4)c3c2c1,Ki,1360.0,0
EGFR,CHEMBL203,CHEMBL4203084,O=[N+]([O-])c1ccc2oc3nccc(NCc4ccc(Cl)cc4)c3c2c1,Ki,2520.0,0
EGFR,CHEMBL203,CHEMBL4208649,O=[N+]([O-])c1ccc2oc3nccc(NCc4cccc(Br)c4)c3c2c1,Ki,680.0,1
EGFR,CHEMBL203,CHEMBL4209187,O=[N+]([O-])c1ccc2oc3nccc(NCc4ccc(Br)cc4)c3c2c1,Ki,810.0,1
EGFR,CHEMBL203,CHEMBL4204320,Nc1cccc(CNc2ccnc3oc4ccc([N+](=O)[O-])cc4c23)c1,Ki,3590.0,0
EGFR,CHEMBL203,CHEMBL4211341,O=[N+]([O-])c1cccc(CNc2ccnc3oc4ccc([N+](=O)[O-])cc4c23)c1,Ki,930.0,1
EGFR,CHEMBL203,CHEMBL4210187,COc1cccc(CNc2ccnc3oc4ccc(N)cc4c23)c1,Ki,170.0,1
EGFR,CHEMBL203,CHEMBL4203339,Nc1ccc2oc3nccc(NCc4cccc(Cl)c4)c3c2c1,Ki,400.0,1
EGFR,CHEMBL203,CHEMBL4213021,Nc1ccc2oc3nccc(NCc4cccc(Br)c4)c3c2c1,Ki,230.0,1
EGFR,CHEMBL203,CHEMBL4206140,Nc1cccc(CNc2ccnc3oc4ccc(N)cc4c23)c1,Ki,940.0,1
EGFR,CHEMBL203,CHEMBL4217440,COc1cccc(CNc2ccnc3[nH]c4ccc([N+](=O)[O-])cc4c23)c1,Ki,330.0,1
EGFR,CHEMBL203,CHEMBL4207398,O=[N+]([O-])c1ccc2[nH]c3nccc(NCc4cccc(Cl)c4)c3c2c1,Ki,80.0,1
EGFR,CHEMBL203,CHEMBL4214266,O=[N+]([O-])c1ccc2[nH]c3nccc(NCc4cccc(Br)c4)c3c2c1,Ki,110.0,1
EGFR,CHEMBL203,CHEMBL4217693,COc1cccc(CNc2ccnc3[nH]c4ccc(N)cc4c23)c1,Ki,320.0,1
EGFR,CHEMBL203,CHEMBL4209480,Nc1ccc2[nH]c3nccc(NCc4cccc(Cl)c4)c3c2c1,Ki,140.0,1
EGFR,CHEMBL203,CHEMBL4214387,Nc1ccc2[nH]c3nccc(NCc4cccc(Br)c4)c3c2c1,Ki,110.0,1
EGFR,CHEMBL203,CHEMBL14326,Nc1ncnc2c1ncn2[C@@H]1O[C@H](CO)[C@@H](O)[C@H]1S,Kd,1000.0,0
EGFR,CHEMBL203,CHEMBL278041,Oc1ccc(-c2nc(-c3ccc(F)cc3)c(-c3ccncc3)[nH]2)cc1,Kd,4600.0,0
EGFR,CHEMBL203,CHEMBL10,C[S+]([O-])c1ccc(-c2nc(-c3ccc(F)cc3)c(-c3ccncc3)[nH]2)cc1,Kd,2900.0,0
EGFR,CHEMBL203,CHEMBL3545252,CC(=O)O[C@@]12CO[C@@H]1C[C@H](O)[C@@]1(C)C(=O)[C@H](O)C3=C(C)[C@@H](OC(=O)[C@H](O)[C@@H](NC(=O)OC(C)(C)C)c4ccccc4)C[C@@](O)([C@@H](OC(=O)c4ccccc4)[C@H]21)C3(C)C.O.O.O,Kd,0.82,1
EGFR,CHEMBL203,CHEMBL437469,CC[C@H](NC(=O)[C@H](CC(C)C)NC(=O)[C@@H](NC(=O)[C@H](CCCCN)NC(=O)[C@H](Cc1cnc[nH]1)NC(=O)[C@H](Cc1ccc(C)cc1)NC(=O)[C@H](CCCCNC(=N)N)NC(=O)[C@H](C)NC(=O)[C@@H](NC(=O)[C@H](Cc1ccc(Cl)cc1)NC(=O)[C@@H](NC(=O)[C@H](C)NC(=O)[C@H](CC(=O)O)NC(=O)[C@@H](CCCNC(=N)N)NC(=O)[C@H](Cc1ccc(O)cc1)NC(=O)Cc1ccccc1)[C@@H](C)CC)[C@@H](C)O)C(C)C)C(=O)N[C@@H](CCC(N)=O)C(=O)N[C@@H](CC(C)C)C(=O)N[C@@H](CO)C(=O)N[C@@H](C)C(=O)N[C@@H](Cc1cnc[nH]1)C(=O)N[C@@H](CCCCN)C(=O)N[C@@H](CC(C)C)C(=O)N[C@@H](CC(C)C)C(=O)N[C@@H](CCC(N)=O)C(=O)N[C@@H](CC(=O)O)C(=O)N[C@H](C(=O)N[C@H](C(=O)N[C@H](CCCNC(=N)N)C(=O)N[C@@H](CCCCNC(=N)N)C(N)=O)[C@@H](C)CC)[C@@H](C)CC,Kd,0.94,1
EGFR,CHEMBL203,CHEMBL572881,CC1(C)CNc2cc(NC(=O)c3cccnc3NCc3ccncc3)ccc21,Kd,15.0,1
EGFR,CHEMBL203,CHEMBL574738,CCN1CCN(Cc2ccc(NC(=O)Nc3ccc(Oc4cc(NC)ncn4)cc3)cc2C(F)(F)F)CC1,Kd,520.0,1
EGFR,CHEMBL203,CHEMBL215152,CCN(CCO)CCCOc1ccc2c(Nc3cc(CC(=O)Nc4cccc(F)c4)[nH]n3)ncnc2c1,Kd,450.0,1
EGFR,CHEMBL203,CHEMBL103667,Cc1ccc(-n2nc(C(C)(C)C)cc2NC(=O)Nc2ccc(OCCN3CCOCC3)c3ccccc23)cc1,Kd,7000.0,0
EGFR,CHEMBL203,CHEMBL483321,COCC(=O)NC/C=C/c1ccc2ncnc(Nc3ccc(Oc4ccc(C)nc4)c(C)c3)c2c1,Kd,42.0,1
EGFR,CHEMBL203,CHEMBL5416410,Cc1nc(Nc2ncc(C(=O)Nc3c(C)cccc3Cl)s2)cc(N2CCN(CCO)CC2)n1.O,Kd,120.0,1
EGFR,CHEMBL203,CHEMBL124660,COc1cc2c(N3CCN(C(=O)Nc4ccc(OC(C)C)cc4)CC3)ncnc2cc1OCCCN1CCCCC1,Kd,410.0,1
EGFR,CHEMBL203,CHEMBL608533,CO[C@@H]1[C@H](N(C)C(=O)c2ccccc2)C[C@H]2O[C@]1(C)n1c3ccccc3c3c4c(c5c6ccccc6n2c5c31)C(=O)NC4,Kd,1300.0,0
EGFR,CHEMBL203,CHEMBL223360,Cc1ccc(F)c(NC(=O)Nc2ccc(-c3cccc4[nH]nc(N)c34)cc2)c1,Kd,6500.0,0
EGFR,CHEMBL203,CHEMBL1721885,Cc1[nH]c(/C=C2\C(=O)Nc3ccc(F)cc32)c(C)c1C(=O)NC[C@H](O)CN1CCOCC1,Kd,9000.0,0
EGFR,CHEMBL203,CHEMBL535,CCN(CC)CCNC(=O)c1c(C)[nH]c(/C=C2\C(=O)Nc3ccc(F)cc32)c1C,Kd,6800.0,0
EGFR,CHEMBL203,CHEMBL941,Cc1ccc(NC(=O)c2ccc(CN3CCN(C)CC3)cc2)cc1Nc1nccc(-c2cccnc2)n1,Kd,7600.0,0
EGFR,CHEMBL203,CHEMBL259084,O=C(O)c1ccc(Nc2ncc3c(n2)-c2ccc(Cl)cc2C(c2c(F)cccc2F)=NC3)cc1,Kd,6400.0,0
EGFR,CHEMBL203,CHEMBL567331,c1csc(CNc2ncnc3ccc(-c4ccc5c(c4)OCO5)cc23)c1,Kd,230.0,1
EGFR,CHEMBL203,CHEMBL603469,C[C@]12O[C@H](C[C@]1(O)CO)n1c3ccccc3c3c4c(c5c6ccccc6n2c5c31)CNC4=O,Kd,1100.0,0
EGFR,CHEMBL203,CHEMBL1240703,CO[C@@H]1[C@H](N(C)C(=O)c2ccccc2)C[C@H]2O[C@]1(C)n1c3ccccc3c3c4c(c5c6ccccc6n2c5c31)C(=O)N[C@H]4O,Kd,560.0,1
EGFR,CHEMBL203,CHEMBL491473,COc1cc2c(Oc3ccc4[nH]c(C)cc4c3F)ncnc2cc1OCCCN1CCCC1,Kd,230.0,1
EGFR,CHEMBL203,CHEMBL180022,CCOc1cc2ncc(C#N)c(Nc3ccc(OCc4ccccn4)c(Cl)c3)c2cc1NC(=O)/C=C/CN(C)C,Kd,1.1,1
EGFR,CHEMBL203,CHEMBL386051,CSc1cccc(Nc2ncc3cc(-c4c(Cl)cccc4Cl)c(=O)n(C)c3n2)c1,Kd,1000.0,0
EGFR,CHEMBL203,CHEMBL1614701,Cn1cnc2c(F)c(Nc3ccc(Br)cc3Cl)c(C(=O)NOCCO)cc21,Kd,7000.0,0
EGFR,CHEMBL203,CHEMBL601719,C[C@@H](Oc1cc(-c2cnn(C3CCNCC3)c2)cnc1N)c1c(Cl)ccc(F)c1Cl,Kd,2700.0,0
EGFR,CHEMBL203,CHEMBL509032,COc1cc(N2CCC(N3CCN(C)CC3)CC2)ccc1Nc1ncc(Cl)c(Nc2ccccc2S(=O)(=O)C(C)C)n1,Kd,180.0,1
EGFR,CHEMBL203,CHEMBL513909,CC[C@@H]1C(=O)N(C)c2cnc(Nc3ccc(C(=O)NC4CCN(C)CC4)cc3OC)nc2N1C1CCCC1,Kd,2200.0,0
EGFR,CHEMBL203,CHEMBL1908395,CN(C)CC(=O)N1CCC(c2ccc(NC(=O)c3nc(C#N)c[nH]3)c(C3=CCCCC3)c2)CC1.Cl,Kd,6800.0,0
EGFR,CHEMBL203,CHEMBL230011,Nc1nc(N)c2nc(-c3cccc(O)c3)c(-c3cccc(O)c3)nc2n1,Kd,5100.0,0
EGFR,CHEMBL203,CHEMBL1908396,COc1cc(Oc2ccnc3cc(OC)c(OC)cc23)ccc1NC(=O)NC(C)c1nccs1,Kd,2600.0,0
EGFR,CHEMBL203,CHEMBL1287853,Cc1cnc(Nc2ccc(OCCN3CCCC3)cc2)nc1Nc1cccc(S(=O)(=O)NC(C)(C)C)c1,Kd,3400.0,0
EGFR,CHEMBL203,CHEMBL1173655,CN(C)C/C=C/C(=O)Nc1cc2c(Nc3ccc(F)c(Cl)c3)ncnc2cc1O[C@H]1CCOC1,Kd,0.25,1
EGFR,CHEMBL203,CHEMBL1230609,COc1cc2c(Oc3ccc(NC(=O)C4(C(=O)Nc5ccc(F)cc5)CC4)cc3F)ccnc2cc1OCCCN1CCOCC1,Kd,440.0,1
EGFR,CHEMBL203,CHEMBL1908397,O=C(c1ccc(/C=C/c2n[nH]c3ccccc23)cc1)N1CCNCC1,Kd,7100.0,0
BRAF,CHEMBL5145,CHEMBL371694,CC(C)(C)c1nc(-c2ccc(F)cc2)c(-c2ccncc2)[nH]1,IC50,900.0,1
BRAF,CHEMBL5145,CHEMBL200259,OCc1cccc(-c2[nH]c(-c3ccccc3)nc2-c2ccncc2)c1,IC50,1585.0,0
BRAF,CHEMBL5145,CHEMBL68215,Oc1ccc(-c2[nH]c(-c3ccccc3)nc2-c2ccncc2)cc1,IC50,339.0,1
BRAF,CHEMBL5145,CHEMBL200863,CC(C)(CNC(=O)Nc1ccc(Cl)cc1)c1nc(-c2ccc(Cl)c(O)c2)c(-c2ccncc2)[nH]1,IC50,13.0,1
BRAF,CHEMBL5145,CHEMBL381447,CC(C)(CNS(C)(=O)=O)c1nc(-c2ccc(Cl)c(O)c2)c(-c2ccncc2)[nH]1,IC50,14.0,1
BRAF,CHEMBL5145,CHEMBL426476,CN(C)CCCNC(=O)c1nc(-c2ccc(Cl)c(O)c2)c(-c2ccncc2)[nH]1,IC50,40.0,1
BRAF,CHEMBL5145,CHEMBL200889,CC(C)(CN)c1nc(-c2ccc(Cl)c(O)c2)c(-c2ccncc2)[nH]1,IC50,6.0,1
BRAF,CHEMBL5145,CHEMBL200320,NCc1ccc(-c2nc(-c3ccc(Cl)c(O)c3)c(-c3ccncc3)[nH]2)cc1,IC50,8.0,1
BRAF,CHEMBL5145,CHEMBL200118,Oc1cc(-c2[nH]cnc2-c2ccncc2)ccc1Cl,IC50,33.0,1
BRAF,CHEMBL5145,CHEMBL371952,Oc1cc(-c2[nH]c(-c3ccco3)nc2-c2ccncc2)ccc1Cl,IC50,13.0,1
BRAF,CHEMBL5145,CHEMBL381250,Oc1cc(-c2[nH]c(-c3cccnc3)nc2-c2ccncc2)ccc1Cl,IC50,6.0,1
BRAF,CHEMBL5145,CHEMBL200172,CC(C)(C)c1nc(-c2ccc(Cl)c(O)c2)c(-c2ccncc2)[nH]1,IC50,12.0,1
BRAF,CHEMBL5145,CHEMBL373011,Oc1cc(-c2nc(-c3ccccc3)[nH]c2-c2ccncc2)ccc1Cl,IC50,10.0,1
BRAF,CHEMBL5145,CHEMBL200114,COc1cc(Nc2cncc(-c3cccc(NC(C)=O)c3)n2)cc(OC)c1OC,IC50,3500.0,0
BRAF,CHEMBL5145,CHEMBL1336,CNC(=O)c1cc(Oc2ccc(NC(=O)Nc3ccc(Cl)c(C(F)(F)F)c3)cc2)ccn1,IC50,46.0,1
BRAF,CHEMBL5145,CHEMBL274738,CC(=O)Nc1cccc(-c2cncc(NCc3ccc(F)c(Cl)c3)n2)c1,IC50,99000.0,0
BRAF,CHEMBL5145,CHEMBL199588,CC(=O)Nc1cccc(-c2cncc(NCc3ccoc3)n2)c1,IC50,33000.0,0
BRAF,CHEMBL5145,CHEMBL440761,CC(=O)Nc1cccc(-c2cncc(NCc3cccc(F)c3)n2)c1,IC50,8000.0,0
BRAF,CHEMBL5145,CHEMBL198400,COc1ccc(OCCNc2cncc(-c3cccc(NC(C)=O)c3)n2)cc1,IC50,58000.0,0
BRAF,CHEMBL5145,CHEMBL200964,CC(=O)Nc1cccc(-c2cncc(NCCOc3ccccc3)n2)c1,IC50,65000.0,0
BRAF,CHEMBL5145,CHEMBL372149,CC(=O)Nc1cccc(-c2cncc(NCCc3ccccc3)n2)c1,IC50,45000.0,0
BRAF,CHEMBL5145,CHEMBL199800,CC(=O)Nc1cccc(-c2cncc(NCc3ccccc3)n2)c1,IC50,18000.0,0
BRAF,CHEMBL5145,CHEMBL382262,CC(=O)Nc1cccc(-c2cncc(NCc3cc(C)[nH]n3)n2)c1,IC50,14000.0,0
BRAF,CHEMBL5145,CHEMBL201625,CC(=O)Nc1cccc(-c2cncc(NCc3cc(C)on3)n2)c1,IC50,4200.0,0
BRAF,CHEMBL5145,CHEMBL201576,CC(=O)Nc1cccc(-c2cncc(NCc3ccc4c(c3)OCO4)n2)c1,IC50,3800.0,0
BRAF,CHEMBL5145,CHEMBL370112,CC(=O)Nc1cccc(-c2cncc(NCc3ccc4c(c3)OCCO4)n2)c1,IC50,34000.0,0
BRAF,CHEMBL5145,CHEMBL381275,CC(=O)Nc1cccc(-c2cncc(Nc3nc(C(C)(C)C)cs3)n2)c1,IC50,20000.0,0
BRAF,CHEMBL5145,CHEMBL199948,CC(=O)Nc1cccc(-c2cncc(Nc3cc(Cl)nc(Cl)c3)n2)c1,IC50,950.0,1
BRAF,CHEMBL5145,CHEMBL199811,CC(=O)Nc1cccc(-c2cncc(Nc3ccc4c(c3)C(=O)OC4)n2)c1,IC50,740.0,1
BRAF,CHEMBL5145,CHEMBL200075,CC(=O)Nc1cccc(-c2cncc(Nc3ccc4c(c3)OC(F)(F)O4)n2)c1,IC50,37000.0,0
BRAF,CHEMBL5145,CHEMBL373242,CC(=O)Nc1cccc(-c2cncc(Nc3ccc4c(c3)OC(F)(F)C(F)(F)O4)n2)c1,IC50,39000.0,0
BRAF,CHEMBL5145,CHEMBL199281,CC(=O)Nc1cccc(-c2cncc(Nc3ccc4c(c3)OCCCO4)n2)c1,IC50,4500.0,0
BRAF,CHEMBL5145,CHEMBL199833,CC(=O)Nc1cccc(-c2cncc(Nc3ccc4c(c3)OCCO4)n2)c1,IC50,5400.0,0
BRAF,CHEMBL5145,CHEMBL371958,CC(=O)Nc1cccc(-c2cncc(Nc3ccc4c(c3)OCO4)n2)c1,IC50,10000.0,0
BRAF,CHEMBL5145,CHEMBL383374,CC(=O)Nc1cccc(-c2cncc(Nc3ccc(N4CCOCC4)cc3)n2)c1,IC50,10000.0,0
BRAF,CHEMBL5145,CHEMBL200080,CC(=O)Nc1cccc(-c2cncc(Nc3ccc(S(=O)(=O)N4CCOCC4)cc3)n2)c1,IC50,8800.0,0
BRAF,CHEMBL5145,CHEMBL198244,CC(=O)Nc1cccc(-c2cncc(Nc3cccc(-c4cnco4)c3)n2)c1,IC50,790.0,1
BRAF,CHEMBL5145,CHEMBL378600,CC(=O)Nc1cccc(-c2cncc(Nc3ccc(OC(F)(F)F)cc3)n2)c1,IC50,84000.0,0
BRAF,CHEMBL5145,CHEMBL199394,CC(=O)Nc1cccc(-c2cncc(Nc3cccc(O)c3)n2)c1,IC50,14000.0,0
BRAF,CHEMBL5145,CHEMBL201322,CC(=O)Nc1cccc(-c2cncc(Nc3cccc(Cl)c3)n2)c1,IC50,8800.0,0
BRAF,CHEMBL5145,CHEMBL201272,COc1ccc(Nc2cncc(-c3cccc(NC(C)=O)c3)n2)c(OC)c1,IC50,21000.0,0
BRAF,CHEMBL5145,CHEMBL203093,COc1ccc(Nc2cncc(-c3cccc(NC(C)=O)c3)n2)cc1OC,IC50,1300.0,0
BRAF,CHEMBL5145,CHEMBL425577,COc1cc(Nc2cncc(-c3cccc(NC(C)=O)c3)n2)cc(OC)c1,IC50,2700.0,0
BRAF,CHEMBL5145,CHEMBL199798,COc1ccc(Nc2cncc(-c3cccc(NC(C)=O)c3)n2)cc1,IC50,26000.0,0
BRAF,CHEMBL5145,CHEMBL199355,CC(=O)Nc1cccc(-c2cncc(Nc3cccc(OCCN)c3)n2)c1,IC50,3800.0,0
BRAF,CHEMBL5145,CHEMBL373006,COc1cccc(Nc2cncc(-c3cccc(NC(C)=O)c3)n2)c1,IC50,4800.0,0
BRAF,CHEMBL5145,CHEMBL201023,COc1ccccc1Nc1cncc(-c2cccc(NC(C)=O)c2)n1,IC50,74000.0,0
BRAF,CHEMBL5145,CHEMBL425576,CC(=O)Nc1cccc(-c2cncc(Nc3ccccc3)n2)c1,IC50,7900.0,0
BRAF,CHEMBL5145,CHEMBL248051,NC(=O)c1cc(CNc2ccccc2C(=O)Nc2ccc3c(c2)OC(F)(F)O3)ccn1,IC50,34.0,1
BRAF,CHEMBL5145,CHEMBL247250,CNC(=O)Nc1ccc(CNc2ncsc2C(=O)Nc2ccc3c(c2)OC(F)(F)O3)cn1,IC50,69.0,1
BRAF,CHEMBL5145,CHEMBL247798,CCNC(=O)Nc1ccc(CNc2ncsc2C(=O)Nc2ccc3c(c2)OC(F)(F)O3)cn1,IC50,122.0,1
BRAF,CHEMBL5145,CHEMBL247797,CNC(=O)Nc1ccc(CNc2c(C(=O)Nc3ccc(SC(F)(F)F)cc3)cnn2C)cn1,IC50,154.0,1
BRAF,CHEMBL5145,CHEMBL247619,CNC(=O)Nc1ccc(CNc2c(C(=O)Nc3ccc4c(c3)OC(F)(F)C(F)(F)O4)cnn2C)cn1,IC50,191.0,1
BRAF,CHEMBL5145,CHEMBL247618,CNC(=O)c1cc(CNc2ccsc2C(=O)Nc2ccc3c(c2)OC(F)(F)O3)ccn1,IC50,61.0,1
BRAF,CHEMBL5145,CHEMBL247435,CNC(=O)c1cc(CNc2c(C(=O)Nc3ccc4c(c3)OC(F)(F)O4)cnn2C)ccn1,IC50,199.0,1
BRAF,CHEMBL5145,CHEMBL392600,O=C(Nc1ccc2c(c1)OC(F)(F)C(F)(F)O2)c1ncsc1NCc1ccncc1,IC50,2560.0,0
BRAF,CHEMBL5145,CHEMBL247434,CNC(=O)c1cc(CNc2ncsc2C(=O)Nc2ccc3c(c2)OC(F)(F)C(F)(F)O3)ccn1,IC50,192.0,1
BRAF,CHEMBL5145,CHEMBL247248,CNC(=O)c1cc(CNc2ncsc2C(=O)Nc2ccc3c(c2)OC(F)(F)O3)ccn1,IC50,1240.0,0
BRAF,CHEMBL5145,CHEMBL395705,O=C(NCc1ccccc1)Nc1cc(CNc2ccccc2C(=O)Nc2ccc3c(c2)OC(F)(F)O3)ccn1,IC50,232.0,1
BRAF,CHEMBL5145,CHEMBL399571,O=C(Nc1ccc2c(c1)CCC2)Nc1cc(CNc2ccccc2C(=O)Nc2ccc3c(c2)OC(F)(F)O3)ccn1,IC50,64.0,1
BRAF,CHEMBL5145,CHEMBL397345,O=C(Nc1ccccc1)Nc1cc(CNc2ccccc2C(=O)Nc2ccc3c(c2)OC(F)(F)O3)ccn1,IC50,39.0,1
BRAF,CHEMBL5145,CHEMBL247793,CCNC(=O)Nc1cc(CNc2ccccc2C(=O)Nc2ccc3c(c2)OC(F)(F)O3)ccn1,IC50,90.0,1
BRAF,CHEMBL5145,CHEMBL394503,CNC(=O)Nc1cc(CNc2ccccc2C(=O)Nc2ccc3c(c2)OC(F)(F)O3)ccn1,IC50,24.0,1
BRAF,CHEMBL5145,CHEMBL247792,O=C(Nc1ccc2c(c1)OC(F)(F)O2)c1ccccc1NCc1ccnc(NCCc2cnc[nH]2)c1,IC50,146.0,1
BRAF,CHEMBL5145,CHEMBL247424,O=C(Nc1ccc2c(c1)OC(F)(F)O2)c1ccccc1NCc1ccnc(NCCCn2ccnc2)c1,IC50,101.0,1
BRAF,CHEMBL5145,CHEMBL247423,O=C(Nc1ccc2c(c1)OC(F)(F)O2)c1ccccc1NCc1ccnc(NCCOCCO)c1,IC50,165.0,1
BRAF,CHEMBL5145,CHEMBL395700,O=C(Nc1ccc2c(c1)OC(F)(F)O2)c1ccccc1NCc1ccnc(NCCCO)c1,IC50,142.0,1
BRAF,CHEMBL5145,CHEMBL247591,COCCCNc1cc(CNc2ccccc2C(=O)Nc2ccc3c(c2)OC(F)(F)O3)ccn1,IC50,156.0,1
BRAF,CHEMBL5145,CHEMBL398052,O=C(Nc1ccc2c(c1)OC(F)(F)O2)c1ccccc1NCc1ccnc(NCCO)c1,IC50,112.0,1
BRAF,CHEMBL5145,CHEMBL248860,COCCNc1cc(CNc2ccccc2C(=O)Nc2ccc3c(c2)OC(F)(F)O3)ccn1,IC50,104.0,1
BRAF,CHEMBL5145,CHEMBL399534,CNc1cc(CNc2ccccc2C(=O)Nc2ccc3c(c2)OC(F)(F)O3)ccn1,IC50,100.0,1
BRAF,CHEMBL5145,CHEMBL400109,Nc1cc(CNc2ccccc2C(=O)Nc2ccc3c(c2)OC(F)(F)O3)ccn1,IC50,634.0,1
BRAF,CHEMBL5145,CHEMBL400057,CN(C)c1nccc(CNc2ccccc2C(=O)Nc2ccc3c(c2)OC(F)(F)O3)n1,IC50,349.0,1
BRAF,CHEMBL5145,CHEMBL246424,CNc1nccc(CNc2ccccc2C(=O)Nc2ccc3c(c2)OC(F)(F)O3)n1,IC50,26.0,1
BRAF,CHEMBL5145,CHEMBL246423,CS(=O)(=O)Nc1cc(CNc2ccccc2C(=O)Nc2ccc3c(c2)OC(F)(F)O3)ccn1,IC50,594.0,1
BRAF,CHEMBL5145,CHEMBL400308,O=C(Nc1ccc2c(c1)OC(F)(F)O2)c1ccccc1NCc1ccnc(C2=NCCN2)c1,IC50,153.0,1
BRAF,CHEMBL5145,CHEMBL248258,NC(=S)c1cc(CNc2ccccc2C(=O)Nc2ccc3c(c2)OC(F)(F)O3)ccn1,IC50,100.0,1
BRAF,CHEMBL5145,CHEMBL248257,N#Cc1cc(CNc2ccccc2C(=O)Nc2ccc3c(c2)OC(F)(F)O3)ccn1,IC50,110.0,1
BRAF,CHEMBL5145,CHEMBL248256,CC(=O)Nc1cc(CNc2ccccc2C(=O)Nc2ccc3c(c2)OC(F)(F)O3)ccn1,IC50,5.0,1
BRAF,CHEMBL5145,CHEMBL246608,O=C(NCCO)c1cc(CNc2ccccc2C(=O)Nc2ccc3c(c2)OC(F)(F)O3)ccn1,IC50,397.0,1
BRAF,CHEMBL5145,CHEMBL247030,COCCCNC(=O)c1cc(CNc2ccccc2C(=O)Nc2ccc3c(c2)OC(F)(F)O3)ccn1,IC50,1030.0,0
BRAF,CHEMBL5145,CHEMBL245805,COCCNC(=O)c1cc(CNc2ccccc2C(=O)Nc2ccc3c(c2)OC(F)(F)O3)ccn1,IC50,497.0,1
BRAF,CHEMBL5145,CHEMBL245804,CS(=O)(=O)CCNC(=O)c1cc(CNc2ccccc2C(=O)Nc2ccc3c(c2)OC(F)(F)O3)ccn1,IC50,221.0,1
BRAF,CHEMBL5145,CHEMBL248398,O=C(NC1CC1)c1cc(CNc2ccccc2C(=O)Nc2ccc3c(c2)OC(F)(F)O3)ccn1,IC50,192.0,1
BRAF,CHEMBL5145,CHEMBL398872,O=C(NCCCN1CCOCC1)c1cc(CNc2ccccc2C(=O)Nc2ccc3c(c2)OC(F)(F)O3)ccn1,IC50,6830.0,0
BRAF,CHEMBL5145,CHEMBL248397,CCN(CC)CCCNC(=O)c1cc(CNc2ccccc2C(=O)Nc2ccc3c(c2)OC(F)(F)O3)ccn1,IC50,175.0,1
BRAF,CHEMBL5145,CHEMBL248227,CCN(CC)CCNC(=O)c1cc(CNc2ccccc2C(=O)Nc2ccc3c(c2)OC(F)(F)O3)ccn1,IC50,138.0,1
BRAF,CHEMBL5145,CHEMBL248226,CCNC(=O)c1cc(CNc2ccccc2C(=O)Nc2ccc3c(c2)OC(F)(F)O3)ccn1,IC50,333.0,1
BRAF,CHEMBL5145,CHEMBL247437,CNC(=O)c1cc(CNc2ccccc2C(=O)Nc2ccc3c(c2)OC(F)(F)O3)ccn1,IC50,45.0,1
BRAF,CHEMBL5145,CHEMBL391781,O=C(Nc1ccc2c(c1)OC(F)(F)C(F)(F)O2)c1ccccc1NCc1ccncc1,IC50,40.0,1
BRAF,CHEMBL5145,CHEMBL253292,CCN(CC)CCOc1ccc(Nc2cc(NC(=O)Nc3c(Cl)cccc3Cl)ncn2)cc1,IC50,150.0,1
BRAF,CHEMBL5145,CHEMBL410295,Cc1cccc(C)c1-n1c(=O)c2cnc(Nc3ccc(N4CCN(C)CC4)cc3)nc2n2c3ccccc3nc12,IC50,540.0,1
BRAF,CHEMBL5145,CHEMBL429743,COc1cc2nccc(Oc3ccc4c(C(=O)Nc5ccc(Cl)cc5)cccc4c3)c2cc1OC,IC50,40.0,1
BRAF,CHEMBL5145,CHEMBL401710,O=C1NCCN1CCNc1nccc(-c2[nH]c(C3CC3)nc2-c2cc(Cl)ccc2Cl)n1,IC50,10.0,1
BRAF,CHEMBL5145,CHEMBL402029,CNc1nccc(-c2[nH]c(C3CC3)nc2-c2cccc(NS(=O)(=O)Cc3ccc(Cl)c(Cl)c3)c2)n1,IC50,469.0,1
BRAF,CHEMBL5145,CHEMBL402424,NC(=O)c1cccc(Nc2nccc(-c3[nH]c(C4CC4)nc3-c3cccc(NS(=O)(=O)Cc4ccc(Cl)c(Cl)c4)c3)n2)c1,IC50,887.0,1
BRAF,CHEMBL5145,CHEMBL429498,O=C(Cc1ccc(Cl)cc1)Nc1cccc(-c2nc(C3CC3)[nH]c2-c2ccnc(NCCN3CCNC3=O)n2)c1,IC50,7.0,1
BRAF,CHEMBL5145,CHEMBL403854,CNc1nccc(-c2[nH]c(C3CC3)nc2-c2cccc(NC(=O)Cc3ccc(Cl)cc3)c2)n1,IC50,9.0,1
BRAF,CHEMBL5145,CHEMBL254966,NC(=O)c1cccc(Nc2nccc(-c3[nH]c(C4CC4)nc3-c3cccc(NC(=O)Cc4ccc(Cl)cc4)c3)n2)c1,IC50,4.0,1
BRAF,CHEMBL5145,CHEMBL254965,O=C(Cc1ccc(Cl)cc1)Nc1cccc(-c2nc(C(F)(F)F)[nH]c2-c2ccnc(NCCN3CCNC3=O)n2)c1,IC50,54.0,1
BRAF,CHEMBL5145,CHEMBL258454,CNc1nccc(-c2[nH]c(C(F)(F)F)nc2-c2cccc(NC(=O)Cc3ccc(Cl)cc3)c2)n1,IC50,30.0,1
BRAF,CHEMBL5145,CHEMBL256775,NC(=O)c1cccc(Nc2nccc(-c3[nH]c(C(F)(F)F)nc3-c3cccc(NC(=O)Cc4ccc(Cl)cc4)c3)n2)c1,IC50,108.0,1
BRAF,CHEMBL5145,CHEMBL256921,O=C(Nc1cccc(-c2nc(C3CC3)[nH]c2-c2ccnc(NCCN3CCNC3=O)n2)c1)Nc1ccc(Cl)c(C(F)(F)F)c1,IC50,22.0,1
BRAF,CHEMBL5145,CHEMBL255497,O=C1NCCN1CCNc1nccc(-c2[nH]c(C3CC3)nc2-c2cccc(NS(=O)(=O)Cc3ccc(Cl)c(Cl)c3)c2)n1,IC50,343.0,1
BRAF,CHEMBL5145,CHEMBL255496,NC(=O)c1cccc(Nc2nccc(-c3[nH]c(C4CC4)nc3-c3cccc(NC(=O)Nc4ccc(Cl)c(C(F)(F)F)c4)c3)n2)c1,IC50,35.0,1
BRAF,CHEMBL5145,CHEMBL430413,CNc1nccc(-c2[nH]c(C3CC3)nc2-c2cccc(NC(=O)Nc3ccc(Cl)c(C(F)(F)F)c3)c2)n1,IC50,21.0,1
BRAF,CHEMBL5145,CHEMBL257986,CC(C)(C)NC(=O)NCCNc1nccc(-c2[nH]c(C3CC3)nc2-c2ccccc2Cl)n1,IC50,83.0,1
BRAF,CHEMBL5145,CHEMBL500406,O/N=C1\CCc2cc(-c3c[nH]nc3-c3ccncc3)ccc21,IC50,0.15,1
BRAF,CHEMBL5145,CHEMBL521732,Cn1cc(-c2ccc3cn[nH]c3c2)c(-c2ccncc2)n1,IC50,70.0,1
BRAF,CHEMBL5145,CHEMBL496477,Cn1cc(-c2ccc3c(c2)C(=O)NC3)c(-c2ccncc2)n1,IC50,68.4,1
BRAF,CHEMBL5145,CHEMBL523261,Cn1cc(-c2ccc3c(c2)Cc2c[nH]nc2-3)c(-c2ccncc2)n1,IC50,1.5,1
BRAF,CHEMBL5145,CHEMBL498468,Cc1c[nH]nc1-c1ccc(-c2cn(C)nc2-c2ccncc2)cc1,IC50,4.4,1
BRAF,CHEMBL5145,CHEMBL498467,Cn1cc(-c2ccc(-c3cc[nH]n3)cc2)c(-c2ccncc2)n1,IC50,68.4,1
BRAF,CHEMBL5145,CHEMBL498524,Cn1cc(-c2ccc3c(c2)CCN/C3=N/O)c(-c2ccncc2)n1,IC50,16.0,1
BRAF,CHEMBL5145,CHEMBL524643,Cn1cc(-c2ccc3c(c2)CN/C3=N/O)c(-c2ccncc2)n1,IC50,2.0,1
BRAF,CHEMBL5145,CHEMBL497866,Cn1cc(-c2ccc(/C(N)=N\O)cc2)c(-c2ccncc2)n1,IC50,18.4,1
BRAF,CHEMBL5145,CHEMBL497701,Cn1cc(-c2ccc3c(c2)CC/C3=N\O)c(-c2ccncn2)n1,IC50,3.1,1
BRAF,CHEMBL5145,CHEMBL497700,Cn1cc(-c2ccc3c(c2)CC/C3=N\O)c(-c2ccnc(O)c2)n1,IC50,2.9,1
BRAF,CHEMBL5145,CHEMBL496479,Cn1cc(-c2ccc3c(c2)CC/C3=N\O)c(-c2ccnc(N)c2)n1,IC50,2.1,1
BRAF,CHEMBL5145,CHEMBL496478,Cn1cc(-c2ccc3c(c2)CC/C3=N\O)c(-c2cnco2)n1,IC50,4.1,1
BRAF,CHEMBL5145,CHEMBL521731,Cn1cc(-c2ccc3c(c2)CC/C3=N\O)c(-c2cccnc2)n1,IC50,433.8,1
BRAF,CHEMBL5145,CHEMBL526671,Cn1cc(-c2ccc3c(c2)CC/C3=N\O)c(-c2ccc3c(cnn3C)c2)n1,IC50,969.6,1
BRAF,CHEMBL5145,CHEMBL498688,CNC1CCCC(n2cc(-c3ccc4c(c3)CC/C4=N\O)c(-c3ccncc3)n2)C1,IC50,0.23,1
BRAF,CHEMBL5145,CHEMBL524445,O/N=C1\CCc2cc(-c3cn(CC4CCCNC4)nc3-c3ccncc3)ccc21,IC50,0.85,1
BRAF,CHEMBL5145,CHEMBL497670,O/N=C1\CCc2cc(-c3cn(CC4CCNCC4)nc3-c3ccncc3)ccc21,IC50,1.2,1
BRAF,CHEMBL5145,CHEMBL497671,O/N=C1\CCc2cc(-c3cn(C4CCOCC4)nc3-c3ccncc3)ccc21,IC50,0.22,1
BRAF,CHEMBL5145,CHEMBL498674,CN1CCC(n2cc(-c3ccc4c(c3)CC/C4=N\O)c(-c3ccncc3)n2)CC1,IC50,0.34,1
BRAF,CHEMBL5145,CHEMBL526479,O/N=C1\CCc2cc(-c3cn(C4CCNCC4)nc3-c3ccncc3)ccc21,IC50,0.03,1
BRAF,CHEMBL5145,CHEMBL498503,CN(C)CCCn1cc(-c2ccc3c(c2)CC/C3=N\O)c(-c2ccncc2)n1,IC50,0.47,1
BRAF,CHEMBL5145,CHEMBL498496,NCCCn1cc(-c2ccc3c(c2)CC/C3=N\O)c(-c2ccncc2)n1,IC50,0.39,1
BRAF,CHEMBL5145,CHEMBL498327,CN(C)CCn1cc(-c2ccc3c(c2)CC/C3=N\O)c(-c2ccncc2)n1,IC50,4.02,1
BRAF,CHEMBL5145,CHEMBL496276,NCCn1cc(-c2ccc3c(c2)CC/C3=N\O)c(-c2ccncc2)n1,IC50,2.4,1
BRAF,CHEMBL5145,CHEMBL498487,OCC(CO)n1cc(-c2ccc3c(c2)CC/C3=N\O)c(-c2ccncc2)n1,IC50,0.56,1
BRAF,CHEMBL5145,CHEMBL498317,OCC(O)Cn1cc(-c2ccc3c(c2)CC/C3=N\O)c(-c2ccncc2)n1,IC50,0.87,1
BRAF,CHEMBL5145,CHEMBL527029,OCCCn1cc(-c2ccc3c(c2)CC/C3=N\O)c(-c2ccncc2)n1,IC50,0.05,1
BRAF,CHEMBL5145,CHEMBL525191,OCCn1cc(-c2ccc3c(c2)CC/C3=N\O)c(-c2ccncc2)n1,IC50,0.13,1
BRAF,CHEMBL5145,CHEMBL496472,COCCn1cc(-c2ccc3c(c2)CC/C3=N\O)c(-c2ccncc2)n1,IC50,1.16,1
BRAF,CHEMBL5145,CHEMBL521562,O/N=C1\CCc2cc(-c3cn([C@@H]4CCC[C@@H](O)C4)nc3-c3ccncc3)ccc21,IC50,0.09,1
BRAF,CHEMBL5145,CHEMBL498344,O/N=C1\CCc2cc(-c3cn([C@@H]4CCC[C@H](O)C4)nc3-c3ccncc3)ccc21,IC50,0.04,1
BRAF,CHEMBL5145,CHEMBL524640,O/N=C1\CCc2cc(-c3cn([C@H]4CCC[C@@H]4O)nc3-c3ccncc3)ccc21,IC50,0.33,1
BRAF,CHEMBL5145,CHEMBL498343,O/N=C1\CCc2cc(-c3cn([C@H]4CCC[C@H]4O)nc3-c3ccncc3)ccc21,IC50,3.91,1
BRAF,CHEMBL5145,CHEMBL503089,O/N=C1\CCc2cc(-c3cn(C4CCCC4)nc3-c3ccncc3)ccc21,IC50,3.46,1
BRAF,CHEMBL5145,CHEMBL502816,CCn1cc(-c2ccc3c(c2)CC/C3=N\O)c(-c2ccncc2)n1,IC50,0.57,1
BRAF,CHEMBL5145,CHEMBL500660,Cn1ncc(-c2ccc3c(c2)CC/C3=N\O)c1-c1ccncc1,IC50,0.48,1
BRAF,CHEMBL5145,CHEMBL500659,Cn1cc(-c2ccc3c(c2)CC/C3=N\O)c(-c2ccncc2)n1,IC50,0.02,1
BRAF,CHEMBL5145,CHEMBL524635,CCn1cc(-c2ccnc3[nH]ccc23)c(-c2cccc(NC(=S)Nc3ccccc3)c2)n1,IC50,331.0,1
BRAF,CHEMBL5145,CHEMBL1964274,CCn1cc(-c2ccnc3[nH]c(C(=O)O)cc23)c(-c2cccc(NC(=O)Nc3ccccc3)c2)n1,IC50,45.7,1
BRAF,CHEMBL5145,CHEMBL1964273,CCOC(=O)c1cc2c(-c3cn(CC)nc3-c3cccc(NC(=O)Nc4ccccc4)c3)ccnc2[nH]1,IC50,33.9,1
BRAF,CHEMBL5145,CHEMBL456351,CCn1cc(-c2ccnc3[nH]cc(Br)c23)c(-c2cccc(NC(=O)Nc3ccccc3)c2)n1,IC50,79.4,1
BRAF,CHEMBL5145,CHEMBL456350,CCn1cc(-c2ccnc3[nH]ccc23)c(-c2cccc(NC(=O)Nc3cccc(OC)c3)c2)n1,IC50,2.1,1
BRAF,CHEMBL5145,CHEMBL456983,CCn1cc(-c2ccnc3[nH]ccc23)c(-c2cccc(NC(=O)Nc3ccc(Cl)c(C(F)(F)F)c3)c2)n1,IC50,5.4,1
BRAF,CHEMBL5145,CHEMBL526268,CCn1cc(-c2ccnc3[nH]ccc23)c(-c2cccc(NC(=O)Nc3cc(C(F)(F)F)ccc3F)c2)n1,IC50,3.9,1
BRAF,CHEMBL5145,CHEMBL497484,CCn1cc(-c2ccnc3[nH]ccc23)c(-c2cccc(NC(=O)Nc3cccc(Cl)c3)c2)n1,IC50,10.5,1
BRAF,CHEMBL5145,CHEMBL523411,CCn1cc(-c2ccnc3[nH]ccc23)c(-c2cccc(NC(=O)Nc3ccc(C(F)(F)F)cc3)c2)n1,IC50,2.5,1
BRAF,CHEMBL5145,CHEMBL496275,CCn1cc(-c2ccnc3[nH]ccc23)c(-c2cccc(NC(=O)Nc3c(F)cccc3F)c2)n1,IC50,25.7,1
BRAF,CHEMBL5145,CHEMBL525896,CCn1cc(-c2ccnc3[nH]ccc23)c(-c2cccc(NC(=O)Nc3ccccc3Cl)c2)n1,IC50,5.3,1
BRAF,CHEMBL5145,CHEMBL505187,CCn1cc(-c2ccnc3[nH]ccc23)c(-c2cccc(NC(=O)Nc3ccc(OCc4ccccc4)cc3)c2)n1,IC50,110.0,1
BRAF,CHEMBL5145,CHEMBL496265,CCn1cc(-c2ccnc3[nH]ccc23)c(-c2cccc(NC(=O)NCc3ccccc3)c2)n1,IC50,170.0,1
BRAF,CHEMBL5145,CHEMBL522902,CCn1cc(-c2ccnc3[nH]ccc23)c(-c2cccc(NC(=O)NC3CCCCC3)c2)n1,IC50,41.7,1
BRAF,CHEMBL5145,CHEMBL498307,CCn1cc(-c2ccnc3[nH]ccc23)c(-c2cccc(NC(=O)Nc3ccccc3)c2)n1,IC50,17.4,1
BRAF,CHEMBL5145,CHEMBL521155,Nc1ncnc2c1ncn2CC(=O)c1c[nH]c2ccccc12,IC50,82000.0,0
BRAF,CHEMBL5145,CHEMBL525079,COc1cc(Nc2cncc(-c3cccnc3)n2)cc(OC)c1OC,IC50,22000.0,0
BRAF,CHEMBL5145,CHEMBL500142,COc1cc(Nc2cncc(-c3ccncc3)n2)cc(OC)c1OC,IC50,2900.0,0
BRAF,CHEMBL5145,CHEMBL484307,COc1cc(Nc2cncc(-c3ccc(C(N)=O)cc3)n2)cc(OC)c1OC,IC50,1120.0,0
BRAF,CHEMBL5145,CHEMBL484107,COc1cc(Nc2cncc(-c3cccc(C#N)c3)n2)cc(OC)c1OC,IC50,9800.0,0
BRAF,CHEMBL5145,CHEMBL484106,COc1cc(Nc2cncc(-c3ccc(NC(=O)Nc4ccccc4)cc3)n2)cc(OC)c1OC,IC50,1160.0,0
BRAF,CHEMBL5145,CHEMBL521480,COc1cc(Nc2cncc(-c3ccc(C=O)cc3)n2)cc(OC)c1OC,IC50,3000.0,0
BRAF,CHEMBL5145,CHEMBL500416,CCOC(=O)c1cccc(-c2cncc(Nc3cc(OC)c(OC)c(OC)c3)n2)c1,IC50,14000.0,0
BRAF,CHEMBL5145,CHEMBL524868,COc1cc(Nc2cncc(-c3ccc(CO)cc3)n2)cc(OC)c1OC,IC50,26000.0,0
BRAF,CHEMBL5145,CHEMBL500151,COc1cc(Nc2cncc(-c3ccc(O)cc3)n2)cc(OC)c1OC,IC50,18000.0,0
BRAF,CHEMBL5145,CHEMBL501736,COc1cc(Nc2cncc(-c3cccc(O)c3)n2)cc(OC)c1OC,IC50,4000.0,0
BRAF,CHEMBL5145,CHEMBL483921,COc1cc(Nc2cncc(-c3cccc(NC(C)=O)c3)c2)cc(OC)c1OC,IC50,26000.0,0
BRAF,CHEMBL5145,CHEMBL484114,COc1cc(Nc2cncc(Nc3ccc(NC(C)=O)cc3)n2)cc(OC)c1OC,IC50,16000.0,0
BRAF,CHEMBL5145,CHEMBL484319,COc1cc(Nc2cncc(Nc3ccc(F)cc3)n2)cc(OC)c1OC,IC50,19000.0,0
BRAF,CHEMBL5145,CHEMBL520162,COc1cc(Nc2cncc(Nc3cccc(F)c3)n2)cc(OC)c1OC,IC50,12000.0,0
BRAF,CHEMBL5145,CHEMBL484317,COc1cc(Nc2cncc(Nc3ccc(O)cc3)n2)cc(OC)c1OC,IC50,4900.0,0
BRAF,CHEMBL5145,CHEMBL484116,COc1cc(Nc2cncc(Nc3cccc(NC(C)=O)c3)n2)cc(OC)c1OC,IC50,14000.0,0
BRAF,CHEMBL5145,CHEMBL484115,COc1cc(Nc2cncc(Nc3ccncc3)n2)cc(OC)c1OC,IC50,4700.0,0
BRAF,CHEMBL5145,CHEMBL504906,COc1cc(Nc2cncc(Nc3ccccc3)n2)cc(OC)c1OC,IC50,16000.0,0
BRAF,CHEMBL5145,CHEMBL483717,COc1cc(Nc2cncc(Oc3cccc4c3CCC4=O)n2)cc(OC)c1OC,IC50,18000.0,0
BRAF,CHEMBL5145,CHEMBL483916,COc1cc(Nc2cncc(Oc3ccc4c(c3)CCCC4=O)n2)cc(OC)c1OC,IC50,76000.0,0
BRAF,CHEMBL5145,CHEMBL519992,COc1cc(Nc2cncc(Oc3cccc4c3CCCC4=O)n2)cc(OC)c1OC,IC50,29000.0,0
BRAF,CHEMBL5145,CHEMBL483915,COc1cc(Nc2cncc(Oc3cccc4cnccc34)n2)cc(OC)c1OC,IC50,3800.0,0
BRAF,CHEMBL5145,CHEMBL483914,COc1cc(Nc2cncc(Oc3ccc4ncccc4c3)n2)cc(OC)c1OC,IC50,29000.0,0
BRAF,CHEMBL5145,CHEMBL482689,COc1cc(Nc2cncc(Oc3cccc4ncccc34)n2)cc(OC)c1OC,IC50,10000.0,0
BRAF,CHEMBL5145,CHEMBL518975,COc1cc(Nc2cncc(Oc3ccnc4ccccc34)n2)cc(OC)c1OC,IC50,1500.0,0
BRAF,CHEMBL5145,CHEMBL482893,COc1cc(Nc2cncc(Oc3ccc4c(c3)OC(=O)CC4)n2)cc(OC)c1OC,IC50,44000.0,0
BRAF,CHEMBL5145,CHEMBL483709,COc1cc(Nc2cncc(Oc3cccc4[nH]ccc34)n2)cc(OC)c1OC,IC50,7400.0,0
BRAF,CHEMBL5145,CHEMBL484301,COc1cc(Nc2cncc(Oc3cccc4c3CCCC4)n2)cc(OC)c1OC,IC50,18000.0,0
BRAF,CHEMBL5145,CHEMBL482681,COc1cc(Nc2cncc(Sc3cccc4ccccc34)n2)cc(OC)c1OC,IC50,9800.0,0
BRAF,CHEMBL5145,CHEMBL482680,COc1cc(Nc2cncc(Oc3cccnc3)n2)cc(OC)c1OC,IC50,45000.0,0
BRAF,CHEMBL5145,CHEMBL501946,COc1cc(Nc2cncc(Oc3ccncc3)n2)cc(OC)c1OC,IC50,16000.0,0
BRAF,CHEMBL5145,CHEMBL482482,COc1cc(Nc2cncc(Oc3ccccc3)n2)cc(OC)c1OC,IC50,31000.0,0
BRAF,CHEMBL5145,CHEMBL484320,COc1cc(Nc2cncc(Oc3cccc4ccccc34)n2)cc(OC)c1OC,IC50,1200.0,0
BRAF,CHEMBL5145,CHEMBL483297,COc1cc(Nc2cncc(Oc3ccc4c(c3)CCC/C4=N\O)n2)cc(OC)c1OC,IC50,92000.0,0
BRAF,CHEMBL5145,CHEMBL520632,COc1cc(Nc2cncc(Oc3ccc4c(c3)/C(=N/O)CC4)n2)cc(OC)c1OC,IC50,86000.0,0
BRAF,CHEMBL5145,CHEMBL484096,COc1cc(Nc2cncc(Oc3cccc4c3CC/C4=N\O)n2)cc(OC)c1OC,IC50,1400.0,0
BRAF,CHEMBL5145,CHEMBL519648,COc1cc(Nc2cncc(Oc3ccc(/C(C)=N/O)cc3)n2)cc(OC)c1OC,IC50,26000.0,0
BRAF,CHEMBL5145,CHEMBL482932,COc1cc(Nc2cncc(Oc3cccc(/C(C)=N/O)c3)n2)cc(OC)c1OC,IC50,11000.0,0
BRAF,CHEMBL5145,CHEMBL520625,COc1cc(Nc2cncc(Oc3ccc(C(C)=O)cc3)n2)cc(OC)c1OC,IC50,34000.0,0
BRAF,CHEMBL5145,CHEMBL482931,COc1cc(Nc2cncc(Oc3cccc(C(C)=O)c3)n2)cc(OC)c1OC,IC50,19000.0,0
BRAF,CHEMBL5145,CHEMBL482928,COc1cc(Nc2cncc(Oc3ccc(NC(C)=O)cc3)n2)cc(OC)c1OC,IC50,5500.0,0
BRAF,CHEMBL5145,CHEMBL482927,COc1cc(Nc2cncc(Oc3cccc(NC(C)=O)c3)n2)cc(OC)c1OC,IC50,13000.0,0
BRAF,CHEMBL5145,CHEMBL482929,COc1cc(Nc2cncc(Oc3cccc(Cl)c3)n2)cc(OC)c1OC,IC50,36000.0,0
BRAF,CHEMBL5145,CHEMBL520623,COc1cc(Nc2cncc(Oc3cccc(F)c3)n2)cc(OC)c1OC,IC50,56000.0,0
BRAF,CHEMBL5145,CHEMBL482926,COc1cc(Nc2cncc(Oc3ccccc3F)n2)cc(OC)c1OC,IC50,45000.0,0
BRAF,CHEMBL5145,CHEMBL482718,COc1cc(Nc2cncc(Oc3ccccc3-c3ccccc3)n2)cc(OC)c1OC,IC50,10000.0,0
BRAF,CHEMBL5145,CHEMBL483718,COc1cc(Nc2cncc(Oc3ccc4c(c3)C(=O)CC4)n2)cc(OC)c1OC,IC50,22000.0,0
BRAF,CHEMBL5145,CHEMBL521305,COc1cc(Nc2cncc(Oc3ccc4c(c3)CCC4=O)n2)cc(OC)c1OC,IC50,70000.0,0
BRAF,CHEMBL5145,CHEMBL524507,COc1cc(Nc2cncc(Oc3cccc4c(NC(C)=O)cccc34)n2)cc(OC)c1OC,IC50,410.0,1
BRAF,CHEMBL5145,CHEMBL443770,CC(=O)Nc1ccc(Oc2cncc(Nc3cccc(-c4cnco4)c3)n2)c2ccccc12,IC50,310.0,1
BRAF,CHEMBL5145,CHEMBL501719,CC(=O)Nc1cccc2c(Oc3cncc(Nc4ccc5c(c4)C(=O)OC5)n3)cccc12,IC50,2500.0,0
BRAF,CHEMBL5145,CHEMBL501718,CC(=O)Nc1cccc2c(Oc3cncc(Nc4cccc(-c5cnco5)c4)n3)cccc12,IC50,650.0,1
BRAF,CHEMBL5145,CHEMBL483298,COc1cc(Nc2cncc(Oc3ccc(NC(C)=O)c4ccccc34)n2)cc(OC)c1OC,IC50,560.0,1
BRAF,CHEMBL5145,CHEMBL516963,CC1Nc2nc(NC(=O)c3ccc[n+](C)c3)[nH]c(=O)c2N(C(=O)c2ccc[n+](C)c2)C1C,IC50,29420.0,0
BRAF,CHEMBL5145,CHEMBL459514,C/C(=N/Nc1nc2c(c(=O)[nH]c(=O)n2C)n1Cc1ccccc1)c1ccccc1,IC50,11360.0,0
BRAF,CHEMBL5145,CHEMBL518163,Cn1c(=O)[nH]c(=O)c2c1nc(N/N=C\c1ccc([N+](=O)[O-])cc1)n2Cc1ccccc1,IC50,57890.0,0
BRAF,CHEMBL5145,CHEMBL459935,C/C(Cl)=C/Cn1c(N/N=C(/C)c2ccc([N+](=O)[O-])cc2)nc2c1c(=O)[nH]c(=O)n2C,IC50,17360.0,0
BRAF,CHEMBL5145,CHEMBL516644,C=CCn1c(N/N=C\c2cccc([N+](=O)[O-])c2)nc2c1c(=O)[nH]c(=O)n2C,IC50,37480.0,0
BRAF,CHEMBL5145,CHEMBL461421,C/C(Cl)=C\CSc1nc2c(c(=O)[nH]c(=O)n2C)n1CC(O)CCc1ccccc1,IC50,3750.0,0
BRAF,CHEMBL5145,CHEMBL518187,Cc1cc(C)n(-c2nc3c(c(=O)n(C)c(=O)n3C)n2Cc2ccccc2)n1,IC50,57710.0,0
BRAF,CHEMBL5145,CHEMBL462473,C/C(=N/Nc1nc2c(c(=O)[nH]c(=O)n2C)n1Cc1ccccc1)c1ccc([N+](=O)[O-])cc1,IC50,4600.0,0
BRAF,CHEMBL5145,CHEMBL517286,Cn1c(=O)[nH]c(=O)c2c1nc(SCC(N)=O)n2Cc1cccc(Br)c1,IC50,11080.0,0
BRAF,CHEMBL5145,CHEMBL460137,Cn1c(=O)n(Cc2ccccc2)c(=O)c2c1nc(SCCO)n2Cc1ccccc1,IC50,1720.0,0
BRAF,CHEMBL5145,CHEMBL460136,C/C(Cl)=C\CSc1nc2c(c(=O)n(Cc3ccccc3)c(=O)n2C)n1Cc1ccccc1,IC50,10910.0,0
BRAF,CHEMBL5145,CHEMBL459931,CSc1nc2c(c(=O)[nH]c(=O)n2C)n1Cc1ccccc1,IC50,30110.0,0
BRAF,CHEMBL5145,CHEMBL454028,Cn1c(=O)[nH]c(=O)c2c1nc(S)n2Cc1ccc(Cl)cc1,IC50,2100.0,0
BRAF,CHEMBL5145,CHEMBL511836,CNC(=O)c1cc(Oc2ccc3c(c2)nc(Nc2ccc(C(C)(C)C)cc2)n3C)ccn1,IC50,140.0,1
BRAF,CHEMBL5145,CHEMBL470808,CNC(=O)c1cc(Oc2ccc3c(c2)nc(Nc2cccc(C(C)(C)C)c2)n3C)ccn1,IC50,45.0,1
BRAF,CHEMBL5145,CHEMBL470591,CNC(=O)c1cc(Oc2ccc3c(c2)nc(Nc2ccc(C(F)(F)F)cc2)n3C)ccn1,IC50,88.0,1
BRAF,CHEMBL5145,CHEMBL513562,CNC(=O)c1cc(Oc2ccc3c(c2)nc(Nc2cccc(C(F)(F)F)c2)n3C)ccn1,IC50,8.0,1
BRAF,CHEMBL5145,CHEMBL470799,CNC(=O)c1cc(Oc2ccc3c(c2)nc(Nc2ccccc2C(F)(F)F)n3C)ccn1,IC50,1900.0,0
BRAF,CHEMBL5145,CHEMBL513600,CNC(=O)c1cc(Oc2ccc3c(c2)nc(Nc2ccc(Br)cc2)n3C)ccn1,IC50,2.0,1
BRAF,CHEMBL5145,CHEMBL471625,CNC(=O)c1cc(Oc2ccc3c(c2)nc(Nc2cccc(Br)c2)n3C)ccn1,IC50,25.0,1
BRAF,CHEMBL5145,CHEMBL471415,CNC(=O)c1cc(Oc2ccc3c(c2)nc(Nc2ccccc2Br)n3C)ccn1,IC50,39.0,1
BRAF,CHEMBL5145,CHEMBL470364,CNC(=O)c1cc(Oc2ccc3c(c2)nc(Nc2ccc(Cl)c(C(F)(F)F)c2)n3C)ccn1,IC50,28.0,1
BRAF,CHEMBL5145,CHEMBL471408,CNC(=O)c1cc(Oc2ccc3c(c2)nc(Nc2ccccc2)n3C)ccn1,IC50,130.0,1
BRAF,CHEMBL5145,CHEMBL471407,CNC(=O)c1cc(Oc2ccc3[nH]c(Nc4ccc(C(C)(C)C)cc4)nc3c2)ccn1,IC50,63.0,1
BRAF,CHEMBL5145,CHEMBL511997,CNC(=O)c1cc(Oc2ccc3[nH]c(Nc4cccc(C(C)(C)C)c4)nc3c2)ccn1,IC50,26.0,1
BRAF,CHEMBL5145,CHEMBL472450,CNC(=O)c1cc(Oc2ccc3[nH]c(Nc4ccc(C(F)(F)F)cc4)nc3c2)ccn1,IC50,11.0,1
BRAF,CHEMBL5145,CHEMBL511669,CNC(=O)c1cc(Oc2ccc3[nH]c(Nc4cccc(C(F)(F)F)c4)nc3c2)ccn1,IC50,300.0,1
BRAF,CHEMBL5145,CHEMBL472449,CNC(=O)c1cc(Oc2ccc3[nH]c(Nc4ccccc4C(F)(F)F)nc3c2)ccn1,IC50,9000.0,0
BRAF,CHEMBL5145,CHEMBL472448,CNC(=O)c1cc(Oc2ccc3[nH]c(Nc4ccc(Br)cc4)nc3c2)ccn1,IC50,39.0,1
BRAF,CHEMBL5145,CHEMBL519065,CNC(=O)c1cc(Oc2ccc3[nH]c(Nc4cccc(Br)c4)nc3c2)ccn1,IC50,1300.0,0
BRAF,CHEMBL5145,CHEMBL486943,CNC(=O)c1cc(Oc2ccc3[nH]c(Nc4ccccc4Br)nc3c2)ccn1,IC50,2400.0,0
BRAF,CHEMBL5145,CHEMBL486739,CNC(=O)c1cc(Oc2ccc3[nH]c(Nc4ccccc4)nc3c2)ccn1,IC50,7700.0,0
BRAF,CHEMBL5145,CHEMBL520236,CNC(=O)c1cc(Oc2ccc3nc(Nc4ccc(Br)cc4)n(C)c3c2)ccn1,IC50,500.0,1
BRAF,CHEMBL5145,CHEMBL394826,CNC(=O)c1cc(Oc2ccc3nc(Nc4ccc(Cl)c(C(F)(F)F)c4)[nH]c3c2)ccn1,IC50,280.0,1
BRAF,CHEMBL5145,CHEMBL472651,CNC(=O)c1cc(Oc2ccc3c(c2)nc(NC2CCCCC2)n3C)ccn1,IC50,4400.0,0
BRAF,CHEMBL5145,CHEMBL472652,CNC(=O)c1cc(Oc2ccc3c(c2)nc(NCC2CCCCC2)n3C)ccn1,IC50,140.0,1
BRAF,CHEMBL5145,CHEMBL514135,CNC(=O)c1cc(Oc2ccc3c(c2)nc(Nc2cccc(-c4ccncc4)c2)n3C)ccn1,IC50,14.0,1
BRAF,CHEMBL5145,CHEMBL470149,CCn1c(Nc2ccc(Br)cc2)nc2cc(Oc3ccnc(C(=O)NC)c3)ccc21,IC50,68.0,1
BRAF,CHEMBL5145,CHEMBL470359,CCNC(=O)c1cc(Oc2ccc3c(c2)nc(Nc2ccc(Br)cc2)n3C)ccn1,IC50,13.0,1
BRAF,CHEMBL5145,CHEMBL511119,Cn1c(Nc2ccc(Br)cc2)nc2cc(Oc3ccnc(C(=O)NCCC4CNCCO4)c3)ccc21,IC50,31.0,1
BRAF,CHEMBL5145,CHEMBL486137,Cn1c(Nc2ccc(Br)cc2)nc2cc(Oc3ccnc(C(=O)NCCO)c3)ccc21,IC50,11.0,1
BRAF,CHEMBL5145,CHEMBL486341,CCCC1CCCCN1C(=O)c1cc(Oc2ccc3c(c2)nc(Nc2ccc(Br)cc2)n3C)ccn1,IC50,7.0,1
BRAF,CHEMBL5145,CHEMBL486342,CN(C)C(=O)c1cc(Oc2ccc3c(c2)nc(Nc2ccc(Br)cc2)n3C)ccn1,IC50,2700.0,0
BRAF,CHEMBL5145,CHEMBL521951,CCn1c(=O)n(CC)c2c(Oc3ccc(NC(=O)Nc4ccc(Cl)c(C(F)(F)F)c4)cc3)ccnc21,IC50,305.0,1
BRAF,CHEMBL5145,CHEMBL491054,Cn1c(=O)n(C)c2c(Oc3ccc(NC(=O)Nc4ccc(Cl)c(C(F)(F)F)c4)cc3)ccnc21,IC50,61.0,1
BRAF,CHEMBL5145,CHEMBL523278,Cn1c(=O)[nH]c2c(Oc3ccc(NC(=O)Nc4cc(C(F)(F)F)ccc4F)cc3)ccnc21,IC50,46.0,1
BRAF,CHEMBL5145,CHEMBL489823,Cn1c(=O)[nH]c2c(Oc3ccc(NC(=O)Nc4cccc(C(C)(C)C)c4)cc3)ccnc21,IC50,60.0,1
BRAF,CHEMBL5145,CHEMBL523129,Cn1c(=O)[nH]c2c(Oc3ccc(NC(=O)Nc4ccc(Cl)c(C(F)(F)F)c4)cc3)ccnc21,IC50,45.0,1
BRAF,CHEMBL5145,CHEMBL490841,Cn1c(=O)[nH]c2nccc(Oc3ccc(NC(=O)Nc4cccc(C(C)(C)C)c4)cc3)c21,IC50,163.0,1
BRAF,CHEMBL5145,CHEMBL485302,Cn1c(=O)[nH]c2nccc(Oc3ccc(NC(=O)Nc4ccc(Cl)c(C(F)(F)F)c4)cc3)c21,IC50,22.0,1
BRAF,CHEMBL5145,CHEMBL521337,O=C(Nc1ccc(Oc2ccnc3[nH]c(=O)[nH]c23)cc1)Nc1cc(C(F)(F)F)ccc1N1CCOCC1,IC50,860.0,1
BRAF,CHEMBL5145,CHEMBL483048,O=C(Nc1ccc(Oc2ccnc3[nH]c(=O)[nH]c23)cc1)Nc1cc(F)cc(N2CCOCC2)c1,IC50,600.0,1
BRAF,CHEMBL5145,CHEMBL520627,O=C(Nc1ccc(Oc2ccnc3[nH]c(=O)[nH]c23)cc1)Nc1cccc(F)c1,IC50,2840.0,0
BRAF,CHEMBL5145,CHEMBL490653,O=C(Nc1ccc(Oc2ccnc3[nH]c(=O)[nH]c23)cc1)Nc1cc(C(F)(F)F)ccc1F,IC50,52.0,1
BRAF,CHEMBL5145,CHEMBL490459,COc1cc(Cl)c(C(F)(F)F)cc1NC(=O)Nc1ccc(Oc2ccnc3[nH]c(=O)[nH]c23)cc1,IC50,27.0,1
BRAF,CHEMBL5145,CHEMBL490455,COc1ccc(C(F)(F)F)cc1NC(=O)Nc1ccc(Oc2ccnc3[nH]c(=O)[nH]c23)cc1,IC50,12.0,1
BRAF,CHEMBL5145,CHEMBL490454,O=C(Nc1ccc(Oc2ccnc3[nH]c(=O)[nH]c23)cc1)Nc1cccc(OC(F)(F)F)c1,IC50,21.0,1
BRAF,CHEMBL5145,CHEMBL476467,O=C(Nc1ccc(Oc2ccnc3[nH]c(=O)[nH]c23)cc1)Nc1cccc(C(F)(F)F)c1,IC50,14.0,1
BRAF,CHEMBL5145,CHEMBL515938,O=C(Nc1ccc(Oc2ccnc3[nH]c(=O)[nH]c23)cc1)Nc1cc(Cl)cc(C(F)(F)F)c1,IC50,100.0,1
BRAF,CHEMBL5145,CHEMBL514688,O=C(Nc1ccc(Oc2ccnc3[nH]c(=O)[nH]c23)cc1)Nc1ccc(Cl)c(C(F)(F)F)c1,IC50,23.0,1
BRAF,CHEMBL5145,CHEMBL520818,O=c1[nH]c2nccc(Oc3ccc(NS(=O)(=O)c4ccccc4F)cc3)c2[nH]1,IC50,32500.0,0
BRAF,CHEMBL5145,CHEMBL485301,O=c1[nH]c2nccc(Oc3ccc(NS(=O)(=O)c4cccs4)cc3)c2[nH]1,IC50,12200.0,0
BRAF,CHEMBL5145,CHEMBL522263,O=c1[nH]c2nccc(Oc3ccc(NS(=O)(=O)c4ccccc4)cc3)c2[nH]1,IC50,850.0,1
BRAF,CHEMBL5145,CHEMBL451006,O=C(Cc1cccc(C(F)(F)F)c1)Nc1ccc(Oc2ccnc3[nH]c(=O)[nH]c23)cc1,IC50,10000.0,0
BRAF,CHEMBL5145,CHEMBL489248,O=C(Cc1cccc(OC(F)(F)F)c1)Nc1ccc(Oc2ccnc3[nH]c(=O)[nH]c23)cc1,IC50,10000.0,0
BRAF,CHEMBL5145,CHEMBL522581,COc1cccc(CC(=O)Nc2ccc(Oc3ccnc4[nH]c(=O)[nH]c34)cc2)c1,IC50,10000.0,0
BRAF,CHEMBL5145,CHEMBL489038,O=C(Cc1ccccc1)Nc1ccc(Oc2ccnc3[nH]c(=O)[nH]c23)cc1,IC50,16700.0,0
BRAF,CHEMBL5145,CHEMBL489840,O=C(Nc1ccc(Oc2ccnc3[nH]c(=O)[nH]c23)cc1)c1cccc(Br)c1,IC50,14000.0,0
BRAF,CHEMBL5145,CHEMBL524096,O=C(Nc1ccc(Oc2ccnc3[nH]c(=O)[nH]c23)cc1)c1cccc(C(F)(F)F)c1,IC50,17200.0,0
BRAF,CHEMBL5145,CHEMBL489230,O=C(Nc1ccc(Oc2ccnc3[nH]c(=O)[nH]c23)cc1)c1ccc(Cl)c(C(F)(F)F)c1,IC50,15900.0,0
BRAF,CHEMBL5145,CHEMBL489228,O=c1[nH]c2nccc(Oc3ccc(NC(=S)Nc4ccc(Cl)c(C(F)(F)F)c4)cc3)c2[nH]1,IC50,85.0,1
BRAF,CHEMBL5145,CHEMBL491055,O=C(Nc1ccc(Sc2ccnc3[nH]c(=O)[nH]c23)cc1)Nc1cc(C(F)(F)F)ccc1F,IC50,29.0,1
BRAF,CHEMBL5145,CHEMBL449813,O=C(Nc1ccc(Sc2ccnc3[nH]c(=O)[nH]c23)cc1)Nc1cccc(C(F)(F)F)c1,IC50,28.0,1
BRAF,CHEMBL5145,CHEMBL489009,O=C(Nc1ccc(Sc2ccnc3[nH]c(=O)[nH]c23)cc1)Nc1ccc(Cl)c(C(F)(F)F)c1,IC50,40.0,1
BRAF,CHEMBL5145,CHEMBL201511,COc1cc(C2=C(c3c[nH]c4ccccc34)C(=O)NC2=O)cc(OC)c1OC,IC50,40000.0,0
BRAF,CHEMBL5145,CHEMBL509435,COc1cc(C2=C(c3cn(C)c4ccccc34)C(=O)NC2)cc(OC)c1OC,IC50,50000.0,0
BRAF,CHEMBL5145,CHEMBL488646,COc1cc(C2=C(c3cn(COC(C)(C)C)c4ccccc34)CNC2=O)cc(OC)c1OC,IC50,38000.0,0
BRAF,CHEMBL5145,CHEMBL489058,CCN1CCN(CC/C=C/c2ccc3c(Nc4ccc(Sc5nccn5C)c(Cl)c4)c(C#N)cnc3c2)CC1,IC50,8800.0,0
BRAF,CHEMBL5145,CHEMBL507714,COc1cc(N2CCC(N3CCN(S(C)(=O)=O)CC3)CC2)ccc1Nc1nccc(-c2c(-c3cccc(C(=O)Nc4c(F)cccc4F)c3)nc3ccccn23)n1,IC50,80.0,1
BRAF,CHEMBL5145,CHEMBL448929,CCc1cc(Nc2nccc(-c3c(-c4cccc(C(=O)Nc5c(F)cccc5F)c4)nc4ccccn34)n2)c(OC)cc1N1CCC(N2CCN(S(C)(=O)=O)CC2)CC1,IC50,320.0,1
BRAF,CHEMBL5145,CHEMBL475431,Cc1ccc(NC(=O)c2cccc(C(F)(F)F)c2)cc1NC(=O)c1ccc2nccnc2c1,IC50,1.0,1
BRAF,CHEMBL5145,CHEMBL481563,Cc1ccc(NC(=O)c2cccc(C(F)(F)F)c2)cc1NC(=O)c1ccc2ncccc2c1,IC50,2.0,1
BRAF,CHEMBL5145,CHEMBL480918,Cc1ccc(NC(=O)c2cccc(C(F)(F)F)c2)cc1NC(=O)c1cnc2ccccc2c1,IC50,5.0,1
BRAF,CHEMBL5145,CHEMBL454104,Cc1ccc(NC(=O)c2cccc(C(F)(F)F)c2)cc1C(=O)Nc1cccnc1,IC50,7.0,1
BRAF,CHEMBL5145,CHEMBL480389,Cc1ccc(NC(=O)c2cccc(C(C)(C)C#N)c2)cc1C(=O)Nc1cccnc1,IC50,7.0,1
BRAF,CHEMBL5145,CHEMBL475865,Cc1ccc(NC(=O)c2ccc(Cl)c(C(F)(F)F)c2)cc1C(=O)Nc1cccnc1,IC50,9.0,1
BRAF,CHEMBL5145,CHEMBL480551,Cc1ccc(NC(=O)c2cccc(S(C)(=O)=O)c2)cc1C(=O)Nc1cccnc1,IC50,11.0,1
BRAF,CHEMBL5145,CHEMBL480201,Cc1ccc(NC(=O)c2cccc(Cl)c2)cc1C(=O)Nc1cccnc1,IC50,12.0,1
BRAF,CHEMBL5145,CHEMBL514670,Cc1ccc(NC(=O)c2cccc(C(F)(F)F)c2)cc1C(=O)Nc1cnc(N)c(Cl)c1,IC50,12.0,1
BRAF,CHEMBL5145,CHEMBL515453,Cc1ccc(NC(=O)c2cccc(C(C)(C)C#N)c2)cc1C(=O)Nc1ccc(N)nc1,IC50,14.0,1
BRAF,CHEMBL5145,CHEMBL473622,COc1cncc(NC(=O)c2cc(NC(=O)c3cccc(C(C)(C)C#N)c3)ccc2C)c1,IC50,14.0,1
BRAF,CHEMBL5145,CHEMBL471794,Cc1ccc(NC(=O)c2cccc(C(C)C)c2)cc1C(=O)Nc1cccnc1,IC50,15.0,1
BRAF,CHEMBL5145,CHEMBL481681,Cc1ccc(NC(=O)c2cccc(OC(C)C)c2)cc1C(=O)Nc1cccnc1,IC50,15.0,1
BRAF,CHEMBL5145,CHEMBL471793,Cc1cccc(C(=O)Nc2ccc(C)c(C(=O)Nc3cccnc3)c2)c1,IC50,16.0,1
BRAF,CHEMBL5145,CHEMBL480200,Cc1ccc(NC(=O)c2cccc(N(C)C)c2)cc1C(=O)Nc1cccnc1,IC50,16.0,1
BRAF,CHEMBL5145,CHEMBL482576,CC(=O)Nc1ccc(NC(=O)c2cc(NC(=O)c3cccc(C(C)(C)C#N)c3)ccc2C)cn1,IC50,16.0,1
BRAF,CHEMBL5145,CHEMBL519143,Cc1cncc(NC(=O)c2cc(NC(=O)c3cccc(C(C)(C)C#N)c3)ccc2C)c1,IC50,16.0,1
BRAF,CHEMBL5145,CHEMBL475799,Cc1ccc(NC(=O)c2cccc(C(C)(C)C#N)c2)cc1C(=O)Nc1cnc(N)c(Cl)c1,IC50,16.0,1
BRAF,CHEMBL5145,CHEMBL475795,CNC(=O)c1cncc(NC(=O)c2cc(NC(=O)c3cccc(C(C)(C)C#N)c3)ccc2C)c1,IC50,17.0,1
BRAF,CHEMBL5145,CHEMBL475817,Nc1ncc(NC(=O)c2cc(NC(=O)c3cccc(C(F)(F)F)c3)ccc2Cl)cc1Cl,IC50,27.0,1
BRAF,CHEMBL5145,CHEMBL520252,Cc1ccc(NC(=O)c2cccc(OCC(C)C)c2)cc1C(=O)Nc1cccnc1,IC50,28.0,1
BRAF,CHEMBL5145,CHEMBL475866,Cc1ccc(NC(=O)c2cccc(S(N)(=O)=O)c2)cc1C(=O)Nc1cccnc1,IC50,30.0,1
BRAF,CHEMBL5145,CHEMBL475794,Cc1ccc(NC(=O)c2cccc(C(C)(C)C#N)c2)cc1C(=O)Nc1cncc(Cl)c1,IC50,35.0,1
BRAF,CHEMBL5145,CHEMBL475045,CNc1ccc(NC(=O)c2cc(NC(=O)c3cccc(C(C)(C)C#N)c3)ccc2C)cn1,IC50,38.0,1
BRAF,CHEMBL5145,CHEMBL503699,Cc1ccc(NC(=O)c2cc(NC(=O)c3cccc(C(C)(C)C#N)c3)ccc2C)cn1,IC50,48.0,1
BRAF,CHEMBL5145,CHEMBL492397,Cc1ccc(NC(=O)c2cccc(C(C)(C)C#N)c2)cc1C(=O)Nc1ccc(C(C#N)N(C)C)nc1,IC50,48.0,1
BRAF,CHEMBL5145,CHEMBL507803,Cc1ccc(NC(=O)c2cccc(C(F)(F)F)c2)cc1NC(=O)c1cccnc1,IC50,49.0,1
BRAF,CHEMBL5145,CHEMBL475818,C#CC(C)(C)c1cc(N=C(C)C)cc(C(=O)Nc2ccc(C)c(C(=O)Nc3cccnc3)c2)c1,IC50,76.0,1
BRAF,CHEMBL5145,CHEMBL514026,Cc1ccc(NC(=O)c2cccc(C(C)(C)C#N)c2)cc1C(=O)Nc1ccc(N2CCOCC2)nc1,IC50,79.0,1
BRAF,CHEMBL5145,CHEMBL475864,COc1ccc(C(=O)Nc2ccc(C)c(C(=O)Nc3cccnc3)c2)cc1,IC50,115.0,1
BRAF,CHEMBL5145,CHEMBL475044,COc1ccc(NC(=O)c2cc(NC(=O)c3cccc(C(C)(C)C#N)c3)ccc2C)cn1,IC50,116.0,1
BRAF,CHEMBL5145,CHEMBL482577,Cc1ccc(NC(=O)c2cccc(C(C)(C)C#N)c2)cc1C(=O)Nc1ccc(C#N)nc1,IC50,205.0,1
BRAF,CHEMBL5145,CHEMBL480390,Cc1ccc(NC(=O)c2cccc(C#N)c2)cc1C(=O)Nc1cccnc1,IC50,237.0,1
BRAF,CHEMBL5145,CHEMBL511661,Cc1ccc(NC(=O)c2cccc(F)c2)cc1C(=O)Nc1cccnc1,IC50,322.0,1
BRAF,CHEMBL5145,CHEMBL482304,Cc1ccc(NC(=O)c2cccc(C(F)(F)F)c2)cc1NC(=O)c1ccccn1,IC50,580.0,1
BRAF,CHEMBL5145,CHEMBL498905,Cc1ccc(NC(=O)c2cccc(C(F)(F)F)c2)cc1NC(=O)c1cncnc1,IC50,625.0,1
BRAF,CHEMBL5145,CHEMBL480184,Cc1ccc(NC(=O)c2cccc(C(F)(F)F)c2)cc1NC(=O)c1cnccn1,IC50,1200.0,0
BRAF,CHEMBL5145,CHEMBL520111,Cc1ccc(NC(=O)c2cccc(C(F)(F)F)c2)cc1NC(=O)c1cnc2ccccc2n1,IC50,10500.0,0
BRAF,CHEMBL5145,CHEMBL475433,Cc1ccc(NC(=O)c2cccc(C(F)(F)F)c2)cc1NC(=O)c1ccncc1,IC50,21100.0,0
BRAF,CHEMBL5145,CHEMBL451523,COc1c(NC(=O)Nc2ccc(-c3ccc(CN4CCOCC4)nc3)c3ccccc23)cc(C(C)(C)C)cc1NS(C)(=O)=O,IC50,7200.0,0
BRAF,CHEMBL5145,CHEMBL447317,CNC(=N)SCCCN1C(=O)C2=C(C1=O)n1ccc3cccc(c31)C1Cc3ccccc3N21,IC50,8000.0,0
BRAF,CHEMBL5145,CHEMBL489083,N=C(N)SCCCn1c(=O)c2c(c1=O)n1c3ccccc3cc1c1cccc3ccn2c31,IC50,1200.0,0
BRAF,CHEMBL5145,CHEMBL488271,CNC(=N)SCCCn1c(=O)c2c(c1=O)n1c3ccccc3cc1c1cccc3ccn2c31,IC50,8400.0,0
BRAF,CHEMBL5145,CHEMBL496201,CSc1cc(Oc2ccnc3[nH]c(=O)[nH]c23)ccc1NC(=O)Nc1ccc(Cl)c(C(F)(F)F)c1,IC50,1.0,1
BRAF,CHEMBL5145,CHEMBL496009,CSc1cc(Oc2ccnc3[nH]c(=O)[nH]c23)ccc1NC(=O)Nc1cccc(C(F)(F)F)c1,IC50,1.0,1
BRAF,CHEMBL5145,CHEMBL523753,O=C(Nc1cccc(C(F)(F)F)c1)Nc1ccc(Oc2ccnc3[nH]c(=O)[nH]c23)c2ccccc12,IC50,6.0,1
BRAF,CHEMBL5145,CHEMBL496612,O=C(Nc1cc(F)cc(C(F)(F)F)c1)Nc1ccc(Oc2ccnc3[nH]c(=O)[nH]c23)cc1F,IC50,7.0,1
BRAF,CHEMBL5145,CHEMBL522072,O=C(Nc1cccc(SC(F)(F)F)c1)Nc1ccc(Oc2ccnc3[nH]c(=O)[nH]c23)cc1F,IC50,7.0,1
BRAF,CHEMBL5145,CHEMBL496020,O=C(Nc1ccc(Cl)c(C(F)(F)F)c1)Nc1ccc(Oc2ccnc3[nH]c(=O)[nH]c23)cc1F,IC50,8.0,1
BRAF,CHEMBL5145,CHEMBL487717,Cn1c(=O)[nH]c2nccc(Oc3ccc(NC(=O)Nc4cccc(C(F)(F)F)c4)c4ccccc34)c21,IC50,10.0,1
BRAF,CHEMBL5145,CHEMBL496202,CSc1cc(Oc2ccnc3[nH]c(=O)[nH]c23)ccc1NC(=O)Nc1cc(C(F)(F)F)ccc1F,IC50,12.0,1
BRAF,CHEMBL5145,CHEMBL496414,O=C(Nc1cccc(C(F)(F)F)c1)Nc1ccc(Oc2ccnc3[nH]c(=O)[nH]c23)cc1F,IC50,12.0,1
BRAF,CHEMBL5145,CHEMBL501686,O=C(Nc1cc(C(F)(F)F)ccc1N1CCOCC1)Nc1ccc(Oc2ccnc3[nH]c(=O)[nH]c23)c2ccccc12,IC50,14.0,1
BRAF,CHEMBL5145,CHEMBL496203,COc1cc(NC(=O)Nc2cccc(C(F)(F)F)c2)ccc1Oc1ccnc2[nH]c(=O)[nH]c12,IC50,16.0,1
BRAF,CHEMBL5145,CHEMBL524068,Cn1c(=O)[nH]c2nccc(Oc3ccc(NC(=O)Nc4cc(C(F)(F)F)ccc4F)c4ccccc34)c21,IC50,17.0,1
BRAF,CHEMBL5145,CHEMBL498025,O=C(Nc1ccc(Cl)c(C(F)(F)F)c1)Nc1ccc(Oc2ccnc3[nH]c(=O)[nH]c23)cc1Cl,IC50,21.0,1
BRAF,CHEMBL5145,CHEMBL496185,O=C(Nc1ccc(Cl)c(C(F)(F)F)c1)Nc1ccc(Oc2ccnc3[nH]c(=O)[nH]c23)cc1C(F)(F)F,IC50,22.0,1
BRAF,CHEMBL5145,CHEMBL522724,Cc1cc(NC(=O)Nc2ccc(Cl)c(C(F)(F)F)c2)ccc1Oc1ccnc2[nH]c(=O)[nH]c12,IC50,23.0,1
BRAF,CHEMBL5145,CHEMBL498459,Cn1c(=O)[nH]c2nccc(Oc3ccc(NC(=O)Nc4ccc(Cl)c(C(F)(F)F)c4)c4ccccc34)c21,IC50,23.0,1
BRAF,CHEMBL5145,CHEMBL487718,Cn1c(=O)[nH]c2nccc(Oc3ccc(NC(=O)Nc4cccc(SC(F)(F)F)c4)c4ccccc34)c21,IC50,24.0,1
BRAF,CHEMBL5145,CHEMBL496019,COc1cc(NC(=O)Nc2ccc(Cl)c(C(F)(F)F)c2)ccc1Oc1ccnc2[nH]c(=O)[nH]c12,IC50,25.0,1
BRAF,CHEMBL5145,CHEMBL521725,O=C(Nc1ccc(Cl)c(C(F)(F)F)c1)Nc1ccc(Oc2ccnc3[nH]c(=O)[nH]c23)c2ccccc12,IC50,30.0,1
BRAF,CHEMBL5145,CHEMBL524801,Cc1cc(Oc2ccnc3[nH]c(=O)[nH]c23)ccc1NC(=O)Nc1ccc(Cl)c(C(F)(F)F)c1,IC50,37.0,1
BRAF,CHEMBL5145,CHEMBL498112,O=C(Nc1cc(C(F)(F)F)ccc1F)Nc1ccc(Oc2ccnc3[nH]c(=O)[nH]c23)c2ccccc12,IC50,37.0,1
BRAF,CHEMBL5145,CHEMBL526838,O=C(Nc1cccc(F)c1)Nc1ccc(Oc2ccnc3[nH]c(=O)[nH]c23)c2ccccc12,IC50,37.0,1
BRAF,CHEMBL5145,CHEMBL496081,Cn1c(=O)[nH]c2nccc(Oc3ccc(NC(=O)Nc4cccc(C(C)(C)C)c4)c4ccccc34)c21,IC50,37.0,1
BRAF,CHEMBL5145,CHEMBL498024,O=C(Nc1ccc(Oc2ccnc3[nH]c(=O)[nH]c23)c(F)c1)Nc1ccc(Cl)c(C(F)(F)F)c1,IC50,47.0,1
BRAF,CHEMBL5145,CHEMBL523905,Cc1c(NC(=O)Nc2ccc(Cl)c(C(F)(F)F)c2)ccc(Oc2ccnc3[nH]c(=O)[nH]c23)c1C,IC50,56.0,1
BRAF,CHEMBL5145,CHEMBL496073,CC(C)(C)c1cccc(NC(=O)Nc2ccc(Oc3ccnc4[nH]c(=O)[nH]c34)c3ccccc23)c1,IC50,79.0,1
BRAF,CHEMBL5145,CHEMBL495801,CS(=O)(=O)c1cc(Oc2ccnc3[nH]c(=O)[nH]c23)ccc1NC(=O)Nc1ccc(Cl)c(C(F)(F)F)c1,IC50,90.0,1
BRAF,CHEMBL5145,CHEMBL523229,COc1cc(Oc2ccnc3[nH]c(=O)[nH]c23)ccc1NC(=O)Nc1ccc(Cl)c(C(F)(F)F)c1,IC50,106.0,1
BRAF,CHEMBL5145,CHEMBL487719,Cn1c(=O)[nH]c2c(Oc3ccc(NC(=O)Nc4ccc(Cl)c(C(F)(F)F)c4)c4ccccc34)ccnc21,IC50,156.0,1
BRAF,CHEMBL5145,CHEMBL489856,Cn1c(=O)[nH]c2c(Oc3ccc(NC(=O)Nc4cc(C(F)(F)F)ccc4F)c4ccccc34)ccnc21,IC50,167.0,1
BRAF,CHEMBL5145,CHEMBL498113,O=C(Nc1ccc(F)c(F)c1)Nc1ccc(Oc2ccnc3[nH]c(=O)[nH]c23)c2ccccc12,IC50,220.0,1
BRAF,CHEMBL5145,CHEMBL523907,Cn1c(=O)[nH]c2c(Oc3ccc(NC(=O)Nc4cccc(C(C)(C)C)c4)c4ccccc34)ccnc21,IC50,430.0,1
BRAF,CHEMBL5145,CHEMBL498458,Cn1c(=O)[nH]c2nccc(Oc3ccc(NC(=O)Nc4ccc(Cl)c(C(F)(F)F)c4)c(F)c3)c21,IC50,638.0,1
BRAF,CHEMBL5145,CHEMBL477989,CN(C)CCOc1ccc(-c2nc(-c3ccncc3)c(-c3ccc4c(c3)CC/C4=N\O)[nH]2)cc1,Ki,0.16,1
BRAF,CHEMBL5145,CHEMBL1230020,CCCS(=O)(=O)Nc1ccc(F)c(C(=O)c2c[nH]c3ncc(Cl)cc23)c1F,Ki,4.0,1
BRAF,CHEMBL5145,CHEMBL1197798,Cc1ccc2c(Nc3ccc(Cl)cc3)nccc2c1Nc1ncccc1-c1ncnc2[nH]cnc12,Ki,1.0,1
BRAF,CHEMBL5145,CHEMBL4780489,Nc1ncnc2c(C(=O)Nc3c(Cl)ccc(NS(=O)(=O)N4CCCC4)c3F)cccc12,Ki,2.3,1
BRAF,CHEMBL5145,CHEMBL4757144,Cc1cc(C(=O)Nc2c(Cl)ccc(NS(=O)(=O)c3cc(F)ccc3F)c2F)c2ncnc(N)c2c1,Ki,0.08,1
BRAF,CHEMBL5145,CHEMBL4755886,Nc1ncnc2c(C(=O)Nc3c(Cl)ccc(NS(=O)(=O)c4cc(F)ccc4F)c3F)cc(-c3cccnc3)cc12,Ki,0.08,1
BRAF,CHEMBL5145,CHEMBL4758147,Cc1nn(C)cc1-c1cc(C(=O)Nc2c(Cl)ccc(NS(=O)(=O)c3ccccc3Cl)c2F)c2ncnc(N)c2c1,Ki,0.25,1
BRAF,CHEMBL5145,CHEMBL4752754,Cc1nn(C)cc1-c1cc(C(=O)Nc2c(Cl)ccc(NS(=O)(=O)c3ccccc3F)c2F)c2ncnc(N)c2c1,Ki,0.08,1
BRAF,CHEMBL5145,CHEMBL4740654,Cc1cc(C(=O)Nc2c(Cl)ccc(NS(=O)(=O)c3cc(F)ccc3F)c2F)c2ncnc(NCCN)c2c1,Ki,5.2,1
BRAF,CHEMBL5145,CHEMBL4749836,Cc1cc(C(=O)Nc2c(Cl)ccc(NS(=O)(=O)c3cc(F)ccc3F)c2F)c2ncnc(N[C@@H]3CCCNC3)c2c1,Ki,70.0,1
BRAF,CHEMBL5145,CHEMBL4753081,Cc1cc(C(=O)Nc2c(Cl)ccc(NS(=O)(=O)c3cc(F)ccc3F)c2F)c2ncnc(N[C@H]3CC[C@H](N)CC3)c2c1.Cl,Ki,340.0,1
BRAF,CHEMBL5145,CHEMBL4749470,Nc1ncnc2c(C(=O)Nc3c(Cl)ccc(NS(=O)(=O)c4cc(F)ccc4F)c3F)csc12,Ki,0.08,1
BRAF,CHEMBL5145,CHEMBL4786638,N[C@H]1CC[C@H](Nc2ncnc3c(C(=O)Nc4c(Cl)ccc(NS(=O)(=O)c5cc(F)ccc5F)c4F)csc23)CC1,Ki,1.4,1
BRAF,CHEMBL5145,CHEMBL4760343,Cl.N[C@H]1CC[C@H](Nc2ncnc3c(C(=O)Nc4c(Cl)ccc(NS(=O)(=O)Cc5ccccc5)c4F)csc23)CC1,Ki,55.0,1
BRAF,CHEMBL5145,CHEMBL4781285,N[C@H]1CC[C@H](Nc2ncnc3c(C(=O)Nc4c(Cl)ccc(NS(=O)(=O)c5ccccc5Cl)c4F)csc23)CC1,Ki,110.0,1
BRAF,CHEMBL5145,CHEMBL4780060,Cc1cc(F)c(NC(=O)NCCC(C)(C)C)cc1Nc1ccc2ncn(C)c(=O)c2c1F,Ki,0.08,1
BRAF,CHEMBL5145,CHEMBL3577124,CNc1ncc2cc(-c3cc(NC(=O)NCCC(C)(C)C)c(F)cc3C)c(C)nc2n1,Ki,0.139,1
BRAF,CHEMBL5145,CHEMBL4740241,CNc1ncc2cc(-c3cc(NC(=O)NCCC(C)(C)C)c(F)cc3C)c(=O)n(C)c2n1,Ki,0.102,1
BRAF,CHEMBL5145,CHEMBL4775998,Cc1cc(F)c(NC(=O)NCCC(C)(C)C)cc1-c1ccc2cc(N)ncc2c1,Ki,0.08,1
BRAF,CHEMBL5145,CHEMBL4778772,Cc1cc(F)c(NC(=O)NCCC(C)(C)C)cc1-c1ccc2c(=O)n(C)ncc2c1,Ki,0.08,1
BRAF,CHEMBL5145,CHEMBL4776565,Cc1cc(F)c(C(=O)NCCCC(C)(C)C)cc1-c1ccc2c(=O)n(C)ncc2c1,Ki,0.12,1
BRAF,CHEMBL5145,CHEMBL4758903,Cc1cc(F)c(NC(=O)c2cccc(C(C)(C)C#N)c2)cc1-c1ccc2c(=O)n(C)ncc2c1,Ki,0.08,1
BRAF,CHEMBL5145,CHEMBL4778419,Cc1cc(F)c(NC(=O)c2cccc(C(C)(C)C#N)c2)cc1-c1cnc2c(=O)n(C)ncc2c1,Ki,0.19,1
BRAF,CHEMBL5145,CHEMBL5090624,COc1n[nH]c2ncc(NC(=O)c3cc(NC(=O)NCCC(C)(C)C)c(F)cc3C)cc12,Ki,0.165,1
BRAF,CHEMBL5145,CHEMBL5094514,CNc1cc(-c2cccnc2Nc2cc(NC(=O)NCCC(C)(C)C)c(F)cc2C)ncn1,Ki,0.08,1
BRAF,CHEMBL5145,CHEMBL5079215,Cc1cc(F)c(NC(=O)NCCC(C)(C)C)cc1NC(=O)N(C)c1cc(N)ncn1,Ki,0.08,1
BRAF,CHEMBL5145,CHEMBL5094268,Cc1cc(F)c(NC(=O)NCCC(C)(C)C)cc1NC(=O)c1cccc2c(N)ncnc12,Ki,0.08,1
BRAF,CHEMBL5145,CHEMBL5075174,Cc1cc(F)c(NC(=O)NCCC(C)(C)C)cc1Nc1ccc2ncn(C)c(=O)c2c1,Ki,0.08,1
BRAF,CHEMBL5145,CHEMBL5566280,OCCn1cc(-c2ccc3c(c2)C/C(=N\O)C3)c(-c2ccncc2)n1,Ki,0.13,1
BRAF,CHEMBL5145,CHEMBL200164,O/N=C1/CCCc2cc(-c3[nH]c(-c4ccccc4)nc3-c3ccncc3)ccc21,Kd,17.0,1
BRAF,CHEMBL5145,CHEMBL372543,O/N=C1/CCc2cc(-c3[nH]c(-c4ccccc4)nc3-c3ccncc3)ccc21,Kd,1.3,1
BRAF,CHEMBL5145,CHEMBL200431,N/C(=N\O)c1ccc(-c2[nH]c(-c3ccccc3)nc2-c2ccncc2)cc1,Kd,53.0,1
BRAF,CHEMBL5145,CHEMBL200637,C/C(=N\O)c1ccc(-c2[nH]c(-c3ccccc3)nc2-c2ccncc2)cc1,Kd,11.0,1
BRAF,CHEMBL5145,CHEMBL200412,O/N=C/c1ccc(-c2[nH]c(-c3ccccc3)nc2-c2ccncc2)cc1Cl,Kd,6.0,1
BRAF,CHEMBL5145,CHEMBL200942,O/N=C/c1ccc(-c2[nH]c(-c3ccccc3)nc2-c2ccncc2)cc1O,Kd,27.0,1
BRAF,CHEMBL5145,CHEMBL200783,O/N=C/c1ccc(-c2[nH]c(-c3ccccc3)nc2-c2ccncc2)cc1,Kd,5.0,1
BRAF,CHEMBL5145,CHEMBL435744,OCc1ccc(-c2[nH]c(-c3ccccc3)nc2-c2ccncc2)cc1Cl,Kd,132.0,1
BRAF,CHEMBL5145,CHEMBL427196,OCc1ccc(-c2[nH]c(-c3ccccc3)nc2-c2ccncc2)cc1O,Kd,22.0,1
BRAF,CHEMBL5145,CHEMBL200226,OCc1ccc(-c2[nH]c(-c3ccccc3)nc2-c2ccncc2)cc1,Kd,71.0,1
BRAF,CHEMBL5145,CHEMBL304624,Oc1cccc(-c2nc(-c3ccccc3)[nH]c2-c2ccncc2)c1,Kd,8.0,1
BRAF,CHEMBL5145,CHEMBL200258,Nc1nccc(-c2[nH]c(-c3ccccc3)nc2-c2ccc(Cl)c(O)c2)n1,Kd,5.7,1
BRAF,CHEMBL5145,CHEMBL381421,Oc1cc(-c2[nH]c(-c3ccccc3)nc2-c2ccnnc2)ccc1Cl,Kd,87.0,1
BRAF,CHEMBL5145,CHEMBL370353,Oc1cc(-c2[nH]c(-c3ccccc3)nc2-c2ccncn2)ccc1Cl,Kd,14.0,1
BRAF,CHEMBL5145,CHEMBL478190,CC(COc1nccc(-c2nc(-c3ccc4c(c3)CC/C4=N\O)c(-c3ccncc3)[nH]2)n1)N(C)C,Kd,0.5,1
BRAF,CHEMBL5145,CHEMBL476732,O/N=C1\CCc2cc(-c3cc(CN4CCOCC4)oc3-c3ccncc3)ccc21,Kd,7.2,1
BRAF,CHEMBL5145,CHEMBL514210,CN(C)CCNC(=O)c1cc(-c2ccc3c(c2)CC/C3=N\O)c(-c2ccncc2)o1,Kd,0.5,1
BRAF,CHEMBL5145,CHEMBL515796,COCCN1CCC(c2cc(-c3ccc4c(c3)CC/C4=N\O)c(-c3ccncc3)o2)CC1,Kd,2.7,1
BRAF,CHEMBL5145,CHEMBL477149,O/N=C1\CCc2cc(-c3cc(C4CCNCC4)oc3-c3ccncc3)ccc21,Kd,2.4,1
BRAF,CHEMBL5145,CHEMBL1964267,CN(C)CCOc1ccc(-c2cc(-c3ccncc3)c(-c3ccc4c(c3)CC/C4=N\O)[nH]2)cc1,Kd,2.4,1
BRAF,CHEMBL5145,CHEMBL1964266,CN(C)CCOc1ccc(-c2cc(-c3ccncc3)c(-c3ccc4c(c3)CC/C4=N\O)o2)cc1,Kd,0.9,1
BRAF,CHEMBL5145,CHEMBL477565,CN(C)CCOc1cc(-c2ccc3c(c2)CC/C3=N\O)c(-c2ccncc2)[nH]1,Kd,0.7,1
BRAF,CHEMBL5145,CHEMBL1794072,CN(C)CCOc1ccc(-c2cc(-c3ccc4c(c3)CCC4=NO)c(-c3ccncc3)o2)cc1.Cl,Kd,0.5,1
BRAF,CHEMBL5145,CHEMBL515322,CN(C)Cc1cccc(NC(=O)c2nc(-c3ccc4c(c3)CC/C4=N\O)c(-c3ccncc3)[nH]2)c1,Kd,1.3,1
BRAF,CHEMBL5145,CHEMBL515491,O=C(NCCN1CCOCC1)c1nc(-c2ccc3c(c2)CC/C3=N\O)c(-c2ccncc2)[nH]1,Kd,1.4,1
BRAF,CHEMBL5145,CHEMBL477987,O/N=C1\CCc2cc(-c3nc(CN4CCOCC4)[nH]c3-c3ccncc3)ccc21,Kd,15.8,1
BRAF,CHEMBL5145,CHEMBL477774,COCCN1CCC(c2nc(-c3ccc4c(c3)CC/C4=N\O)c(-c3ccncc3)[nH]2)CC1,Kd,6.3,1
BRAF,CHEMBL5145,CHEMBL1794071,Cl.ON=C1CCc2cc(-c3nc(C4CCNCC4)[nH]c3-c3ccncc3)ccc21,Kd,1.7,1
BRAF,CHEMBL5145,CHEMBL478823,CC(C)(CN)c1nc(-c2ccc3c(c2)CC/C3=N\O)c(-c2ccncc2)[nH]1,Kd,4.9,1
BRAF,CHEMBL5145,CHEMBL572881,CC1(C)CNc2cc(NC(=O)c3cccnc3NCc3ccncc3)ccc21,Kd,630.0,1
BRAF,CHEMBL5145,CHEMBL574738,CCN1CCN(Cc2ccc(NC(=O)Nc3ccc(Oc4cc(NC)ncn4)cc3)cc2C(F)(F)F)CC1,Kd,1700.0,0
BRAF,CHEMBL5145,CHEMBL103667,Cc1ccc(-n2nc(C(C)(C)C)cc2NC(=O)Nc2ccc(OCCN3CCOCC3)c3ccccc23)cc1,Kd,2700.0,0
BRAF,CHEMBL5145,CHEMBL558752,Cn1c(Nc2ccc(C(F)(F)F)cc2)nc2cc(Oc3ccnc(-c4ncc(C(F)(F)F)[nH]4)c3)ccc21,Kd,1200.0,0
BRAF,CHEMBL5145,CHEMBL5416410,Cc1nc(Nc2ncc(C(=O)Nc3c(C)cccc3Cl)s2)cc(N2CCN(CCO)CC2)n1.O,Kd,500.0,1
BRAF,CHEMBL5145,CHEMBL477772,Cc1ccc(Nc2nccc(N(C)c3ccc4c(C)n(C)nc4c3)n2)cc1S(N)(=O)=O,Kd,730.0,1
BRAF,CHEMBL5145,CHEMBL573339,Oc1cccc(-c2nc(N3CCOCC3)c3oc4ncccc4c3n2)c1,Kd,2900.0,0
BRAF,CHEMBL5145,CHEMBL278041,Oc1ccc(-c2nc(-c3ccc(F)cc3)c(-c3ccncc3)[nH]2)cc1,Kd,4800.0,0
BRAF,CHEMBL5145,CHEMBL10,C[S+]([O-])c1ccc(-c2nc(-c3ccc(F)cc3)c(-c3ccncc3)[nH]2)cc1,Kd,710.0,1
BRAF,CHEMBL5145,CHEMBL941,Cc1ccc(NC(=O)c2ccc(CN3CCN(C)CC3)cc2)cc1Nc1nccc(-c2cccnc2)n1,Kd,3300.0,0
BRAF,CHEMBL5145,CHEMBL1824291,COc1cc2ncnc(Oc3cccc(NC(=O)Nc4cc(C(C)(C)C)on4)c3)c2cc1OCCCN1CCOCC1,Kd,29.0,1
BRAF,CHEMBL5145,CHEMBL1824075,COc1cc2ncnc(Oc3cccc(NC(=O)Nc4ccc(Cl)cc4)c3)c2cc1OC,Kd,30.0,1
BRAF,CHEMBL5145,CHEMBL1824296,COc1cc2c(Oc3cccc(NC(=O)Nc4cc(C(C)(C)C)on4)c3)ncnc2cc1OCCN1CCOCC1,Kd,34.0,1
BRAF,CHEMBL5145,CHEMBL1824073,COc1cc2ncnc(Oc3cccc(NC(=O)Nc4cccc(C(C)(C)C)c4)c3)c2cc1OC,Kd,36.0,1
BRAF,CHEMBL5145,CHEMBL1824078,COc1cc2ncnc(Oc3cccc(NC(=O)Nc4cc(C(C)(C)C)on4)c3C)c2cc1OC,Kd,38.0,1
BRAF,CHEMBL5145,CHEMBL1824290,COc1cc2ncnc(Oc3cccc(NC(=O)Nc4cc(C(C)(C)C)on4)c3)c2cc1OCCN1CCOCC1,Kd,38.0,1
BRAF,CHEMBL5145,CHEMBL1824068,COc1cc2ncnc(Nc3cccc(NC(=O)Nc4cc(C(C)(C)C)on4)c3)c2cc1OC,Kd,40.0,1
BRAF,CHEMBL5145,CHEMBL1824072,COc1cc2ncnc(Oc3cccc(NC(=O)Nc4cccc(C(F)(F)F)c4)c3)c2cc1OC,Kd,46.0,1
BRAF,CHEMBL5145,CHEMBL1824286,COc1cc2ncnc(Oc3cc(NC(=O)Nc4cc(C(C)(C)C)on4)c(F)cc3F)c2cc1OC,Kd,46.0,1
BRAF,CHEMBL5145,CHEMBL1824287,COc1cc2ncnc(Oc3cccc(NC(=O)Nc4cc(C(C)(C)C)on4)c3)c2cc1O,Kd,46.0,1
BRAF,CHEMBL5145,CHEMBL1824289,COCCOc1cc2c(Oc3cccc(NC(=O)Nc4cc(C(C)(C)C)on4)c3)ncnc2cc1OC,Kd,48.0,1
BRAF,CHEMBL5145,CHEMBL1824079,COc1cc2ncnc(Oc3ccc(F)c(NC(=O)Nc4cc(C(C)(C)C)on4)c3)c2cc1OC,Kd,56.0,1
BRAF,CHEMBL5145,CHEMBL1824297,COc1cc2c(Oc3cccc(NC(=O)Nc4cc(C(C)(C)C)on4)c3)ncnc2cc1OCCCN1CCOCC1,Kd,56.0,1
BRAF,CHEMBL5145,CHEMBL1824293,COc1cc2c(Oc3cccc(NC(=O)Nc4cc(C(C)(C)C)on4)c3)ncnc2cc1O,Kd,57.0,1
BRAF,CHEMBL5145,CHEMBL1824295,COCCOc1cc2ncnc(Oc3cccc(NC(=O)Nc4cc(C(C)(C)C)on4)c3)c2cc1OC,Kd,57.0,1
BRAF,CHEMBL5145,CHEMBL1824070,COc1cc2ncnc(Sc3cccc(NC(=O)Nc4cc(C(C)(C)C)on4)c3)c2cc1OC,Kd,61.0,1
BRAF,CHEMBL5145,CHEMBL1824288,CCOc1cc2c(Oc3cccc(NC(=O)Nc4cc(C(C)(C)C)on4)c3)ncnc2cc1OC,Kd,67.0,1
BRAF,CHEMBL5145,CHEMBL1824285,COc1cc2ncnc(Oc3cc(NC(=O)Nc4cc(C(C)(C)C)on4)ccc3F)c2cc1OC,Kd,72.0,1
BRAF,CHEMBL5145,CHEMBL1824069,COc1cc2ncnc(Oc3cccc(NC(=O)Nc4cc(C(C)(C)C)on4)c3)c2cc1OC,Kd,73.0,1
BRAF,CHEMBL5145,CHEMBL1824294,CCOc1cc2ncnc(Oc3cccc(NC(=O)Nc4cc(C(C)(C)C)on4)c3)c2cc1OC,Kd,82.0,1
BRAF,CHEMBL5145,CHEMBL1824074,COc1cccc(NC(=O)Nc2cccc(Oc3ncnc4cc(OC)c(OC)cc34)c2)c1,Kd,90.0,1
BRAF,CHEMBL5145,CHEMBL1824076,COc1cc2ncnc(Oc3cccc(NC(=O)Nc4ccc(C(C)(C)C)cc4)c3)c2cc1OC,Kd,96.0,1
BRAF,CHEMBL5145,CHEMBL1824292,COc1cc2ncnc(Oc3cccc(NC(=O)Nc4cc(C(C)(C)C)on4)c3)c2cc1OCCN1CCCCC1,Kd,96.0,1
BRAF,CHEMBL5145,CHEMBL1824077,COc1cc2ncnc(Oc3cccc(NC(=O)Nc4ccc(Cl)c(C(F)(F)F)c4)c3)c2cc1OC,Kd,98.0,1
BRAF,CHEMBL5145,CHEMBL1824080,COc1cc2ncnc(Oc3ccc(Cl)c(NC(=O)Nc4cc(C(C)(C)C)on4)c3)c2cc1OC,Kd,99.0,1
BRAF,CHEMBL5145,CHEMBL1277253,COc1cc2ncnc(Oc3cccc(NC(=O)Nc4ccccc4)c3)c2cc1OC,Kd,370.0,1
BRAF,CHEMBL5145,CHEMBL1824071,COc1cc2ncnc(Nc3ccc(NC(=O)Nc4cc(C(C)(C)C)on4)cc3)c2cc1OC,Kd,478.0,1
BRAF,CHEMBL5145,CHEMBL1834039,CCOC(=O)c1cccc(Nc2nc(N)nc3[nH]cnc23)c1,Kd,700.0,1
BRAF,CHEMBL5145,CHEMBL1524400,NC(=O)c1ccc(Nc2nnc(-c3ccc(O)cc3)c3ccccc23)cc1,Kd,2100.0,0
BRAF,CHEMBL5145,CHEMBL1834040,Nc1nc(N)nc(-c2ccc(Oc3ccccc3N)cc2)n1,Kd,11800.0,0
BRAF,CHEMBL5145,CHEMBL1834041,Cc1ccc(/C=C/c2nc(N)nc(-c3ccccc3O)n2)o1,Kd,20000.0,0
BRAF,CHEMBL5145,CHEMBL1834042,O=C1N/C(=N\c2ccc(O)cc2)S/C1=C\c1c[nH]c2ccccc12,Kd,18500.0,0
BRAF,CHEMBL5145,CHEMBL1834043,Cc1ccc(CNC(=O)c2c(N)n(-c3cccc(O)c3)c3nc4ccccc4nc23)cc1,Kd,12600.0,0
BRAF,CHEMBL5145,CHEMBL386051,CSc1cccc(Nc2ncc3cc(-c4c(Cl)cccc4Cl)c(=O)n(C)c3n2)c1,Kd,5.7,1
BRAF,CHEMBL5145,CHEMBL1789941,N#CC[C@H](C1CCCC1)n1cc(-c2ncnc3[nH]ccc23)cn1,Kd,2200.0,0
BRAF,CHEMBL5145,CHEMBL230011,Nc1nc(N)c2nc(-c3cccc(O)c3)c(-c3cccc(O)c3)nc2n1,Kd,2100.0,0
BRAF,CHEMBL5145,CHEMBL1287853,Cc1cnc(Nc2ccc(OCCN3CCCC3)cc2)nc1Nc1cccc(S(=O)(=O)NC(C)(C)C)c1,Kd,9800.0,0
BRAF,CHEMBL5145,CHEMBL1230609,COc1cc2c(Oc3ccc(NC(=O)C4(C(=O)Nc5ccc(F)cc5)CC4)cc3F)ccnc2cc1OCCCN1CCOCC1,Kd,3500.0,0
BRAF,CHEMBL5145,CHEMBL1241674,CC(C)n1nc(-c2cc3cc(O)ccc3[nH]2)c2c(N)ncnc21,Kd,880.0,1
BRAF,CHEMBL5145,CHEMBL1908391,Cc1ccc(NC(=O)c2ccc(CN3CCN(C)CC3)cc2)cc1Nc1nc(-c2cccnc2)cs1,Kd,1800.0,0
BRAF,CHEMBL5145,CHEMBL296468,CC(C)(C)c1cnc(CSc2cnc(NC(=O)C3CCNCC3)s2)o1,Kd,1300.0,0
BRAF,CHEMBL5145,CHEMBL475251,COc1cc(Nc2ncc(F)c(Nc3ccc4c(n3)NC(=O)C(C)(C)O4)n2)cc(OC)c1OC,Kd,240.0,1
BRAF,CHEMBL5145,CHEMBL255863,Cc1cn(-c2cc(NC(=O)c3ccc(C)c(Nc4nccc(-c5cccnc5)n4)c3)cc(C(F)(F)F)c2)cn1,Kd,1700.0,0
BRAF,CHEMBL5145,CHEMBL1939412,O=C(O)c1ccc(Nc2ncnc3[nH]cnc23)cc1,Kd,9400.0,0
BRAF,CHEMBL5145,CHEMBL1939413,Nc1nc(Nc2cccc(O)c2)c2nc[nH]c2n1,Kd,5800.0,0
BRAF,CHEMBL5145,CHEMBL1939414,Nc1nc(Nc2cccc(Br)c2)c2nc[nH]c2n1,Kd,2200.0,0
BRAF,CHEMBL5145,CHEMBL1939415,CCC(=O)c1cccc(Nc2nc(N)nc3[nH]cnc23)c1,Kd,2800.0,0
BRAF,CHEMBL5145,CHEMBL1939416,COc1ccc(Nc2nc(N)nc3[nH]cnc23)cc1OC,Kd,5100.0,0
BRAF,CHEMBL5145,CHEMBL1939417,Nc1nc(Nc2cccc(F)c2)c2nc[nH]c2n1,Kd,4800.0,0
BRAF,CHEMBL5145,CHEMBL1939418,Nc1nc(Nc2ccc(F)c(Cl)c2)c2nc[nH]c2n1,Kd,3200.0,0
BRAF,CHEMBL5145,CHEMBL1939419,COc1cc(Nc2nc(N)nc3[nH]cnc23)cc(OC)c1OC,Kd,4100.0,0
BRAF,CHEMBL5145,CHEMBL1939420,Nc1nc(Nc2ccc(Cl)c(Cl)c2)c2nc[nH]c2n1,Kd,3600.0,0
BRAF,CHEMBL5145,CHEMBL1642669,COc1ccc(OC)c(Nc2nc(N)nc3[nH]cnc23)c1,Kd,430.0,1
BRAF,CHEMBL5145,CHEMBL1939421,Nc1nc(Nc2cccc(Cl)c2)c2nc[nH]c2n1,Kd,3000.0,0
BRAF,CHEMBL5145,CHEMBL1939422,Nc1nc(Nc2cccc(C(F)(F)F)c2)c2nc[nH]c2n1,Kd,1700.0,0
BRAF,CHEMBL5145,CHEMBL1939423,c1nc2c(Nc3ccc4c(c3)OCCO4)nc(Nc3ccc4c(c3)OCCO4)nc2[nH]1,Kd,5200.0,0
BRAF,CHEMBL5145,CHEMBL1939424,COc1cc(Nc2nc(N)nc3[nH]cnc23)cc(OC)c1,Kd,3100.0,0
BRAF,CHEMBL5145,CHEMBL1939425,Nc1nc(Nc2ccccc2O)c2nc[nH]c2n1,Kd,2000.0,0
BRAF,CHEMBL5145,CHEMBL1939426,CC(=O)Nc1ccc(Nc2ncnc3[nH]cnc23)cc1,Kd,790.0,1
BRAF,CHEMBL5145,CHEMBL1939427,Cc1ccc(Nc2nncc3c(-c4ccc(O)cc4)cccc23)cc1,Kd,4700.0,0
BRAF,CHEMBL5145,CHEMBL1939563,NC(=O)COc1ccc(Nc2nncc3c(-c4ccc(O)cc4)cccc23)cc1,Kd,2500.0,0
BRAF,CHEMBL5145,CHEMBL1939564,COc1ccc(Nc2nncc3c(-c4ccc(O)cc4)cccc23)cc1,Kd,3700.0,0
BRAF,CHEMBL5145,CHEMBL1939565,Oc1ccc(-c2cccc3c(Nc4cccc(O)c4)nncc23)cc1,Kd,5100.0,0
BRAF,CHEMBL5145,CHEMBL1939566,NS(=O)(=O)c1ccc(Nc2nncc3c(-c4ccc(O)cc4)cccc23)cc1,Kd,4700.0,0
BRAF,CHEMBL5145,CHEMBL1939567,NC(=O)Cc1ccc(Nc2nncc3c(-c4ccc(O)cc4)cccc23)cc1,Kd,8000.0,0
BRAF,CHEMBL5145,CHEMBL1939568,CN(C)C(=O)Cc1ccc(-c2cccc3c(Nc4cccc(O)c4)nncc23)cc1,Kd,9600.0,0
BRAF,CHEMBL5145,CHEMBL2029988,COc1cc2ncnc(Oc3cccc(NC(=O)Nc4cc(C(C)(C)C(F)(F)F)on4)c3)c2cc1OC,Kd,36.0,1
BRAF,CHEMBL5145,CHEMBL2029999,COc1cc2ncnc(Oc3cccc(NC(=O)Nc4cc(C(C)(C)C(F)(F)F)nn4-c4ccccc4)c3)c2cc1OC,Kd,271.0,1
BRAF,CHEMBL5145,CHEMBL2029998,COc1cc2ncnc(Oc3cccc(NC(=O)Nc4cc(C(C)(C)C)nn4Cc4ccccc4)c3)c2cc1OC,Kd,175.0,1
BRAF,CHEMBL5145,CHEMBL2029997,COc1cc2ncnc(Oc3cccc(NC(=O)Nc4cc(C(C)(C)C)nn4-c4ccccc4)c3)c2cc1OC,Kd,295.0,1
BRAF,CHEMBL5145,CHEMBL2029996,COc1cc2ncnc(Oc3cccc(NC(=O)Nc4cc(C(C)(C)C)nn4C4CCCCC4)c3)c2cc1OC,Kd,174.0,1
BRAF,CHEMBL5145,CHEMBL2029995,COc1cc2ncnc(Oc3cccc(NC(=O)Nc4cc(C(C)(C)C)nn4CC(C)C)c3)c2cc1OC,Kd,101.0,1
BRAF,CHEMBL5145,CHEMBL2029994,COc1cc2ncnc(Oc3cccc(NC(=O)Nc4cc(C(C)(C)C)nn4C(C)C)c3)c2cc1OC,Kd,85.0,1
BRAF,CHEMBL5145,CHEMBL2029993,COc1cc2ncnc(Sc3cccc(NC(=O)Nc4cc(C(C)(C)F)no4)c3)c2cc1OC,Kd,39.0,1
BRAF,CHEMBL5145,CHEMBL2029992,COc1cc2ncnc(Sc3cccc(NC(=O)Nc4cc(C5(C(F)(F)F)CC5)on4)c3)c2cc1OC,Kd,31.0,1
BRAF,CHEMBL5145,CHEMBL2029991,COc1cc2ncnc(Sc3cccc(NC(=O)Nc4cc(C(C)(C)C(F)(F)F)on4)c3)c2cc1OC,Kd,74.0,1
BRAF,CHEMBL5145,CHEMBL2029990,COc1cc2ncnc(Sc3cccc(NC(=O)Nc4cc(C(C)(CF)CF)on4)c3)c2cc1OC,Kd,50.0,1
BRAF,CHEMBL5145,CHEMBL2029989,COc1cc2ncnc(Oc3cccc(NC(=O)Nc4cc(C5(C(F)(F)F)CC5)on4)c3)c2cc1OC,Kd,27.0,1
BRAF,CHEMBL5145,CHEMBL2029987,COc1cc2ncnc(Oc3cccc(NC(=O)Nc4cc(C(C)(CF)CF)on4)c3)c2cc1OC,Kd,45.0,1
BRAF,CHEMBL5145,CHEMBL2029986,COc1cc2ncnc(Oc3cccc(NC(=O)Nc4cc(C(C)(C)F)on4)c3)c2cc1OC,Kd,29.0,1
BRAF,CHEMBL5145,CHEMBL2029985,COc1cc2ncnc(Oc3cccc(NC(=O)Nc4cc(C(C)(C)C#N)no4)c3)c2cc1OC,Kd,48.0,1
BRAF,CHEMBL5145,CHEMBL2029984,COc1cc2ncnc(Oc3cccc(NC(=O)Nc4cc(C5(C(F)(F)F)CCC5)no4)c3)c2cc1OC,Kd,129.0,1
BRAF,CHEMBL5145,CHEMBL2029983,COc1cc2ncnc(Oc3cccc(NC(=O)Nc4cc(C(C)(C)C(F)(F)F)no4)c3)c2cc1OC,Kd,66.0,1
BRAF,CHEMBL5145,CHEMBL2029982,COc1cc2ncnc(Oc3cccc(NC(=O)Nc4cc(C(C)(CF)CF)no4)c3)c2cc1OC,Kd,132.0,1
BRAF,CHEMBL5145,CHEMBL2029981,COc1cc2ncnc(Oc3cccc(NC(=O)Nc4cc(C(C)(C)F)no4)c3)c2cc1OC,Kd,44.0,1
BRAF,CHEMBL5145,CHEMBL2029980,COc1cc2ncnc(Oc3cccc(NC(=O)Nc4cc(C(C)(F)F)no4)c3)c2cc1OC,Kd,76.0,1
BRAF,CHEMBL5145,CHEMBL2029979,COc1cc2ncnc(Oc3cccc(NC(=O)Nc4cc(C(F)(F)F)no4)c3)c2cc1OC,Kd,78.0,1
BRAF,CHEMBL5145,CHEMBL2029978,COCC(C)(C)c1cc(NC(=O)Nc2cccc(Oc3ncnc4cc(OC)c(OC)cc34)c2)no1,Kd,151.0,1
BRAF,CHEMBL5145,CHEMBL2029977,COc1cc2ncnc(Oc3cccc(NC(=O)Nc4cc(C(C)(C)CO)on4)c3)c2cc1OC,Kd,49.0,1
BRAF,CHEMBL5145,CHEMBL2029976,COc1cc2ncnc(Oc3cccc(NC(=O)Nc4cc(-c5ccccc5)no4)c3)c2cc1OC,Kd,1454.0,0
BRAF,CHEMBL5145,CHEMBL2029975,COc1cc2ncnc(Oc3cccc(NC(=O)Nc4cc(C5CCCC5)no4)c3)c2cc1OC,Kd,122.0,1
BRAF,CHEMBL5145,CHEMBL2029974,COc1cc2ncnc(Oc3cccc(NC(=O)Nc4cc(C(C)C)no4)c3)c2cc1OC,Kd,31.0,1
BRAF,CHEMBL5145,CHEMBL2029973,COc1cc2ncnc(Oc3cccc(NC(=O)Nc4cc(-c5ccccc5)on4)c3)c2cc1OC,Kd,136.0,1
BRAF,CHEMBL5145,CHEMBL2029972,COc1cc2ncnc(Oc3cccc(NC(=O)Nc4cc(C5CCCC5)on4)c3)c2cc1OC,Kd,37.0,1
BRAF,CHEMBL5145,CHEMBL2029971,COc1cc2ncnc(Oc3cccc(NC(=O)Nc4cc(C(C)C)on4)c3)c2cc1OC,Kd,19.0,1
BRAF,CHEMBL5145,CHEMBL2029970,COc1cc2ncnc(Oc3cccc(NC(=O)Nc4cc(C)on4)c3)c2cc1OC,Kd,678.0,1
BRAF,CHEMBL5145,CHEMBL2029969,COc1cc2ncnc(Oc3cccc(NC(=O)Nc4cc(C(C)(C)C)nn4C)c3)c2cc1OC,Kd,87.0,1
BRAF,CHEMBL5145,CHEMBL2029968,COc1cc2ncnc(Oc3cccc(NC(=O)Nc4cnn(C(C)(C)C)c4)c3)c2cc1OC,Kd,75.0,1
BRAF,CHEMBL5145,CHEMBL2029967,COc1cc2ncnc(Oc3cccc(NC(=O)Nc4cc(C(C)(C)C)no4)c3)c2cc1OC,Kd,51.0,1
BRAF,CHEMBL5145,CHEMBL3415553,CCCS(=O)(=O)Nc1cc(F)c(C(=O)c2c[nH]c3ncc(-c4ccc(Cl)cc4)cc23)c(F)c1,Kd,130.0,1
BRAF,CHEMBL5145,CHEMBL3415554,CCCS(=O)(=O)Nc1cc(F)c(C(=O)c2c[nH]c3ncc(Cl)cc23)c(F)c1,Kd,140.0,1
BRAF,CHEMBL5145,CHEMBL3415555,CCN(C)S(=O)(=O)Nc1cc(F)c(C(=O)c2c[nH]c3ncc(Cl)cc23)c(F)c1,Kd,550.0,1
BRAF,CHEMBL5145,CHEMBL3415556,CCN(C)S(=O)(=O)Nc1cc(F)c(C(=O)c2c[nH]c3ncc(-c4ccc(Cl)cc4)cc23)c(F)c1,Kd,1410.0,0
BRAF,CHEMBL5145,CHEMBL2148124,CCN1CCN(Cc2ccc(NC(=O)c3cccc(-c4ccc5nc(NC(=O)C6CC6)sc5n4)c3)cc2C(F)(F)F)CC1,Kd,36.0,1
BRAF,CHEMBL5145,CHEMBL206834,Cc1ccc(NC(=O)c2ccc(CN3CC[C@H](N(C)C)C3)c(C(F)(F)F)c2)cc1Nc1nccc(-c2cncnc2)n1,Kd,1135.0,0
BRAF,CHEMBL5145,CHEMBL2140408,Cc1csc(-c2nnc(Nc3ccc(Oc4ncccc4-c4ccnc(N)n4)cc3)c3ccccc23)c1,Kd,2482.0,0
BRAF,CHEMBL5145,CHEMBL1946170,CNC(=O)c1cc(Oc2ccc(NC(=O)Nc3ccc(Cl)c(C(F)(F)F)c3)c(F)c2)ccn1,Kd,3125.0,0
BRAF,CHEMBL5145,CHEMBL3991932,Cc1ccc(-n2nc(C(C)(C)C)cc2NC(=O)NCc2cc(F)ccc2Oc2ccc3c(cnn3CCO)c2)cc1,Kd,5233.0,0
BRAF,CHEMBL5145,CHEMBL1738757,CNC(=O)c1cc(Oc2ccc(NC(=O)Nc3cc(C(C)(C)C)nn3-c3ccc4ncccc4c3)c(F)c2)ccn1,Kd,26018.0,0
BRAF,CHEMBL5145,CHEMBL1229517,CCCS(=O)(=O)Nc1ccc(F)c(C(=O)c2c[nH]c3ncc(-c4ccc(Cl)cc4)cc23)c1F,Kd,3386.0,0
BRAF,CHEMBL5145,CHEMBL3301612,COC(=O)N[C@@H](C)CNc1nccc(-c2cn(C(C)C)nc2-c2cc(Cl)cc(NS(C)(=O)=O)c2F)n1,Kd,124.0,1
BRAF,CHEMBL5145,CHEMBL3264002,CNS(=O)(=O)Nc1nccc(Cc2c(C)c3ccc(Oc4ncccn4)cc3oc2=O)c1F,Kd,7.0,1
BRAF,CHEMBL5145,CHEMBL1171837,Cc1ccc(C(=O)Nc2ccc(CN3CCN(C)CC3)c(C(F)(F)F)c2)cc1C#Cc1cnc2cccnn12,Kd,1194.0,0
BRAF,CHEMBL5145,CHEMBL2028663,CC(C)(C)c1nc(-c2cccc(NS(=O)(=O)c3c(F)cccc3F)c2F)c(-c2ccnc(N)n2)s1,Kd,22.0,1
BRAF,CHEMBL5145,CHEMBL400402,Cc1cc(-c2cc(O)ccc2Cl)cc2nnc(Nc3ccc(OCCN4CCCC4)cc3)nc12,Kd,3.0,1
BRAF,CHEMBL5145,CHEMBL3348923,C[C@@H](NC(=O)c1ncnc(N)c1Cl)c1ncc(C(=O)Nc2cc(C(F)(F)F)c(Cl)cn2)s1,Kd,3772.0,0
BRAF,CHEMBL5145,CHEMBL4098896,COc1n[nH]c2ncc(C#Cc3c(F)ccc(NS(=O)(=O)c4cccc(C#N)c4)c3F)cc12,Kd,50.0,1
BRAF,CHEMBL5145,CHEMBL4247751,Cc1nc2ccc(-c3ccnc4ccccc34)c(C)c2c(=O)[nH]1,Kd,65.0,1
BRAF,CHEMBL5145,CHEMBL4583691,Cc1ccc(NC(=O)c2ccnc(C(F)(F)F)c2)cc1-c1cc(OCCO)nc(N2CCOCC2)c1,Kd,1.3,1
BRAF,CHEMBL5145,CHEMBL4541406,CCCS(=O)(=O)Nc1ccc(F)c(C(=O)c2c[nH]c3ncc(-c4ccc(CNC(=O)CCCCNc5ccc6c(c5)C(=O)N(C5CCC(=O)NC5=O)C6=O)cc4)cc23)c1F,Kd,14.4,1
BRAF,CHEMBL5145,CHEMBL4449322,CCCS(=O)(=O)Nc1ccc(F)c(C(=O)c2c[nH]c3ncc(-c4ccc(CNC(=O)CCCCNc5ccc6c(c5)C(=O)N(C5CCC(=O)N(C)C5=O)C6=O)cc4)cc23)c1F,Kd,7.3,1
BRAF,CHEMBL5145,CHEMBL4443903,CCCS(=O)(=O)Nc1ccc(F)c(-n2cc(-c3cncnc3)c3nc(N(C)C4CCN(C(=O)CCOCCOCCOCCNc5cccc6c5C(=O)N(C5CCC(=O)NC5=O)C6=O)CC4)ccc32)c1F,Kd,2.0,1
BRAF,CHEMBL5145,CHEMBL4440761,CCCS(=O)(=O)Nc1ccc(F)c(-n2cc(-c3cncnc3)c3nc(N(C)C4CCN(C(=O)CCOCCOCCOCCNc5cccc6c5C(=O)N(C5CCC(=O)N(C)C5=O)C6=O)CC4)ccc32)c1F,Kd,2.7,1
BRAF,CHEMBL5145,CHEMBL4212692,CCCS(=O)(=O)Nc1ccc(F)c(-n2cc(-c3cncnc3)c3nc(N(C)C4CCN(CC)CC4)ccc32)c1F,Kd,0.33,1
BRAF,CHEMBL5145,CHEMBL4541688,CC[C@H](C)[C@H](NC(=O)[C@H](CC(N)=O)NC(=O)[C@@H](NC(=O)[C@H](Cc1cnc[nH]1)NC(=O)[C@H](CCCNC(=N)N)NC(=O)[C@@H](NC(=O)[C@H](CCCCN)NC(=O)[C@H](CCCNC(=N)N)NC(=O)[C@H](CC(C)C)NC(=O)[C@@H](NC(=O)CN)C(C)C)[C@@H](C)O)C(C)C)C(=O)N[C@@H](CC(C)C)C(=O)N[C@@H](CC(C)C)C(=O)N[C@@H](Cc1ccccc1)C(=O)N[C@@H](CCSC)C(=O)NCC(=O)N[C@@H](Cc1ccc(O)cc1)C(=O)N[C@@H](CO)C(=O)N[C@H](C(=O)O)[C@@H](C)O,Kd,3840.0,0
BRAF,CHEMBL5145,CHEMBL4579756,CC[C@H](C)[C@H](NC(=O)[C@H](CCCNC(=N)N)NC(=O)CN)C(=O)N[C@@H](CC(N)=O)C(=O)N[C@@H](CCCCN)C(=O)NCC(=O)N[C@@H](CCCNC(=N)N)C(=O)N[C@@H](Cc1cnc[nH]1)C(=O)N[C@H](C(=O)N[C@@H](Cc1ccccc1)C(=O)N[C@@H](CC(C)C)C(=O)N[C@@H](CC(C)C)C(=O)N[C@H](C(=O)N[C@H](C(=O)N[C@@H](CCSC)C(=O)N[C@H](C(=O)N[C@@H](Cc1ccc(O)cc1)C(=O)N[C@@H](CO)C(=O)N[C@@H](CC(C)C)C(=O)O)[C@@H](C)O)C(C)C)C(C)C)[C@@H](C)O,Kd,2960.0,0
BRAF,CHEMBL5145,CHEMBL4531640,CC[C@H](C)[C@H](NC(=O)[C@H](CC(N)=O)NC(=O)[C@@H](NC(=O)[C@H](Cc1cnc[nH]1)NC(=O)[C@H](CCCNC(=N)N)NC(=O)[C@@H](NC(=O)[C@H](CCCCN)NC(=O)[C@H](CCCNC(=N)N)NC(=O)[C@H](C)NC(=O)[C@@H](NC(=O)CN)C(C)C)[C@@H](C)O)C(C)C)C(=O)N[C@@H](CC(C)C)C(=O)N[C@@H](CC(C)C)C(=O)N[C@@H](Cc1ccccc1)C(=O)N[C@@H](CCSC)C(=O)NCC(=O)N[C@@H](Cc1ccc(O)cc1)C(=O)N[C@@H](CO)C(=O)N[C@H](C(=O)O)[C@@H](C)O,Kd,3890.0,0
BRAF,CHEMBL5145,CHEMBL4441432,CC[C@H](C)[C@H](NC(=O)[C@H](CC(N)=O)NC(=O)[C@@H](NC(=O)[C@H](Cc1cnc[nH]1)NC(=O)[C@H](CCCNC(=N)N)NC(=O)[C@@H](NC(=O)[C@H](CCCCN)NC(=O)[C@H](CCC(=O)O)NC(=O)[C@H](CC(C)C)NC(=O)[C@@H](NC(=O)CN)C(C)C)[C@@H](C)O)C(C)C)C(=O)N[C@@H](CC(C)C)C(=O)N[C@@H](CC(C)C)C(=O)N[C@@H](Cc1ccccc1)C(=O)N[C@@H](CCSC)C(=O)NCC(=O)N[C@@H](Cc1ccc(O)cc1)C(=O)N[C@@H](CO)C(=O)N[C@H](C(=O)O)[C@@H](C)O,Kd,1090.0,0
BRAF,CHEMBL5145,CHEMBL4542044,CC[C@H](C)[C@H](NC(=O)[C@H](CC(N)=O)NC(=O)[C@@H](NC(=O)[C@H](Cc1cnc[nH]1)NC(=O)[C@H](CCCNC(=N)N)NC(=O)[C@@H](NC(=O)[C@H](CCCCN)NC(=O)[C@H](CC(C)C)NC(=O)[C@H](CC(C)C)NC(=O)[C@@H](NC(=O)CN)C(C)C)[C@@H](C)O)C(C)C)C(=O)N[C@@H](CC(C)C)C(=O)N[C@@H](CC(C)C)C(=O)N[C@@H](Cc1ccccc1)C(=O)N[C@@H](CCSC)C(=O)NCC(=O)N[C@@H](Cc1ccc(O)cc1)C(=O)N[C@@H](CO)C(=O)N[C@H](C(=O)O)[C@@H](C)O,Kd,540.0,1
BRAF,CHEMBL5145,CHEMBL4440248,CC[C@H](C)[C@H](NC(=O)[C@H](CC(N)=O)NC(=O)[C@@H](NC(=O)[C@H](Cc1cnc[nH]1)NC(=O)[C@H](CCCNC(=N)N)NC(=O)[C@H](CC(=O)O)NC(=O)[C@H](CCCCN)NC(=O)[C@H](CCCNC(=N)N)NC(=O)[C@H](CC(C)C)NC(=O)[C@@H](NC(=O)CN)C(C)C)C(C)C)C(=O)N[C@@H](CC(C)C)C(=O)N[C@@H](CC(C)C)C(=O)N[C@@H](Cc1ccccc1)C(=O)N[C@@H](CCSC)C(=O)NCC(=O)N[C@@H](Cc1ccc(O)cc1)C(=O)N[C@@H](CO)C(=O)N[C@H](C(=O)O)[C@@H](C)O,Kd,2200.0,0
BRAF,CHEMBL5145,CHEMBL4447862,CC[C@H](C)[C@H](NC(=O)[C@H](CC(N)=O)NC(=O)[C@@H](NC(=O)[C@H](Cc1cnc[nH]1)NC(=O)[C@H](CCCNC(=N)N)NC(=O)[C@H](C)NC(=O)[C@H](CCCCN)NC(=O)[C@H](CCCNC(=N)N)NC(=O)[C@H](CC(C)C)NC(=O)[C@@H](NC(=O)CN)C(C)C)C(C)C)C(=O)N[C@@H](CC(C)C)C(=O)N[C@@H](CC(C)C)C(=O)N[C@@H](Cc1ccccc1)C(=O)N[C@@H](CCSC)C(=O)NCC(=O)N[C@@H](Cc1ccc(O)cc1)C(=O)N[C@@H](CO)C(=O)N[C@H](C(=O)O)[C@@H](C)O,Kd,2800.0,0
BRAF,CHEMBL5145,CHEMBL4459130,CC[C@H](C)[C@H](NC(=O)[C@H](CC(N)=O)NC(=O)[C@H](C)NC(=O)[C@H](Cc1cnc[nH]1)NC(=O)[C@H](CCCNC(=N)N)NC(=O)[C@@H](NC(=O)[C@H](CCCCN)NC(=O)[C@H](CCCNC(=N)N)NC(=O)[C@H](CC(C)C)NC(=O)[C@@H](NC(=O)CN)C(C)C)[C@@H](C)O)C(=O)N[C@@H](CC(C)C)C(=O)N[C@@H](CC(C)C)C(=O)N[C@@H](Cc1ccccc1)C(=O)N[C@@H](CCSC)C(=O)NCC(=O)N[C@@H](Cc1ccc(O)cc1)C(=O)N[C@@H](CO)C(=O)N[C@H](C(=O)O)[C@@H](C)O,Kd,4750.0,0
BRAF,CHEMBL5145,CHEMBL4592246,CC[C@H](C)[C@H](NC(=O)[C@H](CC(N)=O)NC(=O)[C@@H](NC(=O)[C@H](Cc1cnc[nH]1)NC(=O)[C@H](CCCNC(=N)N)NC(=O)[C@@H](NC(=O)[C@H](CCCCN)NC(=O)[C@H](CCCNC(=N)N)NC(=O)[C@H](CC(C)C)NC(=O)[C@@H](NC(=O)CN)C(C)C)[C@@H](C)O)C(C)C)C(=O)N[C@@H](C)C(=O)N[C@@H](CC(C)C)C(=O)N[C@@H](Cc1ccccc1)C(=O)N[C@@H](CCSC)C(=O)NCC(=O)N[C@@H](Cc1ccc(O)cc1)C(=O)N[C@@H](CO)C(=O)N[C@H](C(=O)O)[C@@H](C)O,Kd,9800.0,0
BRAF,CHEMBL5145,CHEMBL4561891,CC[C@H](C)[C@H](NC(=O)[C@H](CC(C)C)NC(=O)[C@@H](NC(=O)[C@H](CC(N)=O)NC(=O)[C@@H](NC(=O)[C@H](Cc1cnc[nH]1)NC(=O)[C@H](CCCNC(=N)N)NC(=O)[C@@H](NC(=O)[C@H](CCCCN)NC(=O)[C@H](CCCNC(=N)N)NC(=O)[C@H](CC(C)C)NC(=O)[C@@H](NC(=O)CN)C(C)C)[C@@H](C)O)C(C)C)[C@@H](C)CC)C(=O)N[C@@H](Cc1ccccc1)C(=O)N[C@@H](CCSC)C(=O)NCC(=O)N[C@@H](Cc1ccc(O)cc1)C(=O)N[C@@H](CO)C(=O)N[C@H](C(=O)O)[C@@H](C)O,Kd,4100.0,0
BRAF,CHEMBL5145,CHEMBL4443036,CC[C@H](C)[C@H](NC(=O)[C@H](CC(N)=O)NC(=O)[C@@H](NC(=O)[C@H](Cc1cnc[nH]1)NC(=O)[C@H](CCCNC(=N)N)NC(=O)[C@@H](NC(=O)[C@H](CCCCN)NC(=O)[C@H](CCCNC(=N)N)NC(=O)[C@H](CC(C)C)NC(=O)[C@@H](NC(=O)CN)C(C)C)[C@@H](C)O)C(C)C)C(=O)N[C@@H](CC(C)C)C(=O)NC(CCC(C)C)C(=O)N[C@@H](Cc1ccccc1)C(=O)N[C@@H](CCSC)C(=O)NCC(=O)N[C@@H](Cc1ccc(O)cc1)C(=O)N[C@@H](CO)C(=O)N[C@H](C(=O)O)[C@@H](C)O,Kd,1250.0,0
BRAF,CHEMBL5145,CHEMBL4589790,CC[C@H](C)[C@H](NC(=O)[C@H](CC(N)=O)NC(=O)[C@@H](NC(=O)[C@H](Cc1cnc[nH]1)NC(=O)[C@H](CCCNC(=N)N)NC(=O)[C@@H](NC(=O)[C@H](CCCCN)NC(=O)[C@H](CCCNC(=N)N)NC(=O)[C@H](CC(C)C)NC(=O)[C@@H](NC(=O)CN)C(C)C)[C@@H](C)O)C(C)C)C(=O)N[C@@H](CC(C)C)C(=O)N[C@@H](CC(C)C)C(=O)N[C@@H](Cc1ccccc1)C(=O)N[C@@H](CCSC)C(=O)NCC(=O)O,Kd,1880.0,0
BRAF,CHEMBL5145,CHEMBL4444440,CC[C@H](C)[C@H](NC(=O)[C@H](CC(N)=O)NC(=O)[C@@H](NC(=O)[C@H](Cc1cnc[nH]1)NC(=O)[C@H](CCCNC(=N)N)NC(=O)[C@@H](NC(=O)[C@H](CCCCN)NC(=O)[C@H](CCCNC(=N)N)NC(=O)[C@H](CC(C)C)NC(=O)[C@@H](N)C(C)C)[C@@H](C)O)C(C)C)C(=O)N[C@@H](CC(C)C)C(=O)N[C@@H](CC(C)C)C(=O)N[C@@H](Cc1ccccc1)C(=O)N[C@@H](CCSC)C(=O)O,Kd,5750.0,0
BRAF,CHEMBL5145,CHEMBL4541462,CC[C@H](C)[C@H](NC(=O)[C@H](CC(N)=O)NC(=O)[C@@H](NC(=O)[C@H](Cc1cnc[nH]1)NC(=O)[C@H](CCCNC(=N)N)NC(=O)[C@@H](NC(=O)[C@H](CCCCN)NC(=O)[C@H](CCCNC(=N)N)NC(=O)[C@H](CC(C)C)NC(=O)[C@@H](N)C(C)C)[C@@H](C)O)C(C)C)C(=O)N[C@@H](CC(C)C)C(=O)N[C@@H](CC(C)C)C(=O)N[C@@H](Cc1ccccc1)C(=O)N[C@@H](CCSC)C(=O)NCC(=O)O,Kd,130.0,1
BRAF,CHEMBL5145,CHEMBL4520561,CC[C@H](C)[C@H](NC(=O)[C@H](CC(N)=O)NC(=O)[C@@H](NC(=O)[C@H](Cc1cnc[nH]1)NC(=O)[C@H](CCCNC(=N)N)NC(=O)[C@@H](NC(=O)[C@H](CCCCN)NC(=O)[C@H](CCCNC(=N)N)NC(=O)[C@H](CC(C)C)NC(=O)[C@@H](N)C(C)C)[C@@H](C)O)C(C)C)C(=O)N[C@@H](CC(C)C)C(=O)N[C@@H](CC(C)C)C(=O)N[C@@H](Cc1ccccc1)C(=O)N[C@@H](CCSC)C(=O)NCC(N)=O,Kd,480.0,1
BRAF,CHEMBL5145,CHEMBL4474883,CC[C@H](C)[C@H](NC(=O)[C@H](CC(N)=O)NC(=O)[C@@H](NC(=O)[C@H](Cc1cnc[nH]1)NC(=O)[C@H](CCCNC(=N)N)NC(=O)[C@@H](NC(=O)[C@H](CCCCN)NC(=O)[C@H](CCCNC(=N)N)NC(=O)[C@H](CC(C)C)NC(=O)[C@@H](NC(C)=O)C(C)C)[C@@H](C)O)C(C)C)C(=O)N[C@@H](CC(C)C)C(=O)N[C@@H](CC(C)C)C(=O)N[C@@H](Cc1ccccc1)C(=O)N[C@@H](CCSC)C(=O)NCC(=O)O,Kd,800.0,1
BRAF,CHEMBL5145,CHEMBL4575624,CC[C@H](C)[C@H](NC(=O)[C@H](CC(N)=O)NC(=O)[C@@H](NC(=O)[C@H](Cc1cnc[nH]1)NC(=O)[C@H](CCCNC(=N)N)NC(=O)[C@H](C)NC(=O)[C@H](CCCCN)NC(=O)[C@H](CCCNC(=N)N)NC(=O)[C@H](CC(C)C)NC(=O)[C@@H](N)C(C)C)C(C)C)C(=O)N[C@@H](CC(C)C)C(=O)NC(CCC(C)C)C(=O)N[C@@H](Cc1ccccc1)C(=O)N[C@@H](CCSC)C(=O)NCC(=O)O,Kd,490.0,1
BRAF,CHEMBL5145,CHEMBL4458911,CC[C@H](C)[C@H](NC(=O)[C@H](CC(N)=O)NC(=O)[C@@H](NC(=O)[C@H](Cc1cnc[nH]1)NC(=O)[C@H](CCCNC(=N)N)NC(=O)[C@@H](NC(=O)[C@H](CCCCN)NC(=O)[C@H](CCCNC(=N)N)NC(=O)[C@H](C)NC(=O)[C@@H](N)C(C)C)[C@@H](C)O)C(C)C)C(=O)N[C@@H](CC(C)C)C(=O)N[C@@H](CC(C)C)C(=O)N[C@@H](Cc1ccccc1)C(=O)N[C@@H](CCSC)C(=O)NCC(=O)O,Kd,450.0,1
BRAF,CHEMBL5145,CHEMBL4471635,CC[C@H](C)[C@H](NC(=O)[C@H](CC(N)=O)NC(=O)[C@@H](NC(=O)[C@H](Cc1cnc[nH]1)NC(=O)[C@H](CCCNC(=N)N)NC(=O)[C@@H](NC(=O)[C@H](CCCCN)NC(=O)[C@H](C)NC(=O)[C@H](CC(C)C)NC(=O)[C@@H](N)C(C)C)[C@@H](C)O)C(C)C)C(=O)N[C@@H](CC(C)C)C(=O)N[C@@H](CC(C)C)C(=O)N[C@@H](Cc1ccccc1)C(=O)N[C@@H](CCSC)C(=O)NCC(=O)O,Kd,360.0,1
BRAF,CHEMBL5145,CHEMBL4547059,CC[C@H](C)[C@H](NC(=O)[C@H](CC(N)=O)NC(=O)[C@@H](NC(=O)[C@H](Cc1cnc[nH]1)NC(=O)[C@H](C)NC(=O)[C@@H](NC(=O)[C@H](CCCCN)NC(=O)[C@H](CCCNC(=N)N)NC(=O)[C@H](CC(C)C)NC(=O)[C@@H](N)C(C)C)[C@@H](C)O)C(C)C)C(=O)N[C@@H](CC(C)C)C(=O)N[C@@H](CC(C)C)C(=O)N[C@@H](Cc1ccccc1)C(=O)N[C@@H](CCSC)C(=O)NCC(=O)O,Kd,2400.0,0
BRAF,CHEMBL5145,CHEMBL4450992,CC[C@H](C)[C@H](NC(=O)[C@H](CC(N)=O)NC(=O)[C@@H](NC(=O)[C@H](C)NC(=O)[C@H](CCCNC(=N)N)NC(=O)[C@@H](NC(=O)[C@H](CCCCN)NC(=O)[C@H](CCCNC(=N)N)NC(=O)[C@H](CC(C)C)NC(=O)[C@@H](N)C(C)C)[C@@H](C)O)C(C)C)C(=O)N[C@@H](CC(C)C)C(=O)N[C@@H](CC(C)C)C(=O)N[C@@H](Cc1ccccc1)C(=O)N[C@@H](CCSC)C(=O)NCC(=O)O,Kd,2700.0,0
BRAF,CHEMBL5145,CHEMBL4542330,CSCC[C@H](NC(=O)[C@H](Cc1ccccc1)NC(=O)[C@H](CC(C)C)NC(=O)[C@H](CC(C)C)NC(=O)[C@H](C)NC(=O)[C@H](CC(N)=O)NC(=O)[C@@H](NC(=O)[C@H](Cc1cnc[nH]1)NC(=O)[C@H](CCCNC(=N)N)NC(=O)[C@@H](NC(=O)[C@H](CCCCN)NC(=O)[C@H](CCCNC(=N)N)NC(=O)[C@H](CC(C)C)NC(=O)[C@@H](N)C(C)C)[C@@H](C)O)C(C)C)C(=O)NCC(=O)O,Kd,2690.0,0
BRAF,CHEMBL5145,CHEMBL4448348,CC[C@H](C)[C@H](NC(=O)[C@H](CC(N)=O)NC(=O)[C@@H](NC(=O)[C@H](Cc1cnc[nH]1)NC(=O)[C@H](CCCNC(=N)N)NC(=O)[C@@H](NC(=O)[C@H](CCCCN)NC(=O)[C@H](CCCNC(=N)N)NC(=O)[C@H](CC(C)C)NC(=O)[C@@H](N)C(C)C)[C@@H](C)O)C(C)C)C(=O)N[C@@H](C)C(=O)N[C@@H](CC(C)C)C(=O)N[C@@H](Cc1ccccc1)C(=O)N[C@@H](CCSC)C(=O)NCC(=O)O,Kd,1020.0,0
BRAF,CHEMBL5145,CHEMBL4520983,CC[C@H](C)[C@H](NC(=O)[C@H](CC(N)=O)NC(=O)[C@@H](NC(=O)[C@H](Cc1cnc[nH]1)NC(=O)[C@H](CCCNC(=N)N)NC(=O)[C@@H](NC(=O)[C@H](CCCCN)NC(=O)[C@H](CCCNC(=N)N)NC(=O)[C@H](CC(C)C)NC(=O)[C@@H](N)C(C)C)[C@@H](C)O)C(C)C)C(=O)N[C@@H](CC(C)C)C(=O)N[C@@H](CC(C)C)C(=O)N[C@@H](C)C(=O)N[C@@H](CCSC)C(=O)NCC(=O)O,Kd,570.0,1
BRAF,CHEMBL5145,CHEMBL4447430,CC[C@H](C)[C@H](NC(=O)[C@H](CC(N)=O)NC(=O)[C@@H](NC(=O)[C@H](Cc1cnc[nH]1)NC(=O)[C@H](CCCNC(=N)N)NC(=O)[C@@H](NC(=O)[C@H](CCCCN)NC(=O)[C@H](CCCNC(=N)N)NC(=O)[C@H](CC(C)C)NC(=O)[C@@H](N)C(C)C)[C@@H](C)O)C(C)C)C(=O)N[C@@H](CC(C)C)C(=O)N[C@@H](CC(C)C)C(=O)N[C@@H](Cc1ccccc1)C(=O)N[C@@H](C)C(=O)NCC(=O)O,Kd,540.0,1
BRAF,CHEMBL5145,CHEMBL4446282,CC[C@H](C)[C@H](NC(=O)[C@H](CC(N)=O)NC(=O)[C@@H](NC(=O)[C@H](Cc1cnc[nH]1)NC(=O)[C@H](CCCNC(=N)N)NC(=O)[C@@H](NC(=O)[C@H](CCCCN)NC(=O)[C@H](CCCNC(=N)N)NC(=O)[C@@H](N)CC(C)C)[C@@H](C)O)C(C)C)C(=O)N[C@@H](CC(C)C)C(=O)N[C@@H](CC(C)C)C(=O)N[C@@H](Cc1ccccc1)C(=O)N[C@@H](CCSC)C(=O)NCC(=O)O,Kd,190.0,1
BRAF,CHEMBL5145,CHEMBL4441999,CC[C@H](C)[C@H](NC(=O)[C@H](CC(N)=O)NC(=O)[C@@H](NC(=O)[C@H](Cc1cnc[nH]1)NC(=O)[C@H](CCCNC(=N)N)NC(=O)[C@@H](NC(=O)[C@H](CCCCN)NC(=O)[C@H](CC(C)C)NC(=O)[C@@H](N)CC(C)C)[C@@H](C)O)C(C)C)C(=O)N[C@@H](CC(C)C)C(=O)N[C@@H](CC(C)C)C(=O)N[C@@H](Cc1ccccc1)C(=O)N[C@@H](CCSC)C(=O)NCC(=O)O,Kd,550.0,1
BRAF,CHEMBL5145,CHEMBL4463173,CC[C@H](C)[C@@H]1NC(=O)[C@H](CC(N)=O)NC(=O)[C@H](C(C)C)NC(=O)[C@H](Cc2cnc[nH]2)NC(=O)[C@H](CCCNC(=N)N)NC(=O)[C@H]([C@@H](C)O)NC(=O)[C@H](CCCCN)NC(=O)[C@H](CCCNC(=N)N)NC(=O)[C@@H](NC(=O)[C@@H](N)C(C)C)CSSC[C@@H](C(=O)N[C@@H](CCSC)C(=O)O)NC(=O)[C@H](CC(C)C)NC(=O)[C@H](CC(C)C)NC1=O,Kd,360.0,1
BRAF,CHEMBL5145,CHEMBL4457586,CSCC[C@@H]1NC(=O)[C@H](Cc2ccccc2)NC(=O)[C@H](CC(C)C)NC(=O)[C@H](CC(C)C)NC(=O)[C@H](CCC(=O)O)NC(=O)[C@H](CC(N)=O)NC(=O)[C@H](C(C)C)NC(=O)[C@H](Cc2cnc[nH]2)NC(=O)[C@H](CCCNC(=N)N)NC(=O)C(CCCN)NC(=O)[C@H](CCCCN)NC(=O)[C@H](CCCNC(=N)N)NC(=O)[C@H](CC(C)C)NC(=O)CNC1=O,Kd,780.0,1
BRAF,CHEMBL5145,CHEMBL4471788,CSCC[C@@H]1NC(=O)[C@H](Cc2ccccc2)NC(=O)[C@H](CC(C)C)NC(=O)[C@H](CC(C)C)NC(=O)[C@H](CCC(=O)O)NC(=O)[C@H](C)NC(=O)[C@H](C(C)C)NC(=O)[C@H](Cc2cnc[nH]2)NC(=O)[C@H](CCCNC(=N)N)NC(=O)C(CCCN)NC(=O)[C@H](CCCCN)NC(=O)[C@H](CCCNC(=N)N)NC(=O)[C@H](CC(C)C)NC(=O)CNC1=O,Kd,460.0,1
BRAF,CHEMBL5145,CHEMBL4546018,CSCC[C@@H]1NC(=O)[C@H](Cc2ccccc2)NC(=O)[C@H](CC(C)C)NC(=O)[C@H](CC(C)C)NC(=O)[C@H](CCC(=O)O)NC(=O)[C@H](CC(N)=O)NC(=O)[C@H](C(C)C)NC(=O)[C@H](Cc2cnc[nH]2)NC(=O)[C@H](CCCNC(=N)N)NC(=O)[C@H](CCCCN)NC(=O)[C@H](CCCCN)NC(=O)[C@H](CCCNC(=N)N)NC(=O)[C@H](CC(C)C)NC(=O)CNC1=O,Kd,1890.0,0
BRAF,CHEMBL5145,CHEMBL4443180,CSCC[C@@H]1NC(=O)[C@H](Cc2ccccc2)NC(=O)[C@H](CC(C)C)NC(=O)[C@H](CC(C)C)NC(=O)[C@H](CCC(=O)O)NC(=O)[C@H](C)NC(=O)[C@H](C(C)C)NC(=O)[C@H](Cc2cnc[nH]2)NC(=O)[C@H](CCCNC(=N)N)NC(=O)[C@H](CCCCN)NC(=O)[C@H](CCCCN)NC(=O)[C@H](CCCNC(=N)N)NC(=O)[C@H](CC(C)C)NC(=O)CNC1=O,Kd,61.0,1
BRAF,CHEMBL5145,CHEMBL4798975,NS(=O)(=O)c1ccc(-c2cnc3[nH]nc(C(=O)c4c(F)ccc(NS(=O)(=O)Cc5ccccc5)c4F)c3c2)cc1,Kd,450.0,1
BRAF,CHEMBL5145,CHEMBL4865410,Nc1ccc(-c2cnc3[nH]nc(C(=O)c4c(F)ccc(NS(=O)(=O)Cc5ccccc5)c4F)c3c2)cc1,Kd,610.0,1
BRAF,CHEMBL5145,CHEMBL5440394,CCCS(=O)(=O)Nc1ccc(F)c(C(=O)c2c[nH]c3ncc(-c4ccc(N)cc4)cc23)c1F,Kd,2.8,1
BRAF,CHEMBL5145,CHEMBL5419570,CCCS(=O)(=O)Nc1ccc(F)c(C(=O)c2c[nH]c3ncc(-c4ccc(NC(=O)COCCOCCNC(=O)CCCCC[N+]5=C(/C=C/C=C/C=C6\N(C)c7ccccc7C6(C)C)C(C)(C)c6ccccc65)cc4)cc23)c1F.O=C([O-])C(F)(F)F,Kd,13.0,1
BRAF,CHEMBL5145,CHEMBL2139930,OCCn1cc(-c2ccc3c(c2)CCC3=NO)c(-c2ccncc2)n1,Kd,0.2,1
BRAF,CHEMBL5145,CHEMBL5592697,CC(C)[C@@H]1NC(=O)[C@H](Cc2cnc[nH]2)NC(=O)[C@H](CCCNC(=N)N)NC(=O)[C@@H](N)CCCCNC(=O)CC[C@@H](C(N)O)NC(=O)[C@H](C)NC1=O,Kd,130.0,1
BRAF,CHEMBL5145,CHEMBL5653589,Cc1ccc(C(=O)Nc2cccc(C(F)(F)F)c2)cc1Nc1nc(-c2cccnc2)nc2nn(C)cc12,Kd,9349.18,0
BRAF,CHEMBL5145,CHEMBL3752910,Cc1ccc(C(=O)Nc2cccc(C(F)(F)F)c2)cc1Nc1nc(-c2cccnc2)nc2c1cnn2C,Kd,3630.78,0
BRAF,CHEMBL5145,CHEMBL1421,Cc1nc(Nc2ncc(C(=O)Nc3c(C)cccc3Cl)s2)cc(N2CCN(CCO)CC2)n1,Kd,3235.94,0
BRAF,CHEMBL5145,CHEMBL6058529,COc1cc2ncnc(Oc3cc(NC(=O)Nc4cc(C(C)(C)C)on4)ccc3Cl)c2cc1OC,Kd,750.0,1
BRAF,CHEMBL5145,CHEMBL6050223,COCCOc1cc2ncnc(Oc3cccc(NC(=O)Nc4cc(C(C)(C)C)on4)c3)c2cc1OCCOC,Kd,250.0,1
BRAF,CHEMBL5145,CHEMBL5892397,CCOc1cc2ncnc(Oc3cccc(NC(=O)Nc4cc(C(C)(C)C)on4)c3)c2cc1OCC,Kd,375.0,1
BRAF,CHEMBL5145,CHEMBL6039885,CC(C)(C)c1cc(NC(=O)Nc2cccc(Oc3ncnc4cc5c(cc34)OCCO5)c2)no1,Kd,250.0,1
BRAF,CHEMBL5145,CHEMBL6048220,COc1cc2ncnc(Oc3cccc(NC(=O)Nc4cc(C(C)(C)C)on4)c3)c2cc1OCCN1CCC(CO)CC1,Kd,250.0,1
BRAF,CHEMBL5145,CHEMBL5845028,COc1cc2ncnc(Oc3cccc(NC(=O)Nc4cc(C(C)(C)C)on4)c3)c2cc1OCCN1CCN(C)CC1,Kd,250.0,1
BRAF,CHEMBL5145,CHEMBL5740829,COc1cc2ncnc(Oc3cccc(NC(=O)Nc4cc(C(C)(C)C)on4)c3)c2cc1OCCN1CCN(CCO)CC1,Kd,250.0,1
BRAF,CHEMBL5145,CHEMBL6029773,COc1cc2ncnc(Oc3cccc(NC(=O)Nc4cc(C(C)(C)C)on4)c3)c2cc1OCCCN1CCN(C)CC1,Kd,250.0,1
BRAF,CHEMBL5145,CHEMBL5923142,COc1cc2ncnc(Oc3cccc(NC(=O)Nc4cc(C(C)(C)C)on4)c3)c2cc1OCCCN1CCCCC1,Kd,250.0,1
BRAF,CHEMBL5145,CHEMBL6029117,COc1cc2ncnc(Oc3cccc(NC(=O)Nc4cc(C(C)(C)C)on4)c3)c2cc1OCCCN1CCC(CO)CC1,Kd,250.0,1
BRAF,CHEMBL5145,CHEMBL5971145,COc1cc2ncnc(Oc3cccc(NC(=O)Nc4cc(C(C)(C)C)on4)c3)c2cc1OCCCN1CCN(S(C)(=O)=O)CC1,Kd,250.0,1
BRAF,CHEMBL5145,CHEMBL5898539,COc1cc2ncnc(Oc3cccc(NC(=O)Nc4cc(C(C)(C)C)on4)c3)c2cc1OCCCN1CCS(=O)(=O)CC1,Kd,250.0,1
BRAF,CHEMBL5145,CHEMBL5797679,COc1cc2c(Oc3cccc(NC(=O)Nc4cc(C(C)(C)C)on4)c3)ncnc2cc1OCCCN1CCN(C)CC1,Kd,250.0,1
BRAF,CHEMBL5145,CHEMBL5758705,COc1cc2c(Oc3cccc(NC(=O)Nc4cc(C(C)(C)C)on4)c3)ncnc2cc1OCCCN1CCC(CO)CC1,Kd,250.0,1
BRAF,CHEMBL5145,CHEMBL6031237,COc1cc2c(Oc3cccc(NC(=O)Nc4cc(C(C)(C)C)on4)c3)ncnc2cc1OCCCN1CCN(CCO)CC1,Kd,250.0,1
BRAF,CHEMBL5145,CHEMBL5822760,COc1cc2c(Oc3cccc(NC(=O)Nc4cc(C(C)(C)C)on4)c3)ncnc2cc1OCCCN1CCC(O)C1,Kd,250.0,1
BRAF,CHEMBL5145,CHEMBL6028408,COc1cc2c(Oc3cccc(NC(=O)Nc4cc(C(C)(C)C)on4)c3)ncnc2cc1OCCCN1CCN(S(C)(=O)=O)CC1,Kd,250.0,1
BRAF,CHEMBL5145,CHEMBL5912435,COc1cc2c(Oc3cccc(NC(=O)Nc4cc(C(C)(C)C)on4)c3)ncnc2cc1OCCCN1CC[C@H](O)C1,Kd,250.0,1
BRAF,CHEMBL5145,CHEMBL5940401,COc1cc2c(Oc3cccc(NC(=O)Nc4cc(C(C)(C)C)on4)c3)ncnc2cc1OCCCN1CC[C@@H](O)C1,Kd,250.0,1
BRAF,CHEMBL5145,CHEMBL5750333,COc1cc2c(Oc3cccc(NC(=O)Nc4cc(C(C)(C)C)on4)c3)ncnc2cc1OCCN1CCN(C)CC1,Kd,250.0,1
BRAF,CHEMBL5145,CHEMBL5779252,COc1cc2c(Oc3cccc(NC(=O)Nc4cc(C(C)(C)C)on4)c3)ncnc2cc1OCCN1CCC(CO)CC1,Kd,250.0,1
BRAF,CHEMBL5145,CHEMBL6023620,COc1cc2c(Oc3cccc(NC(=O)Nc4cc(C(C)(C)C)on4)c3)ncnc2cc1OCCN1CCN(CCO)CC1,Kd,250.0,1
BRAF,CHEMBL5145,CHEMBL5805620,COc1cc2c(Oc3cccc(NC(=O)Nc4cc(C(C)(C)C)on4)c3)ncnc2cc1OCCN1CCS(=O)(=O)CC1,Kd,250.0,1
BRAF,CHEMBL5145,CHEMBL5798389,COCCOc1ccc2ncnc(Oc3cccc(NC(=O)Nc4cc(C(C)(C)C)on4)c3)c2c1,Kd,250.0,1
BRAF,CHEMBL5145,CHEMBL6027412,COc1cc2ncnc(Oc3cccc(NC(=O)Nc4cc(C(C)(C)C)on4)c3)c2cc1OCCCS(C)(=O)=O,Kd,250.0,1
BRAF,CHEMBL5145,CHEMBL5895074,COc1cc2ncnc(Oc3cccc(NC(=O)Nc4cc(C(C)(C)F)on4)c3)c2cc1OCCCS(C)(=O)=O,Kd,250.0,1
BRAF,CHEMBL5145,CHEMBL5876835,COCCOc1ccc2c(Oc3cccc(NC(=O)Nc4cc(C(C)(C)C)on4)c3)ncnc2c1,Kd,250.0,1
BRAF,CHEMBL5145,CHEMBL5845892,COc1cc2ncnc(Sc3cccc(NC(=O)Nc4cc(C(C)(C)C)on4)c3)c2cc1OCCCS(C)(=O)=O,Kd,250.0,1
BRAF,CHEMBL5145,CHEMBL5926994,COCCOc1cc2c(Sc3cccc(NC(=O)Nc4cc(C(C)(C)C)on4)c3)ncnc2cc1OC,Kd,250.0,1
BRAF,CHEMBL5145,CHEMBL5938921,CC(C)(C)c1cc(NC(=O)Nc2cccc(Sc3ncnc4cc(F)c(F)cc34)c2)no1,Kd,750.0,1
BRAF,CHEMBL5145,CHEMBL5997888,COc1ccc2c(Sc3cccc(NC(=O)Nc4cc(C(C)(C)C)on4)c3)ncnc2c1,Kd,375.0,1
BRAF,CHEMBL5145,CHEMBL5876222,COc1ccc2ncnc(Sc3cccc(NC(=O)Nc4cc(C(C)(C)C)on4)c3)c2c1,Kd,375.0,1
BRAF,CHEMBL5145,CHEMBL5766555,CCOc1cc2ncnc(Sc3cccc(NC(=O)Nc4cc(C(C)(C)C)on4)c3)c2cc1OC,Kd,375.0,1
BRAF,CHEMBL5145,CHEMBL5808937,CCOc1cc2ncnc(Sc3cccc(NC(=O)Nc4cc(C(C)(C)C)on4)c3)c2cc1OCC,Kd,750.0,1
BRAF,CHEMBL5145,CHEMBL5741122,COCCOc1cc2ncnc(Sc3cccc(NC(=O)Nc4cc(C(C)(C)C)on4)c3)c2cc1OC,Kd,250.0,1
BRAF,CHEMBL5145,CHEMBL5750408,COCCOc1cc2ncnc(Sc3cccc(NC(=O)Nc4cc(C(C)(C)C)on4)c3)c2cc1OCCOC,Kd,250.0,1
BRAF,CHEMBL5145,CHEMBL6051273,CC(C)(C)c1cc(NC(=O)Nc2cccc(Sc3ncnc4cc5c(cc34)OCCO5)c2)no1,Kd,750.0,1
BRAF,CHEMBL5145,CHEMBL5774306,COc1cc(OC2CCOCC2)c2c(Sc3cccc(NC(=O)Nc4cc(C(C)(C)C)on4)c3)ncnc2c1,Kd,250.0,1
BRAF,CHEMBL5145,CHEMBL5787491,CCOc1cc2c(Sc3cccc(NC(=O)Nc4cc(C(C)(C)C)on4)c3)ncnc2cc1OC,Kd,250.0,1
BRAF,CHEMBL5145,CHEMBL5860498,COc1cc2ncnc(Sc3cccc(NC(=O)Nc4cc(C(C)(C)C)on4)c3)c2cc1OCCCN1CCCCC1,Kd,250.0,1
BRAF,CHEMBL5145,CHEMBL5748119,COc1cc2ncnc(Sc3cccc(NC(=O)Nc4cc(C(C)(C)C)on4)c3)c2cc1OCCCN1CCC(CO)CC1,Kd,250.0,1
BRAF,CHEMBL5145,CHEMBL5895265,COc1cc2ncnc(Sc3cccc(NC(=O)Nc4cc(C(C)(C)C)on4)c3)c2cc1OCCCN1CCN(C)CC1,Kd,250.0,1
BRAF,CHEMBL5145,CHEMBL5817530,COc1cc2ncnc(Sc3cccc(NC(=O)Nc4cc(C(C)(C)C)on4)c3)c2cc1OCCCN1CCN(S(C)(=O)=O)CC1,Kd,250.0,1
BRAF,CHEMBL5145,CHEMBL5869663,COc1cc2ncnc(Sc3cccc(NC(=O)Nc4cc(C(C)(C)C)on4)c3)c2cc1OCCCN1CCN(CCO)CC1,Kd,250.0,1
BRAF,CHEMBL5145,CHEMBL5822615,COc1cc2ncnc(Sc3cccc(NC(=O)Nc4cc(C(C)(C)C)on4)c3)c2cc1OCCCN1CCS(=O)(=O)CC1,Kd,250.0,1
BRAF,CHEMBL5145,CHEMBL5885091,COc1cc2ncnc(Sc3cccc(NC(=O)Nc4cc(C(C)(C)C)on4)c3)c2cc1OCCCN1CCOCC1,Kd,250.0,1
BRAF,CHEMBL5145,CHEMBL6019211,COc1cc2ncnc(Sc3cccc(NC(=O)Nc4cc(C(C)(C)C)on4)c3)c2cc1OCCN1CCCCC1,Kd,250.0,1
BRAF,CHEMBL5145,CHEMBL6031863,COc1cc2ncnc(Sc3cccc(NC(=O)Nc4cc(C(C)(C)C)on4)c3)c2cc1OCCN1CCC(CO)CC1,Kd,250.0,1
BRAF,CHEMBL5145,CHEMBL5868336,COc1cc2ncnc(Sc3cccc(NC(=O)Nc4cc(C(C)(C)C)on4)c3)c2cc1OCCN1CCN(C)CC1,Kd,250.0,1
BRAF,CHEMBL5145,CHEMBL5868798,COc1cc2ncnc(Sc3cccc(NC(=O)Nc4cc(C(C)(C)C)on4)c3)c2cc1OCCN1CCN(CCO)CC1,Kd,250.0,1
MAPK1,CHEMBL3234,CHEMBL21156,CC(C)(C)c1nc2c3ccc(F)cc3c3c(=O)[nH]ccc3c2[nH]1,IC50,7700.0,0
MAPK1,CHEMBL3234,CHEMBL131577,Cc1cccc(Cl)c1NC(=O)c1cnc(NC(=O)C2CC2)s1,IC50,310.0,1
MAPK1,CHEMBL3234,CHEMBL364623,Cc1cc(Nc2ncc(C(=O)Nc3c(C)cccc3Cl)s2)nc(C)n1,IC50,2.0,1
MAPK1,CHEMBL3234,CHEMBL197603,COc1cc(-c2nn([C@H]3CC[C@H](N4CCN(C(C)=O)CC4)CC3)c3ncnc(N)c23)ccc1NC(=O)c1cc2ccccc2n1C,IC50,1220.0,0
MAPK1,CHEMBL3234,CHEMBL379517,CCN(CC)CCOc1ccc(Nc2ncc3c(n2)N2CCC(=O)N2C(c2c(Cl)cccc2Cl)=C3)cc1,IC50,48.0,1
MAPK1,CHEMBL3234,CHEMBL211852,CN(C)c1ccc(Nc2ncc3c(n2)N2CCC(=O)N2C(c2cc(O)ccc2Cl)=C3)cc1,IC50,546.0,1
MAPK1,CHEMBL3234,CHEMBL213356,CN1CCN(c2ccc(Nc3ncc4c(n3)N3CCC(=O)N3C(c3cc(O)ccc3Cl)=C4)cc2)CC1,IC50,456.0,1
MAPK1,CHEMBL3234,CHEMBL213745,O=C1CCN2c3nc(Nc4ccc(N5CCOCC5)cc4)ncc3C=C(c3c(Cl)cccc3Cl)N12,IC50,160.0,1
MAPK1,CHEMBL3234,CHEMBL434369,CCN(CC)CCNc1cc(Nc2cc(O)ccc2C)nc(-n2cnc3ccccc32)n1,IC50,46.0,1
MAPK1,CHEMBL3234,CHEMBL233958,COc1cc(-c2csc3c(/C=C/CN4CCC(O)CC4)cnc(N)c23)ccc1NC(=O)c1cc2ccccc2n1C,IC50,10000.0,0
MAPK1,CHEMBL3234,CHEMBL395666,COc1cc(-c2csc3c(/C=C/CN[C@H]4CC[C@@H](N)CC4)cnc(N)c23)ccc1NC(=O)c1cc2ccccc2n1C,IC50,20100.0,0
MAPK1,CHEMBL3234,CHEMBL395665,COc1cc(-c2csc3c(/C=C/CN[C@H]4CC[C@H](N)CC4)cnc(N)c23)ccc1NC(=O)c1cc2ccccc2n1C,IC50,24100.0,0
MAPK1,CHEMBL3234,CHEMBL395664,COc1cc(-c2csc3c(/C=C/CNC4CCNCC4)cnc(N)c23)ccc1NC(=O)c1cc2ccccc2n1C,IC50,24200.0,0
MAPK1,CHEMBL3234,CHEMBL395663,COc1cc(-c2csc3c(/C=C/CN4CCN(C)C(=O)C4)cnc(N)c23)ccc1NC(=O)c1cc2ccccc2n1C,IC50,12900.0,0
MAPK1,CHEMBL3234,CHEMBL395662,COc1cc(-c2csc3c(/C=C/CN4CCN(C)CC4)cnc(N)c23)ccc1NC(=O)c1cc2ccccc2n1C,IC50,5970.0,0
MAPK1,CHEMBL3234,CHEMBL232927,COc1cc(-c2csc3c(/C=C/CNC(C)=O)cnc(N)c23)ccc1NC(=O)c1cc2ccccc2n1C,IC50,2360.0,0
MAPK1,CHEMBL3234,CHEMBL395433,COc1cc(-c2csc3c(/C=C/CNC(=O)Nc4ccccc4)cnc(N)c23)ccc1NC(=O)c1cc2ccccc2n1C,IC50,21900.0,0
MAPK1,CHEMBL3234,CHEMBL232731,COc1cc(-c2csc3c(/C=C/CNS(C)(=O)=O)cnc(N)c23)ccc1NC(=O)c1cc2ccccc2n1C,IC50,4300.0,0
MAPK1,CHEMBL3234,CHEMBL232542,CCN(CC)C/C=C/c1cnc(N)c2c(-c3ccc(NC(=O)c4cc5ccccc5n4C)c(OC)c3)csc12,IC50,13600.0,0
MAPK1,CHEMBL3234,CHEMBL232127,COc1cc(-c2csc3c(/C=C/CN)cnc(N)c23)ccc1NC(=O)c1cc2ccccc2n1C,IC50,8800.0,0
MAPK1,CHEMBL3234,CHEMBL232126,COc1cc(-c2csc3c(/C=C/CO)cnc(N)c23)ccc1NC(=O)c1cc2ccccc2n1C,IC50,2360.0,0
MAPK1,CHEMBL3234,CHEMBL396359,COc1cc(-c2csc3c2C(N)=NCC3/C=C/C(=O)NC2CCNCC2)ccc1NC(=O)c1cc2ccccc2n1C,IC50,1290.0,0
MAPK1,CHEMBL3234,CHEMBL231930,COc1cc(-c2csc3c(/C=C/C(N)=O)cnc(N)c23)ccc1NC(=O)c1cc2ccccc2n1C,IC50,2260.0,0
MAPK1,CHEMBL3234,CHEMBL232588,COc1cc(-c2csc3c(C(=O)NCCN4CCCC4)cnc(N)c23)ccc1NC(=O)c1cc2ccccc2n1C,IC50,2550.0,0
MAPK1,CHEMBL3234,CHEMBL232334,COc1cc(-c2csc3c(C(=O)NCCN(C)C)cnc(N)c23)ccc1NC(=O)c1cc2ccccc2n1C,IC50,1970.0,0
MAPK1,CHEMBL3234,CHEMBL232125,COc1cc(-c2csc3c(C(N)=O)cnc(N)c23)ccc1NC(=O)c1cc2ccccc2n1C,IC50,1410.0,0
MAPK1,CHEMBL3234,CHEMBL397143,COc1cc(-c2csc3c(NC(=O)CCN4CCCC4)cnc(N)c23)ccc1NC(=O)c1cc2ccccc2n1C,IC50,45290.0,0
MAPK1,CHEMBL3234,CHEMBL245769,COCC(=O)Nc1cccc2c1Cc1c-2n[nH]c1-c1csc(C#CCOc2ccccc2)c1,IC50,30270.0,0
MAPK1,CHEMBL3234,CHEMBL406845,CC(C)(C)n1nc(-c2ccc(Cl)cc2)c2c(N)ncnc21,IC50,5.0,1
MAPK1,CHEMBL3234,CHEMBL477817,Cc1c(Nc2c(C#N)cnc3sc(/C=C/C(=O)N4CCCC4)cc23)ccc2[nH]ccc12,IC50,26.0,1
MAPK1,CHEMBL3234,CHEMBL1163016,CC1(C)CC(NC(=O)c2cccc(-c3cc4nccc(Nc5cccc(O)c5)n4n3)c2)CC(C)(C)N1[O],IC50,16.0,1
MAPK1,CHEMBL3234,CHEMBL606245,Cc1c(Nc2c(C#N)cncc2/C=C/CCN2CCC[C@@H](N)C2)ccc2[nH]ccc12,IC50,5500.0,0
MAPK1,CHEMBL3234,CHEMBL1080994,Cc1c(Nc2c(C#N)cncc2/C=C/c2cccc(S(=O)(=O)N3CCN(C)CC3)c2)ccc2[nH]ccc12,IC50,550.0,1
MAPK1,CHEMBL3234,CHEMBL1087650,CN1C[C@@H]2C[C@H]1CN2c1ccc(-c2ccnc3c(-c4cccc(O)c4)c(-c4ccncc4)nn23)cc1,IC50,1240.0,0
MAPK1,CHEMBL3234,CHEMBL1079422,Cc1ccc(NC(=O)c2cccc(Cl)c2)cc1Nc1nc2ccccc2n1-c1cc(N)ncn1,IC50,475.0,1
MAPK1,CHEMBL3234,CHEMBL1079945,Cc1ccc(NC(=O)c2cccc(C(F)(F)F)c2)cc1Nc1nc2ccccc2n1-c1cc(N)ncn1,IC50,43.0,1
MAPK1,CHEMBL3234,CHEMBL1079946,Cc1ccc(NC(=O)c2cc(Cl)cc(Cl)c2)cc1Nc1nc2ccccc2n1-c1cc(N)ncn1,IC50,121.0,1
MAPK1,CHEMBL3234,CHEMBL1080299,Cc1cccc(C(=O)Nc2ccc(C)c(Nc3nc4ccccc4n3-c3cc(N)ncn3)c2)c1,IC50,245.0,1
MAPK1,CHEMBL3234,CHEMBL1080475,Cc1ccc(NC(=O)c2ccncc2C(C)(C)C)cc1Nc1nc2ccccc2n1-c1cc(N)ncn1,IC50,46.0,1
MAPK1,CHEMBL3234,CHEMBL1076432,Cc1ccc(NC(=O)c2cc(OC3CCN(C)CC3)cc(C(F)(F)F)c2)cc1Nc1nc2ccccc2n1-c1cc(N)ncn1,IC50,27.0,1
MAPK1,CHEMBL3234,CHEMBL1086731,Cc1ccc(NC(=O)c2ccc(C(C)(C)C)s2)cc1Nc1nc2ccccc2n1-c1cc(N)ncn1,IC50,84.0,1
MAPK1,CHEMBL3234,CHEMBL1086860,Cc1ccc(NC(=O)c2cc(C3CC3)n[nH]2)cc1Nc1nc2ccccc2n1-c1cc(N)ncn1,IC50,446.0,1
MAPK1,CHEMBL3234,CHEMBL1088153,Cc1ccc(NC(=O)c2cc(C(C)(C)C)nn2C)cc1Nc1nc2ccccc2n1-c1cc(N)ncn1,IC50,844.0,1
MAPK1,CHEMBL3234,CHEMBL1076433,CCN1CCN(Cc2ccc(C(=O)Nc3ccc(C)c(Nc4nc5ccccc5n4-c4cc(N)ncn4)c3)cc2Cl)CC1,IC50,9.0,1
MAPK1,CHEMBL3234,CHEMBL1075628,Cc1ccc(NC(=O)c2cc(CN3CCN(C)CC3)n(C(C)(C)C)n2)cc1Nc1nc2ccccc2n1-c1cc(N)ncn1,IC50,11.0,1
MAPK1,CHEMBL3234,CHEMBL1076436,Cc1ccc(NC(=O)c2cc(N3CCN(C)CC3)cc(C(F)(F)F)c2)cc1Nc1nc2ccccc2n1-c1cc(N)ncn1,IC50,20.0,1
MAPK1,CHEMBL3234,CHEMBL1076437,CCN1CCN(c2cc(C(=O)Nc3ccc(C)c(Nc4nc5ccccc5n4-c4cc(N)ncn4)c3)cc(C(F)(F)F)c2)CC1,IC50,16.0,1
MAPK1,CHEMBL3234,CHEMBL1088429,Cc1ccc(NC(=O)c2cccc(C(F)(F)F)c2)cc1Nc1nc2ccccc2n1-c1cc(Cl)ncn1,IC50,3826.0,0
MAPK1,CHEMBL3234,CHEMBL1076465,Cc1ccc(NC(=O)c2cccc(C(F)(F)F)c2)cc1Nc1nc2ccccc2n1-c1cc(NCCCN)ncn1,IC50,1960.0,0
MAPK1,CHEMBL3234,CHEMBL1076466,Cc1ccc(NC(=O)c2cccc(C(F)(F)F)c2)cc1Nc1nc2ccccc2n1-c1cc(NCCCCN)ncn1,IC50,345.0,1
MAPK1,CHEMBL3234,CHEMBL1076468,CCN(CC)CCNc1cc(-n2c(Nc3cc(NC(=O)c4cccc(C(F)(F)F)c4)ccc3C)nc3ccccc32)ncn1,IC50,378.0,1
MAPK1,CHEMBL3234,CHEMBL1076469,Cc1ccc(NC(=O)c2cccc(C(F)(F)F)c2)cc1Nc1nc2ccccc2n1-c1cc(NCCCCN(C)C)ncn1,IC50,65.0,1
MAPK1,CHEMBL3234,CHEMBL1076470,CCN(CC)CCCCNc1cc(-n2c(Nc3cc(NC(=O)c4cccc(C(F)(F)F)c4)ccc3C)nc3ccccc32)ncn1,IC50,430.0,1
MAPK1,CHEMBL3234,CHEMBL1076471,Cc1ccc(NC(=O)c2cccc(C(F)(F)F)c2)cc1Nc1nc2ccccc2n1-c1cc(NCCCC2COCCN2)ncn1,IC50,49.0,1
MAPK1,CHEMBL3234,CHEMBL1076472,Cc1ccc(NC(=O)c2cccc(C(F)(F)F)c2)cc1Nc1nc2ccccc2n1-c1cc(NCCC2CCCN2)ncn1,IC50,805.0,1
MAPK1,CHEMBL3234,CHEMBL1076473,Cc1ccc(NC(=O)c2cccc(C(F)(F)F)c2)cc1Nc1nc2ccccc2n1-c1cc(N[C@H]2CC[C@H](N)CC2)ncn1,IC50,450.0,1
MAPK1,CHEMBL3234,CHEMBL1076475,Cc1ccc(NC(=O)c2cccc(C(F)(F)F)c2)cc1Nc1nc2ccccc2n1-c1cc(NCCc2ccccn2)ncn1,IC50,917.0,1
MAPK1,CHEMBL3234,CHEMBL1076477,Cc1ccc(NC(=O)c2cccc(C(F)(F)F)c2)cc1Nc1nc2ccccc2n1-c1cc(NCCN2CCN(C)CC2)ncn1,IC50,69.0,1
MAPK1,CHEMBL3234,CHEMBL1076478,Cc1ccc(NC(=O)c2cccc(C(F)(F)F)c2)cc1Nc1nc2ccccc2n1-c1cc(NCCCN2CCN(C)CC2)ncn1,IC50,31.0,1
MAPK1,CHEMBL3234,CHEMBL1087638,Cc1ccc(NC(=O)c2cccc(C(F)(F)F)c2)cc1Nc1nc2ccccc2n1-c1cc(NCCO)ncn1,IC50,192.0,1
MAPK1,CHEMBL3234,CHEMBL1076480,COCCNc1cc(-n2c(Nc3cc(NC(=O)c4cccc(C(F)(F)F)c4)ccc3C)nc3ccccc32)ncn1,IC50,405.0,1
MAPK1,CHEMBL3234,CHEMBL1087127,Cc1ccc(C(=O)Nc2cccc(C(C)C)c2)cc1Nc1nc2ccccc2n1-c1cc(N)ncn1,IC50,151.0,1
MAPK1,CHEMBL3234,CHEMBL1087128,Cc1ccc(C(=O)Nc2cccc(C(C)(C)C)c2)cc1Nc1nc2ccccc2n1-c1cc(N)ncn1,IC50,139.0,1
MAPK1,CHEMBL3234,CHEMBL1076193,Cc1cn(-c2cc(NC(=O)c3ccc(C)c(Nc4nc5ccccc5n4-c4cc(N)ncn4)c3)cc(C(F)(F)F)c2)cn1,IC50,904.0,1
MAPK1,CHEMBL3234,CHEMBL1076195,CCN(CC)CCCCNc1cc(-n2c(Nc3cc(C(=O)Nc4cccc(C)c4)ccc3C)nc3ccccc32)ncn1,IC50,1810.0,0
MAPK1,CHEMBL3234,CHEMBL1076197,Cc1cccc(NC(=O)c2ccc(C)c(Nc3nc4ccccc4n3-c3cc(NCCCN4CCN(C)CC4)ncn3)c2)c1,IC50,1875.0,0
MAPK1,CHEMBL3234,CHEMBL1076198,Cc1ccc(C(=O)Nc2cccc(C(F)(F)F)c2)cc1Nc1nc2ccccc2n1-c1cc(NCCCCN(C)C)ncn1,IC50,56.0,1
MAPK1,CHEMBL3234,CHEMBL1076199,CCN(CC)CCCCNc1cc(-n2c(Nc3cc(C(=O)Nc4cccc(C(F)(F)F)c4)ccc3C)nc3ccccc32)ncn1,IC50,475.0,1
MAPK1,CHEMBL3234,CHEMBL1076200,Cc1ccc(C(=O)Nc2cccc(C(F)(F)F)c2)cc1Nc1nc2ccccc2n1-c1cc(NCCN2CCN(C)CC2)ncn1,IC50,130.0,1
MAPK1,CHEMBL3234,CHEMBL1076201,Cc1ccc(C(=O)Nc2cccc(C(F)(F)F)c2)cc1Nc1nc2ccccc2n1-c1cc(NCCCN2CCN(C)CC2)ncn1,IC50,260.0,1
MAPK1,CHEMBL3234,CHEMBL1076203,Cc1ccc(C(=O)Nc2cccc(C(F)(F)F)c2)cc1Nc1nc2ccccc2n1-c1ncnc(NCCCN2CCN(C)CC2)n1,IC50,54.0,1
MAPK1,CHEMBL3234,CHEMBL1091356,CC(C)N1CCN(C(=O)c2ccc(NC(=O)Nc3ccc(-c4nc(C5CCOCC5)nc(N5C6CCC5COC6)n4)cc3)cc2)CC1,IC50,50000.0,0
MAPK1,CHEMBL3234,CHEMBL1092754,Cn1cc(/C=C2\Oc3cccc(O)c3C2=O)c2c(-c3ccc(C(=O)NCCO)cc3)ccnc21,IC50,27100.0,0
MAPK1,CHEMBL3234,CHEMBL1083091,CN1CCN(c2cccc(-c3cnn4c(N)c(-c5ccc(O)cc5)cnc34)c2)CC1,IC50,342.0,1
MAPK1,CHEMBL3234,CHEMBL1083092,CN1CCN(c2ccc(-c3cnn4c(N)c(-c5ccc(O)cc5)cnc34)cc2)CC1,IC50,85.0,1
MAPK1,CHEMBL3234,CHEMBL1085316,CN1CCN(c2cccc(-c3cnn4c(N)c(-c5ccc(NC(=O)CCC6CCCC6)cc5)cnc34)c2)CC1,IC50,37.0,1
MAPK1,CHEMBL3234,CHEMBL1085240,CN1CCN(c2cccc(-c3cnn4c(N)c(-c5ccc(NC(=O)c6ccc(C(F)(F)F)cc6)cc5)cnc34)c2)CC1,IC50,295.0,1
MAPK1,CHEMBL3234,CHEMBL1085317,CC(C)COC(=O)Nc1ccc(-c2cnc3c(-c4cccc(N5CCN(C)CC5)c4)cnn3c2N)cc1,IC50,594.0,1
MAPK1,CHEMBL3234,CHEMBL1085564,CN1CCN(c2cccc(-c3cnn4c(N)c(-c5ccc(NC(=O)Oc6ccccc6)cc5)cnc34)c2)CC1,IC50,193.0,1
MAPK1,CHEMBL3234,CHEMBL1085061,CN1CCN(c2cccc(-c3cnn4c(N)c(-c5ccc(NC(=O)Nc6ccccc6Cl)cc5)cnc34)c2)CC1,IC50,172.0,1
MAPK1,CHEMBL3234,CHEMBL1084028,CN1CCN(c2cccc(-c3cnn4c(N)c(-c5ccc(NC(=O)NCC6CCCCC6)cc5)cnc34)c2)CC1,IC50,70.0,1
MAPK1,CHEMBL3234,CHEMBL1084302,CN1CCN(c2cccc(-c3cnn4c(N)c(-c5ccc(NC(=O)N(C)C6CCCCC6)cc5)cnc34)c2)CC1,IC50,110.0,1
MAPK1,CHEMBL3234,CHEMBL1083001,CN1CCN(c2ccc(-c3cnn4c(N)c(-c5ccc(NC(=O)CCC6CCCC6)cc5)cnc34)cc2)CC1,IC50,14.0,1
MAPK1,CHEMBL3234,CHEMBL1085733,CN1CCN(c2ccc(-c3cnn4c(N)c(-c5ccc(NC(=O)c6ccc(C(F)(F)F)cc6)cc5)cnc34)cc2)CC1,IC50,256.0,1
MAPK1,CHEMBL3234,CHEMBL1085511,CC(C)COC(=O)Nc1ccc(-c2cnc3c(-c4ccc(N5CCN(C)CC5)cc4)cnn3c2N)cc1,IC50,181.0,1
MAPK1,CHEMBL3234,CHEMBL1085512,CN1CCN(c2ccc(-c3cnn4c(N)c(-c5ccc(NC(=O)Oc6ccccc6)cc5)cnc34)cc2)CC1,IC50,88.0,1
MAPK1,CHEMBL3234,CHEMBL1084233,CN1CCN(c2ccc(-c3cnn4c(N)c(-c5ccc(NC(=O)Nc6ccccc6Cl)cc5)cnc34)cc2)CC1,IC50,215.0,1
MAPK1,CHEMBL3234,CHEMBL1084234,CN1CCN(c2ccc(-c3cnn4c(N)c(-c5ccc(NC(=O)NCC6CCCCC6)cc5)cnc34)cc2)CC1,IC50,21.0,1
MAPK1,CHEMBL3234,CHEMBL1082693,CN1CCN(c2ccc(-c3cnn4c(N)c(-c5ccc(NC(=O)N(C)C6CCCCC6)cc5)cnc34)cc2)CC1,IC50,178.0,1
MAPK1,CHEMBL3234,CHEMBL1085996,Cc1cc(NC(=O)OCC(C)C)ccc1-c1cnc2c(-c3cccc(N4CCN(C)CC4)c3)cnn2c1N,IC50,456.0,1
MAPK1,CHEMBL3234,CHEMBL1083023,CN1CCN(c2ccc(-c3cnn4c(N)c(-c5cccc(O)c5)cnc34)cc2)CC1,IC50,8.0,1
MAPK1,CHEMBL3234,CHEMBL1083644,CC(C)COC(=O)Nc1ccc(-c2cnc3c(-c4cccc(N5CCNCC5)c4)cnn3c2N)cc1,IC50,310.0,1
MAPK1,CHEMBL3234,CHEMBL1082403,CC(C)COC(=O)Nc1ccc(-c2cnc3c(-c4cccc(N5CCN(S(C)(=O)=O)CC5)c4)cnn3c2N)cc1,IC50,676.0,1
MAPK1,CHEMBL3234,CHEMBL1082404,CC(C)COC(=O)Nc1ccc(-c2cnc3c(-c4cccc(N5CCN(C(=O)CN)CC5)c4)cnn3c2N)cc1,IC50,270.0,1
MAPK1,CHEMBL3234,CHEMBL1082958,COCCN1CCN(c2ccc(-c3cnn4c(N)c(-c5ccc(NC(=O)OCC(C)C)cc5)cnc34)cc2)CC1,IC50,349.0,1
MAPK1,CHEMBL3234,CHEMBL1242285,CC(C)n1nc(-c2cc(O)cc(Br)c2)c2c(N)ncnc21,IC50,10.0,1
MAPK1,CHEMBL3234,CHEMBL1242286,COCOc1cc(-c2nn(C(C)C)c3ncnc(N)c23)ccc1Br,IC50,34.0,1
MAPK1,CHEMBL3234,CHEMBL1241299,Cn1nc(-c2ccc(Br)c(O)c2)c2c(N)ncnc21,IC50,24.0,1
MAPK1,CHEMBL3234,CHEMBL1242287,Nc1ncnc2c1c(-c1ccc(Br)c(O)c1)nn2C1CCC1,IC50,8.9,1
MAPK1,CHEMBL3234,CHEMBL1242376,Nc1ncnc2c1c(-c1ccc(Br)c(O)c1)nn2C1CCCC1,IC50,12.0,1
MAPK1,CHEMBL3234,CHEMBL1242377,CC(C)n1nc(-c2ccc(F)c(O)c2)c2c(N)ncnc21,IC50,9.2,1
MAPK1,CHEMBL3234,CHEMBL1242378,C[C@H](CN)n1nc(-c2ccc(F)c(O)c2)c2c(N)ncnc21,IC50,161.0,1
MAPK1,CHEMBL3234,CHEMBL1242468,C[C@@H](CN)n1nc(-c2ccc(F)c(O)c2)c2c(N)ncnc21,IC50,1400.0,0
MAPK1,CHEMBL3234,CHEMBL1242469,N#CCCCn1nc(-c2ccc(F)c(O)c2)c2c(N)ncnc21,IC50,258.0,1
MAPK1,CHEMBL3234,CHEMBL1242470,N#CCCCCn1nc(-c2ccc(F)c(O)c2)c2c(N)ncnc21,IC50,71.0,1
MAPK1,CHEMBL3234,CHEMBL1242566,Nc1ncnc2c1c(-c1ccc(F)c(O)c1)nn2C1CCC1,IC50,11.0,1
MAPK1,CHEMBL3234,CHEMBL1242567,Nc1ncnc2c1c(-c1ccc(F)c(O)c1)nn2C1CNC1,IC50,42.0,1
MAPK1,CHEMBL3234,CHEMBL1242568,Nc1ncnc2c1c(-c1ccc(F)c(O)c1)nn2C1CCCC1,IC50,4.5,1
MAPK1,CHEMBL3234,CHEMBL1242656,CC1CCC(n2nc(-c3ccc(F)c(O)c3)c3c(N)ncnc32)C1,IC50,5.7,1
MAPK1,CHEMBL3234,CHEMBL1242657,Nc1ncnc2c1c(-c1ccc(F)c(O)c1)nn2[C@H]1CCNC1,IC50,25.0,1
MAPK1,CHEMBL3234,CHEMBL1242658,Nc1ncnc2c1c(-c1ccc(F)c(O)c1)nn2[C@@H]1CCNC1,IC50,86.0,1
MAPK1,CHEMBL3234,CHEMBL1242748,Nc1ncnc2c1c(-c1ccc(F)c(O)c1)nn2[C@H]1CCOC1,IC50,21.0,1
MAPK1,CHEMBL3234,CHEMBL1242749,Nc1ncnc2c1c(-c1ccc(F)c(O)c1)nn2[C@@H]1CCOC1,IC50,51.0,1
MAPK1,CHEMBL3234,CHEMBL1242750,Nc1ncnc2c1c(-c1ccc(F)c(O)c1)nn2C1CCCCCC1,IC50,30.0,1
MAPK1,CHEMBL3234,CHEMBL1242844,Nc1ncnc2c1c(-c1ccc(F)c(O)c1)nn2CC1CCNCC1,IC50,1530.0,0
MAPK1,CHEMBL3234,CHEMBL1242845,Cc1nn(-c2ccccc2)nc1Cn1nc(-c2ccc(F)c(O)c2)c2c(N)ncnc21,IC50,596.0,1
MAPK1,CHEMBL3234,CHEMBL1241482,Nc1ncnc2c1c(-c1ccc(F)c(O)c1)nn2Cc1ocnc1-c1ccccc1,IC50,714.0,1
MAPK1,CHEMBL3234,CHEMBL1241483,COc1cc(-c2nn(C(C)C)c3ncnc(N)c23)ccc1F,IC50,37.0,1
MAPK1,CHEMBL3234,CHEMBL1241484,CC(C)n1nc(-c2ccc(Cl)c(O)c2)c2c(N)ncnc21,IC50,2.0,1
MAPK1,CHEMBL3234,CHEMBL1241579,C[C@H](CN)n1nc(-c2ccc(Cl)c(O)c2)c2c(N)ncnc21,IC50,33.0,1
MAPK1,CHEMBL3234,CHEMBL1240544,C[C@@H](CN)n1nc(-c2ccc(Cl)c(O)c2)c2c(N)ncnc21,IC50,194.0,1
MAPK1,CHEMBL3234,CHEMBL1241580,Nc1ncnc2c1c(-c1ccc(Cl)c(O)c1)nn2C1CCC1,IC50,5.8,1
MAPK1,CHEMBL3234,CHEMBL1241481,COc1cc(-c2nn(C(C)C)c3ncnc(N)c23)ccc1NC(=O)OC(C)(C)C,IC50,1.0,1
MAPK1,CHEMBL3234,CHEMBL1241578,CC(C)n1nc(-c2ccc(Br)c(O)c2)c2c(N)ncnc21,IC50,4.0,1
MAPK1,CHEMBL3234,CHEMBL1081312,Nc1ncnc2c1c(-c1cnc3[nH]ccc3c1)nn2C1CCCC1,IC50,8.0,1
MAPK1,CHEMBL3234,CHEMBL1233882,CC(C)n1nc(-c2ccc3ncccc3c2)c2c(N)ncnc21,IC50,88.0,1
MAPK1,CHEMBL3234,CHEMBL1233881,COc1ccc(-c2nn(C3CCC3)c3ncnc(N)c23)cc1OC,IC50,130.0,1
MAPK1,CHEMBL3234,CHEMBL1241674,CC(C)n1nc(-c2cc3cc(O)ccc3[nH]2)c2c(N)ncnc21,IC50,1200.0,0
MAPK1,CHEMBL3234,CHEMBL1241675,Nc1ncnc2c1c(-c1ccn3ccnc3c1)nn2C1CCCC1,IC50,8900.0,0
MAPK1,CHEMBL3234,CHEMBL1230790,CC(C)n1nc(-c2cccc(O)c2)c2c(N)ncnc21,IC50,23.0,1
MAPK1,CHEMBL3234,CHEMBL1234815,Cn1nc(-c2ccc3ccccc3c2)c2c(N)ncnc21,IC50,260.0,1
MAPK1,CHEMBL3234,CHEMBL1241241,CC(C)n1nc(-c2ccc(O)cc2)c2c(N)ncnc21,IC50,47.0,1
MAPK1,CHEMBL3234,CHEMBL1242024,Cc1cc(O)ccc1-c1nn(C(C)C)c2ncnc(N)c12,IC50,23.0,1
MAPK1,CHEMBL3234,CHEMBL1242025,Cc1ccc(-c2n[nH]c3ncnc(N)c23)cc1OCc1ccccc1,IC50,12700.0,0
MAPK1,CHEMBL3234,CHEMBL1241270,Cc1ccc(-c2n[nH]c3ncnc(N)c23)cc1O,IC50,78.0,1
MAPK1,CHEMBL3234,CHEMBL1241271,Cc1ccc(-c2nn(C)c3ncnc(N)c23)cc1O,IC50,65.0,1
MAPK1,CHEMBL3234,CHEMBL1242026,Cc1ccc(-c2nn(C(C)C)c3ncnc(N)c23)cc1O,IC50,5.1,1
MAPK1,CHEMBL3234,CHEMBL1242109,CCC(C)n1nc(-c2ccc(C)c(O)c2)c2c(N)ncnc21,IC50,19.0,1
MAPK1,CHEMBL3234,CHEMBL1242110,CC(C)n1nc(-c2cccc(O)c2F)c2c(N)ncnc21,IC50,76.0,1
MAPK1,CHEMBL3234,CHEMBL1242111,Nc1ncnc2c1c(-c1cccc(O)c1F)nn2C1CCCC1,IC50,28.0,1
MAPK1,CHEMBL3234,CHEMBL1242198,CC(C)n1nc(-c2cc(O)cc(F)c2)c2c(N)ncnc21,IC50,47.0,1
MAPK1,CHEMBL3234,CHEMBL1242199,Nc1ncnc2c1c(-c1cc(O)cc(F)c1)nn2C1CCCC1,IC50,4.4,1
MAPK1,CHEMBL3234,CHEMBL1242200,COc1cc(Br)cc(-c2nn(C(C)C)c3ncnc(N)c23)c1,IC50,436.0,1
MAPK1,CHEMBL3234,CHEMBL1242380,COc1ccc(-c2nn(C[C@H](C)CO)c3ncnc(N)c23)cc1OC,IC50,920.0,1
MAPK1,CHEMBL3234,CHEMBL1242381,COc1ccc(-c2nn(C[C@@H](C)CO)c3ncnc(N)c23)cc1OC,IC50,2000.0,0
MAPK1,CHEMBL3234,CHEMBL1240553,COc1ccc(-c2nn(C3CCCC3)c3ncnc(N)c23)cc1OC,IC50,117.0,1
MAPK1,CHEMBL3234,CHEMBL1242471,CCOc1ccc(-c2n[nH]c3ncnc(N)c23)cc1OC,IC50,6000.0,0
MAPK1,CHEMBL3234,CHEMBL1242472,CCOc1ccc(-c2nn(C(C)C)c3ncnc(N)c23)cc1OC,IC50,551.0,1
MAPK1,CHEMBL3234,CHEMBL1242569,C=CCn1nc(-c2ccc(OCC)c(OC)c2)c2c(N)ncnc21,IC50,3400.0,0
MAPK1,CHEMBL3234,CHEMBL1240554,CCOc1ccc(-c2nn(C3CCCC3)c3ncnc(N)c23)cc1OC,IC50,285.0,1
MAPK1,CHEMBL3234,CHEMBL1242659,CCOc1ccc(-c2nn(C3CCCCC3)c3ncnc(N)c23)cc1OC,IC50,861.0,1
MAPK1,CHEMBL3234,CHEMBL1242660,COc1cc(-c2nn(C(C)C)c3ncnc(N)c23)cc(OC)c1OC,IC50,96.0,1
MAPK1,CHEMBL3234,CHEMBL1242751,COc1cccc(-c2nn(C(C)C)c3ncnc(N)c23)c1OC,IC50,733.0,1
MAPK1,CHEMBL3234,CHEMBL1242752,CCOc1cc(-c2nn(C(C)C)c3ncnc(N)c23)ccc1OC,IC50,1200.0,0
MAPK1,CHEMBL3234,CHEMBL1242753,CCOc1cc(-c2nn(CCO)c3ncnc(N)c23)ccc1OC,IC50,10500.0,0
MAPK1,CHEMBL3234,CHEMBL1242846,COc1ncc(-c2nn(C(C)C)c3ncnc(N)c23)c(OC)n1,IC50,1600.0,0
MAPK1,CHEMBL3234,CHEMBL1242847,COc1ccc(-c2nn(C(C)C)c3ncnc(N)c23)cc1,IC50,380.0,1
MAPK1,CHEMBL3234,CHEMBL1242848,CC(C)n1nc(-c2ccc(N)c(O)c2)c2c(N)ncnc21,IC50,46.0,1
MAPK1,CHEMBL3234,CHEMBL1241485,COc1cc(-c2nn(C(C)C)c3ncnc(N)c23)ccc1N,IC50,37.0,1
MAPK1,CHEMBL3234,CHEMBL1241486,COc1cc(-c2nn(C(C)C)c3ncnc(N)c23)ccc1NC(C)CO,IC50,567.0,1
MAPK1,CHEMBL3234,CHEMBL1241487,Nc1ccc(-c2nn(C3CCCC3)c3ncnc(N)c23)cc1O,IC50,13.0,1
MAPK1,CHEMBL3234,CHEMBL1241581,COc1cc(-c2nn(C3CCCC3)c3ncnc(N)c23)ccc1N,IC50,2.0,1
MAPK1,CHEMBL3234,CHEMBL1241582,CC(C)n1nc(-c2cccc(CO)c2)c2c(N)ncnc21,IC50,2400.0,0
MAPK1,CHEMBL3234,CHEMBL1241583,CC(C)n1nc(-c2cccc(CC#N)c2)c2c(N)ncnc21,IC50,5000.0,0
MAPK1,CHEMBL3234,CHEMBL1240545,CC(C)n1nc(-c2ccc(CC#N)cc2)c2c(N)ncnc21,IC50,510.0,1
MAPK1,CHEMBL3234,CHEMBL1241679,CC(C)n1nc(-c2cccc(C#N)c2)c2c(N)ncnc21,IC50,50000.0,0
MAPK1,CHEMBL3234,CHEMBL1241680,CC(C)n1nc(-c2ccc(F)c(C#N)c2)c2c(N)ncnc21,IC50,1000.0,0
MAPK1,CHEMBL3234,CHEMBL1241771,CC(C)n1nc(-c2ccc(C#N)c(F)c2)c2c(N)ncnc21,IC50,4300.0,0
MAPK1,CHEMBL3234,CHEMBL1241772,CC(C)n1nc(-c2ccc(C#N)nc2)c2c(N)ncnc21,IC50,13000.0,0
MAPK1,CHEMBL3234,CHEMBL1241390,CC(C)n1nc(-c2cccnc2)c2c(N)ncnc21,IC50,9200.0,0
MAPK1,CHEMBL3234,CHEMBL1241391,CC(C)n1nc(-c2cncnc2)c2c(N)ncnc21,IC50,13000.0,0
MAPK1,CHEMBL3234,CHEMBL1241773,CC(=O)c1ccc(-c2nn(C(C)C)c3ncnc(N)c23)cc1,IC50,1400.0,0
MAPK1,CHEMBL3234,CHEMBL1241860,CC(C)n1nc(-c2ccc(C=O)c(F)c2)c2c(N)ncnc21,IC50,855.0,1
MAPK1,CHEMBL3234,CHEMBL1241861,CC(C)n1nc(-c2cc(F)c(C=O)c(F)c2)c2c(N)ncnc21,IC50,516.0,1
MAPK1,CHEMBL3234,CHEMBL1241862,CC(C)n1nc(-c2ccc(C(N)=O)c(Cl)c2)c2c(N)ncnc21,IC50,7900.0,0
MAPK1,CHEMBL3234,CHEMBL1241946,CC(=O)c1cccc(-c2nn(C(C)C)c3ncnc(N)c23)c1,IC50,2300.0,0
MAPK1,CHEMBL3234,CHEMBL1241439,CC(C)n1nc(-c2cc(C=O)co2)c2c(N)ncnc21,IC50,4400.0,0
MAPK1,CHEMBL3234,CHEMBL1241947,Cc1cc(-c2nn(C(C)C)c3ncnc(N)c23)sc1C=O,IC50,7900.0,0
MAPK1,CHEMBL3234,CHEMBL1241948,CC(C)n1nc(-c2cccc(NS(C)(=O)=O)c2)c2c(N)ncnc21,IC50,3600.0,0
MAPK1,CHEMBL3234,CHEMBL1242030,CC(C)n1nc(-c2ccc(NS(C)(=O)=O)cc2)c2c(N)ncnc21,IC50,2300.0,0
MAPK1,CHEMBL3234,CHEMBL1242031,CC(C)n1nc(-c2cccc(S(N)(=O)=O)c2)c2c(N)ncnc21,IC50,5300.0,0
MAPK1,CHEMBL3234,CHEMBL1242032,CC(C)n1nc(-c2ccc(S(N)(=O)=O)cc2)c2c(N)ncnc21,IC50,1500.0,0
MAPK1,CHEMBL3234,CHEMBL1242115,CC(C)n1nc(-c2cccc(C(=O)NC3=NCCS3)c2)c2c(N)ncnc21,IC50,2400.0,0
MAPK1,CHEMBL3234,CHEMBL1241676,Nc1ncnc2c1c(-c1ccc(Cl)c(O)c1)nn2C1CCCC1,IC50,0.18,1
MAPK1,CHEMBL3234,CHEMBL1241677,Nc1ncnc2c1c(-c1ccc(Cl)c(O)c1)nn2[C@@H]1CCNC1,IC50,20.0,1
MAPK1,CHEMBL3234,CHEMBL1241678,Nc1ncnc2c1c(-c1ccc(Cl)c(O)c1)nn2[C@H]1CCOC1,IC50,8.8,1
MAPK1,CHEMBL3234,CHEMBL1241768,Nc1ncnc2c1c(-c1ccc(Cl)c(O)c1)nn2[C@@H]1CCOC1,IC50,8.0,1
MAPK1,CHEMBL3234,CHEMBL1241769,Nc1ncnc2c1c(-c1ccc(Cl)c(O)c1)nn2CC1CCCN1,IC50,328.0,1
MAPK1,CHEMBL3234,CHEMBL1241770,Nc1ncnc2c1c(-c1ccc(Cl)c(O)c1)nn2CC1CCNC1,IC50,67.0,1
MAPK1,CHEMBL3234,CHEMBL1241858,Nc1ncnc2c1c(-c1ccc(Cl)c(O)c1)nn2CC1CCCNC1,IC50,1130.0,0
MAPK1,CHEMBL3234,CHEMBL1241859,Nc1ncnc2c1c(-c1ccc(Cl)c(O)c1)nn2CC1CCNCC1,IC50,862.0,1
MAPK1,CHEMBL3234,CHEMBL1241943,Nc1ncnc2c1c(-c1ccc(Cl)c(O)c1)nn2CCC1CCCNC1,IC50,244.0,1
MAPK1,CHEMBL3234,CHEMBL1241944,CC(C)n1nc(-c2ccc(C#N)c(O)c2)c2c(N)ncnc21,IC50,708.0,1
MAPK1,CHEMBL3234,CHEMBL1241945,CC(C)n1nc(-c2ccc(O)c(F)c2)c2c(N)ncnc21,IC50,26.0,1
MAPK1,CHEMBL3234,CHEMBL1242027,COc1cc(F)c(-c2nn(C(C)C)c3ncnc(N)c23)cc1F,IC50,113.0,1
MAPK1,CHEMBL3234,CHEMBL1242028,CC(C)n1nc(-c2cc(F)c(O)cc2F)c2c(N)ncnc21,IC50,76.0,1
MAPK1,CHEMBL3234,CHEMBL1242029,COc1cccc(-c2nn(C(C)C)c3ncnc(N)c23)c1,IC50,180.0,1
MAPK1,CHEMBL3234,CHEMBL1242112,COc1cc(-c2nn(C(C)C)c3ncnc(N)c23)ccc1O,IC50,100.0,1
MAPK1,CHEMBL3234,CHEMBL1241300,COc1ccc(-c2n[nH]c3ncnc(N)c23)cc1O,IC50,624.0,1
MAPK1,CHEMBL3234,CHEMBL1241301,COc1ccc(-c2nn(C)c3ncnc(N)c23)cc1O,IC50,794.0,1
MAPK1,CHEMBL3234,CHEMBL1242113,CCn1nc(-c2ccc(OC)c(O)c2)c2c(N)ncnc21,IC50,115.0,1
MAPK1,CHEMBL3234,CHEMBL1242114,COc1ccc(-c2nn(C(C)C)c3ncnc(N)c23)cc1O,IC50,18.0,1
MAPK1,CHEMBL3234,CHEMBL1242201,COc1ccc(-c2nn(C3CCCC3)c3ncnc(N)c23)cc1O,IC50,18.0,1
MAPK1,CHEMBL3234,CHEMBL1242202,COc1ccc(-c2nn(C3CCC(C)C3)c3ncnc(N)c23)cc1O,IC50,10.0,1
MAPK1,CHEMBL3234,CHEMBL1242203,COc1ccc(-c2nn(C3CNC3)c3ncnc(N)c23)cc1O,IC50,1200.0,0
MAPK1,CHEMBL3234,CHEMBL1242288,COc1ccc(-c2nn([C@@H]3CCNC3)c3ncnc(N)c23)cc1O,IC50,311.0,1
MAPK1,CHEMBL3234,CHEMBL1242289,CCOc1ccc(-c2nn(C3CCCC3)c3ncnc(N)c23)cc1O,IC50,82.0,1
MAPK1,CHEMBL3234,CHEMBL1242290,COc1ccc(-c2nn(C(C)C)c3ncnc(N)c23)cc1OC,IC50,1100.0,0
MAPK1,CHEMBL3234,CHEMBL1242379,COc1ccc(-c2nn(C(C)(C)C)c3ncnc(N)c23)cc1OC,IC50,440.0,1
MAPK1,CHEMBL3234,CHEMBL1242661,CCOc1ccc2cc(-c3nn(C)c4ncnc(N)c34)ccc2c1,IC50,540.0,1
MAPK1,CHEMBL3234,CHEMBL1242662,CC(C)n1nc(-c2ccc3cc(O)ccc3c2)c2c(N)ncnc21,IC50,20.0,1
MAPK1,CHEMBL3234,CHEMBL1242663,CC(C)n1nc(-c2cc3ccccc3nc2Cl)c2c(N)ncnc21,IC50,1600.0,0
MAPK1,CHEMBL3234,CHEMBL1242754,CC(C)n1nc(-c2cnc3ccccc3c2)c2c(N)ncnc21,IC50,422.0,1
MAPK1,CHEMBL3234,CHEMBL1242755,Nc1ncnc2c1c(-c1cnc3ccccc3c1)nn2C1CCCC1,IC50,326.0,1
MAPK1,CHEMBL3234,CHEMBL1242756,Cn1nc(-c2ccc3ncccc3c2)c2c(N)ncnc21,IC50,100000.0,0
MAPK1,CHEMBL3234,CHEMBL1241681,Nc1ncnc2c1c(-c1ccc3ncccc3c1)nn2C1CCCC1,IC50,540.0,1
MAPK1,CHEMBL3234,CHEMBL1241682,Cc1ccc2cc(-c3nn(C(C)C)c4ncnc(N)c34)ccc2n1,IC50,2200.0,0
MAPK1,CHEMBL3234,CHEMBL1241683,CC(C)n1nc(-c2ccc3nc(Cl)ccc3c2)c2c(N)ncnc21,IC50,878.0,1
MAPK1,CHEMBL3234,CHEMBL1241774,CC(C)n1nc(-c2ccc3nccnc3c2)c2c(N)ncnc21,IC50,946.0,1
MAPK1,CHEMBL3234,CHEMBL1241775,CC(C)n1nc(-c2cnc3nccnc3c2)c2c(N)ncnc21,IC50,12000.0,0
MAPK1,CHEMBL3234,CHEMBL1241776,CC(C)n1nc(-c2ccc3nc[nH]c(=O)c3c2)c2c(N)ncnc21,IC50,248.0,1
MAPK1,CHEMBL3234,CHEMBL1241863,CC(C)n1nc(-c2ccc3[nH]c(=O)ccc3c2)c2c(N)ncnc21,IC50,2700.0,0
MAPK1,CHEMBL3234,CHEMBL1241864,Nc1ncnc2c1c(-c1ccc3[nH]c(=O)ccc3c1)nn2C1CCCC1,IC50,1100.0,0
MAPK1,CHEMBL3234,CHEMBL1241949,CC(C)n1nc(-c2ccc3nc(N)ccc3c2)c2c(N)ncnc21,IC50,17000.0,0
MAPK1,CHEMBL3234,CHEMBL1241950,CC(C)n1nc(-c2ccc3nc(NN)ccc3c2)c2c(N)ncnc21,IC50,4300.0,0
MAPK1,CHEMBL3234,CHEMBL1242033,CC(C)n1nc(-c2ccc3nccc(NC(=O)OC(C)(C)C)c3c2)c2c(N)ncnc21,IC50,17000.0,0
MAPK1,CHEMBL3234,CHEMBL1242034,CC(C)n1nc(-c2ccc3nccc(N)c3c2)c2c(N)ncnc21,IC50,3400.0,0
MAPK1,CHEMBL3234,CHEMBL1242117,Cn1nc(-c2ccc3occc(=O)c3c2)c2c(N)ncnc21,IC50,17000.0,0
MAPK1,CHEMBL3234,CHEMBL1242118,CC(C)n1nc(-c2ccc3occc(=O)c3c2)c2c(N)ncnc21,IC50,2500.0,0
MAPK1,CHEMBL3234,CHEMBL1242119,Nc1ncnc2c1c(-c1ccc3occc(=O)c3c1)nn2C1CCCC1,IC50,1100.0,0
MAPK1,CHEMBL3234,CHEMBL1242207,CC(C)n1nc(-c2ccc3cnccc3c2)c2c(N)ncnc21,IC50,100000.0,0
MAPK1,CHEMBL3234,CHEMBL1242208,CC(C)n1nc(-c2ccc3ccncc3c2)c2c(N)ncnc21,IC50,1800.0,0
MAPK1,CHEMBL3234,CHEMBL1242209,Cc1ccc2ccc(-c3nn(C(C)C)c4ncnc(N)c34)cc2n1,IC50,16000.0,0
MAPK1,CHEMBL3234,CHEMBL1240565,Cn1nc(-c2cnc3[nH]ccc3c2)c2c(N)ncnc21,IC50,420.0,1
MAPK1,CHEMBL3234,CHEMBL1242293,CC(C)n1nc(-c2cnc3[nH]ccc3c2)c2c(N)ncnc21,IC50,10.0,1
MAPK1,CHEMBL3234,CHEMBL1242294,CC(C)n1nc(-c2ccc3[nH]ccc3c2)c2c(N)ncnc21,IC50,15.0,1
MAPK1,CHEMBL3234,CHEMBL1242295,Nc1ncnc2c1c(-c1ccc3[nH]ccc3c1)nn2C1CCCC1,IC50,5.4,1
MAPK1,CHEMBL3234,CHEMBL1242384,CC(C)n1nc(-c2ccc3c(ccn3C)c2)c2c(N)ncnc21,IC50,153.0,1
MAPK1,CHEMBL3234,CHEMBL1242385,Cn1ccc2cc(-c3nn(C4CCCC4)c4ncnc(N)c34)ccc21,IC50,148.0,1
MAPK1,CHEMBL3234,CHEMBL1242386,CC(C)n1nc(-c2ccc3[nH]ncc3c2)c2c(N)ncnc21,IC50,53.0,1
MAPK1,CHEMBL3234,CHEMBL1242475,Nc1ncnc2c1c(-c1ccc3[nH]ncc3c1)nn2C1CCCC1,IC50,33.0,1
MAPK1,CHEMBL3234,CHEMBL1242476,CC(C)n1nc(-c2ccc3c(N)n[nH]c3c2)c2c(N)ncnc21,IC50,35.0,1
MAPK1,CHEMBL3234,CHEMBL1242477,CC(C)n1nc(-c2ccc3cn[nH]c3c2)c2c(N)ncnc21,IC50,30.0,1
MAPK1,CHEMBL3234,CHEMBL1242572,Nc1ncnc2c1c(-c1ccc3cn[nH]c3c1)nn2C1CCCC1,IC50,37.0,1
MAPK1,CHEMBL3234,CHEMBL1242573,CC(C)n1nc(-c2cc(F)c3cn[nH]c3c2)c2c(N)ncnc21,IC50,76.0,1
MAPK1,CHEMBL3234,CHEMBL1240566,Cn1nc(-c2ccc3cc[nH]c3c2)c2c(N)ncnc21,IC50,220.0,1
MAPK1,CHEMBL3234,CHEMBL1242574,CC(C)n1nc(-c2ccc3cc[nH]c3c2)c2c(N)ncnc21,IC50,18.0,1
MAPK1,CHEMBL3234,CHEMBL1242664,Nc1ncnc2c1c(-c1ccc3cc[nH]c3c1)nn2C1CCCC1,IC50,5.0,1
MAPK1,CHEMBL3234,CHEMBL1242665,CC(C)n1nc(-c2ccn3ccnc3c2)c2c(N)ncnc21,IC50,100000.0,0
MAPK1,CHEMBL3234,CHEMBL1242666,CC(C)n1nc(-c2ccc3c(C=O)c[nH]c3c2)c2c(N)ncnc21,IC50,270.0,1
MAPK1,CHEMBL3234,CHEMBL1242757,CC(C)n1nc(-c2cccc3[nH]ccc23)c2c(N)ncnc21,IC50,1200.0,0
MAPK1,CHEMBL3234,CHEMBL1242758,Nc1ncnc2c1c(-c1cccc3[nH]ccc13)nn2C1CCCC1,IC50,57.0,1
MAPK1,CHEMBL3234,CHEMBL1242852,CC(C)n1nc(-c2ccc3c(ccn3C(=O)OC(C)(C)C)c2)c2c(N)ncnc21,IC50,9.0,1
MAPK1,CHEMBL3234,CHEMBL1242853,CC(C)(C)OC(=O)n1ccc2cc(-c3nn(C4CCCC4)c4ncnc(N)c34)ccc21,IC50,48.0,1
MAPK1,CHEMBL3234,CHEMBL1241490,CC(C)n1nc(-c2ccc3occc3c2)c2c(N)ncnc21,IC50,91.0,1
MAPK1,CHEMBL3234,CHEMBL1241491,Nc1ncnc2c1c(-c1ccc3occc3c1)nn2C1CCCC1,IC50,56.0,1
MAPK1,CHEMBL3234,CHEMBL1241492,CC(C)n1nc(-c2ccc3nonc3c2)c2c(N)ncnc21,IC50,1300.0,0
MAPK1,CHEMBL3234,CHEMBL1241586,CC(C)n1nc(-c2ccc3[nH]c(=O)[nH]c3c2)c2c(N)ncnc21,IC50,4800.0,0
MAPK1,CHEMBL3234,CHEMBL1241587,CC(C)n1nc(-c2ccc3c(c2)CCO3)c2c(N)ncnc21,IC50,889.0,1
MAPK1,CHEMBL3234,CHEMBL1241588,CC(C)n1nc(-c2ccc3c(c2)OCCO3)c2c(N)ncnc21,IC50,1000.0,0
MAPK1,CHEMBL3234,CHEMBL1241684,CC(C)n1nc(-c2cc3cc(C=O)ccc3s2)c2c(N)ncnc21,IC50,12000.0,0
MAPK1,CHEMBL3234,CHEMBL939,COc1cc2ncnc(Nc3ccc(F)c(Cl)c3)c2cc1OCCCN1CCOCC1,IC50,110.0,1
MAPK1,CHEMBL3234,CHEMBL5416410,Cc1nc(Nc2ncc(C(=O)Nc3c(C)cccc3Cl)s2)cc(N2CCN(CCO)CC2)n1.O,IC50,1.0,1
MAPK1,CHEMBL3234,CHEMBL535,CCN(CC)CCNC(=O)c1c(C)[nH]c(/C=C2\C(=O)Nc3ccc(F)cc32)c1C,IC50,190.0,1
MAPK1,CHEMBL3234,CHEMBL1336,CNC(=O)c1cc(Oc2ccc(NC(=O)Nc3ccc(Cl)c(C(F)(F)F)c3)cc2)ccn1,IC50,530.0,1
MAPK1,CHEMBL3234,CHEMBL288441,COc1cc(Nc2c(C#N)cnc3cc(OCCCN4CCN(C)CC4)c(OC)cc23)c(Cl)cc1Cl,IC50,3.2,1
MAPK1,CHEMBL3234,CHEMBL103667,Cc1ccc(-n2nc(C(C)(C)C)cc2NC(=O)Nc2ccc(OCCN3CCOCC3)c3ccccc23)cc1,IC50,1700.0,0
MAPK1,CHEMBL3234,CHEMBL2380845,O=C(Nc1ccc(Nc2ccnc3[nH]c(=O)c4ccccc4c23)cc1)c1ccccc1,IC50,958.0,1
MAPK1,CHEMBL3234,CHEMBL3586447,Cc1cc2cn[nH]c2cc1-c1cccc2c(N)c(C(N)=O)nnc12,IC50,99.0,1
MAPK1,CHEMBL3234,CHEMBL2336005,Oc1cccc(Nc2ccnc3cc(-c4cccc(CN5CCOCC5)c4)sc23)c1,IC50,4.4,1
MAPK1,CHEMBL3234,CHEMBL1090979,Cc1ccc(-n2nc(C(C)(C)C)cc2NC(=O)Nc2ccc(Oc3ccnc4[nH]c(=O)n(C)c34)c3ccccc23)cc1,IC50,2.0,1
MAPK1,CHEMBL3234,CHEMBL3695594,COc1ccc(-n2nc(C(C)(C)C)cc2NC(=O)Nc2ccc(OCc3ccnc4[nH]c(=O)cnc34)c3ccccc23)cc1,IC50,22.0,1
MAPK1,CHEMBL3234,CHEMBL3695578,Cc1ccc(-n2nc(C(C)C)cc2NC(=O)Nc2ccc(Oc3ccnc4[nH]c(=O)cnc34)c3ccccc23)cc1,IC50,4.0,1
MAPK1,CHEMBL3234,CHEMBL3695591,CC(C)(C)c1cc(NC(=O)Nc2ccc(Oc3ccnc4[nH]c(=O)cnc34)c(Cl)c2Cl)n(-c2ccc(CO)cc2)n1,IC50,4.0,1
MAPK1,CHEMBL3234,CHEMBL1214135,Cc1ccc(-n2nc(C(C)(C)C)cc2NC(=O)Nc2ccc(Oc3ccnc4[nH]c(=O)c(C)nc34)c3ccccc23)cc1,IC50,5.0,1
MAPK1,CHEMBL3234,CHEMBL3695587,Cc1ccc(-n2nc(C(C)(C)C)cc2NC(=O)Nc2ccc(Oc3ncnc4[nH]c(=O)[nH]c34)c3ccccc23)cc1,IC50,36.0,1
MAPK1,CHEMBL3234,CHEMBL3695574,CNS(=O)(=O)Cc1ccc(-n2nc(C(C)(C)C)cc2NC(=O)Nc2ccc(Oc3ccnc4[nH]c(=O)cnc34)c3ccccc23)cc1,IC50,3.0,1
MAPK1,CHEMBL3234,CHEMBL3695588,CC(C)(C)c1cc(NC(=O)Nc2ccc(Oc3ccnc4[nH]c(=O)cnc34)c3ccccc23)n(-c2ccc(O)cc2)n1,IC50,18.0,1
MAPK1,CHEMBL3234,CHEMBL3695590,COc1cc(-n2nc(C(C)(C)C)cc2NC(=O)Nc2ccc(Oc3ccnc4[nH]c(=O)cnc34)c3ccccc23)ccc1CO,IC50,5.0,1
MAPK1,CHEMBL3234,CHEMBL3695593,Cc1ccc(-n2nc(C(C)(C)C)cc2NC(=O)Nc2ccc(Oc3ccnc4[nH]c(=O)cnc34)c3ccccc23)s1,IC50,3.0,1
MAPK1,CHEMBL3234,CHEMBL3695589,CC(C)(C)c1cc(NC(=O)Nc2ccc(Oc3ccnc4[nH]c(=O)cnc34)c3ccccc23)n(-c2ccc(CO)cc2)n1,IC50,24.0,1
MAPK1,CHEMBL3234,CHEMBL1214131,CC(C)(C)c1cc(NC(=O)Nc2ccc(Oc3ccnc4[nH]c(=O)cnc34)c3ccccc23)n(-c2ccccc2)n1,IC50,3.0,1
MAPK1,CHEMBL3234,CHEMBL3695585,COc1ccc(-n2nc(C(C)(C)C)cc2NC(=O)Nc2ccc(Oc3ccnc4[nH]c(=O)n(C(C)C)c34)c3ccccc23)cc1,IC50,8.0,1
MAPK1,CHEMBL3234,CHEMBL3695586,COc1ccc(-n2nc(C(C)(C)C)cc2NC(=O)Nc2ccc(Oc3ccnc4[nH]c(=O)n(C)c34)c(Cl)c2Cl)cc1,IC50,4.0,1
MAPK1,CHEMBL3234,CHEMBL3695569,COCC(=O)Nc1cc(Oc2ccc(NC(=O)Nc3cc(C(C)(C)C)nn3-c3ccc(C)cc3)c3ccccc23)ccn1,IC50,3.0,1
MAPK1,CHEMBL3234,CHEMBL3695579,CC(C)(C)c1cc(NC(=O)Nc2ccc(Oc3ccnc4[nH]c(=O)cnc34)c3ccccc23)n(-c2ccc(S(C)(=O)=O)cc2)n1,IC50,3.0,1
MAPK1,CHEMBL3234,CHEMBL3695580,CC(C)(C)c1cc(NC(=O)Nc2ccc(Oc3ccnc4[nH]c(=O)cnc34)c3ccccc23)n(-c2ccc(Cl)c(Cl)c2)n1,IC50,4.0,1
MAPK1,CHEMBL3234,CHEMBL3695581,CSc1ccc(-n2nc(C(C)(C)C)cc2NC(=O)Nc2ccc(Oc3ccnc4[nH]c(=O)cnc34)c3ccccc23)cc1,IC50,4.0,1
MAPK1,CHEMBL3234,CHEMBL3695582,COc1ccc(-n2nc(C(C)(C)C)cc2NC(=O)Nc2ccc(Oc3ccnc4[nH]c(=O)[nH]c34)c3ccccc23)cc1,IC50,2.0,1
MAPK1,CHEMBL3234,CHEMBL3695583,COc1ccc(-n2nc(C(C)(C)C)cc2NC(=O)Nc2ccc(Oc3ccnc4[nH]c(=O)n(C)c34)c3ccccc23)cc1,IC50,3.0,1
MAPK1,CHEMBL3234,CHEMBL3695575,CC(C)(C)c1cc(NC(=O)Nc2ccc(Oc3ccnc4[nH]c(=O)cnc34)c3ccccc23)n(-c2ccc(Cl)cc2)n1,IC50,918.0,1
MAPK1,CHEMBL3234,CHEMBL3695577,Cc1ccc(-n2nc(C3(C)CC3)cc2NC(=O)Nc2ccc(Oc3ccnc4[nH]c(=O)cnc34)c3ccccc23)cc1,IC50,4.0,1
MAPK1,CHEMBL3234,CHEMBL3695573,COc1ccc(-n2nc(C(C)(C)C)cc2NC(=O)Nc2ccc(Oc3ccnc4[nH]c(=O)cnc34)c3ccccc23)cc1,IC50,458.0,1
MAPK1,CHEMBL3234,CHEMBL3695584,CCn1c(=O)[nH]c2nccc(Oc3ccc(NC(=O)Nc4cc(C(C)(C)C)nn4-c4ccc(OC)cc4)c4ccccc34)c21,IC50,5.0,1
MAPK1,CHEMBL3234,CHEMBL3695572,COc1ccc(-n2nc(C(C)(C)C)cc2NC(=O)Nc2ccc(Oc3ccnc4[nH]c(=O)n(C)c34)c3ccccc23)cn1,IC50,5.0,1
MAPK1,CHEMBL3234,CHEMBL3695570,CC(C)(C)c1cc(NC(=O)Nc2ccc(Oc3ccnc4[nH]c(=O)[nH]c34)c3ncccc23)n(-c2ccccc2)n1,IC50,7.0,1
MAPK1,CHEMBL3234,CHEMBL3695568,COCC(=O)Nc1cc(COc2ccc(NC(=O)Nc3cc(C(C)(C)C)nn3-c3ccc(C)cc3)c3ccccc23)ccn1,IC50,47.0,1
MAPK1,CHEMBL3234,CHEMBL1214132,Cc1nc2c(Oc3ccc(NC(=O)Nc4cc(C(C)(C)C)nn4-c4ccccc4)c4ccccc34)ccnc2[nH]c1=O,IC50,3.0,1
MAPK1,CHEMBL3234,CHEMBL3695592,CC(C)(C)c1cc(NC(=O)Nc2ccc(Oc3ccnc4[nH]c(=O)cnc34)c3ccccc23)n(-c2ccc(CO)nc2)n1,IC50,3.0,1
MAPK1,CHEMBL3234,CHEMBL3695576,Cc1ccc(-n2nc(C3CC3)cc2NC(=O)Nc2ccc(Oc3ccnc4[nH]c(=O)cnc34)c3ccccc23)cc1,IC50,9.0,1
MAPK1,CHEMBL3234,CHEMBL1214134,Cc1ccc(-n2nc(C(C)(C)C)cc2NC(=O)Nc2ccc(Oc3ccnc4[nH]c(=O)cnc34)c3ccccc23)cc1,IC50,3.0,1
MAPK1,CHEMBL3234,CHEMBL3695571,COc1ccc(-n2nc(C(C)(C)C)cc2NC(=O)Nc2ccc(Oc3ccnc4[nH]c(=O)[nH]c34)c3ncccc23)cc1,IC50,2.0,1
MAPK1,CHEMBL3234,CHEMBL1090975,Cc1ccc(-n2nc(C(C)(C)C)cc2NC(=O)Nc2ccc(Oc3ccnc4[nH]c(=O)[nH]c34)c3ccccc23)cc1,IC50,2.0,1
MAPK1,CHEMBL3234,CHEMBL3695595,COc1ccc(-n2nc(C(C)(C)C)cc2NC(=O)Nc2ccc(Oc3ncnc4[nH]c(=O)cnc34)c3ccccc23)cc1,IC50,458.0,1
MAPK1,CHEMBL3234,CHEMBL1093756,CC(C)(C)c1cc(NC(=O)Nc2ccc(Oc3ccnc4[nH]c(=O)[nH]c34)c3ccccc23)n(-c2ccccc2)n1,IC50,2.0,1
MAPK1,CHEMBL3234,CHEMBL3753341,CC(C)n1nc(-c2cc(C3CC3)on2)c2c(N)ncnc21,IC50,137.0,1
MAPK1,CHEMBL3234,CHEMBL336001,Cc1ccc(-n2nc(C(C)(C)C)cc2NC(=O)Nc2ccc(OCCn3ccnc3)c3ccccc23)cc1,IC50,4937.0,0
MAPK1,CHEMBL3234,CHEMBL143134,Cc1ccc(-n2nc(C(C)(C)C)cc2NC(=O)Nc2ccc(OCCc3ccncc3)c3ccccc23)cc1,IC50,901.0,1
MAPK1,CHEMBL3234,CHEMBL3781587,Cc1ccc(-n2nc(C(C)(C)C)cc2NC(=O)Nc2ccc(OCCc3ccnc(N)c3)c3ccccc23)cc1,IC50,829.0,1
MAPK1,CHEMBL3234,CHEMBL3780111,Cc1ccc(-n2nc(C(C)(C)C)cc2NC(=O)Nc2ccc(OCCc3ccncc3N)c3ccccc23)cc1,IC50,625.0,1
MAPK1,CHEMBL3234,CHEMBL3781430,CC(=O)Nc1cc(CCOc2ccc(NC(=O)Nc3cc(C(C)(C)C)nn3-c3ccc(C)cc3)c3ccccc23)ccn1,IC50,82.0,1
MAPK1,CHEMBL3234,CHEMBL3780488,CC(=O)Nc1cnccc1CCOc1ccc(NC(=O)Nc2cc(C(C)(C)C)nn2-c2ccc(C)cc2)c2ccccc12,IC50,482.0,1
MAPK1,CHEMBL3234,CHEMBL3782036,COCC(=O)Nc1cnccc1CCOc1ccc(NC(=O)Nc2cc(C(C)(C)C)nn2-c2ccc(C)cc2)c2ccccc12,IC50,1117.0,0
MAPK1,CHEMBL3234,CHEMBL3780154,COCC(=O)Nc1cc(CCOc2ccc(NC(=O)Nc3cc(C(C)(C)C)nn3-c3ccc(C)cc3)c3ccccc23)ccn1,IC50,164.0,1
MAPK1,CHEMBL3234,CHEMBL3782009,CC(=O)Nc1nccn1CCOc1ccc(NC(=O)Nc2cc(C(C)(C)C)nn2-c2ccc(C)cc2)c2ccccc12,IC50,3221.0,0
MAPK1,CHEMBL3234,CHEMBL3781532,COC(=O)Nc1cc(CCOc2ccc(NC(=O)Nc3cc(C(C)(C)C)nn3-c3ccc(C)cc3)c3ccccc23)ccn1,IC50,26.0,1
MAPK1,CHEMBL3234,CHEMBL3780714,Cc1ccc(-n2nc(C(C)(C)C)cc2NC(=O)Nc2ccc(OCc3ccnc(NS(C)(=O)=O)c3)c3ccccc23)cc1,IC50,2141.0,0
MAPK1,CHEMBL3234,CHEMBL3781102,CC(=O)Nc1cc(COc2ccc(NC(=O)Nc3cc(C(C)(C)C)nn3-c3ccc(C)cc3)c3ccccc23)ccn1,IC50,51.0,1
MAPK1,CHEMBL3234,CHEMBL3781687,CNC(=O)Nc1cc(CCOc2ccc(NC(=O)Nc3cc(C(C)(C)C)nn3-c3ccc(C)cc3)c3ccccc23)ccn1,IC50,26.0,1
MAPK1,CHEMBL3234,CHEMBL3780519,Cc1ccc(-n2nc(C(C)(C)C)cc2NC(=O)Nc2ccc(OCc3ccnc(NC(=O)c4ccccc4)c3)c3ccccc23)cc1,IC50,13291.0,0
MAPK1,CHEMBL3234,CHEMBL3781473,Cc1ccc(-n2nc(C(C)(C)C)cc2NC(=O)Nc2ccc(OCc3ccnc(NC(=O)Cc4ccccc4)c3)c3ccccc23)cc1,IC50,692.0,1
MAPK1,CHEMBL3234,CHEMBL3781244,Cc1ccc(-n2nc(C(C)(C)C)cc2NC(=O)Nc2ccc(OCc3ccnc(NC(=O)CN(C)C)c3)c3ccccc23)cc1,IC50,197.0,1
MAPK1,CHEMBL3234,CHEMBL3780667,Cc1ccc(-n2nc(C(C)(C)C)cc2NC(=O)Nc2ccc(OCc3ccnc(NC(=O)CN4CCOCC4)c3)c3ccccc23)cc1,IC50,187.0,1
MAPK1,CHEMBL3234,CHEMBL3781245,CSCC(=O)Nc1cc(COc2ccc(NC(=O)Nc3cc(C(C)(C)C)nn3-c3ccc(C)cc3)c3ccccc23)ccn1,IC50,208.0,1
MAPK1,CHEMBL3234,CHEMBL3780832,Cc1ccc(-n2nc(C(C)(C)C)cc2NC(=O)Nc2ccc(OCc3ccnc(NC(=O)CS(C)(=O)=O)c3)c3ccccc23)cc1,IC50,110.0,1
MAPK1,CHEMBL3234,CHEMBL3780386,COCC(=O)N(C)c1cc(COc2ccc(NC(=O)Nc3cc(C(C)(C)C)nn3-c3ccc(C)cc3)c3ccccc23)ccn1,IC50,8673.0,0
MAPK1,CHEMBL3234,CHEMBL3781982,COCC(=O)Nc1cc(C(C)Oc2ccc(NC(=O)Nc3cc(C(C)(C)C)nn3-c3ccc(C)cc3)c3ccccc23)ccn1,IC50,807.0,1
MAPK1,CHEMBL3234,CHEMBL3781999,COCC(=O)Nc1cc(C(C)(C)Oc2ccc(NC(=O)Nc3cc(C(C)(C)C)nn3-c3ccc(C)cc3)c3ccccc23)ccn1,IC50,8552.0,0
MAPK1,CHEMBL3234,CHEMBL3808884,COC(=O)c1cc2cc(NCc3cc(NC(=O)c4cc(-n5cnc(C)c5)cc(C(F)(F)F)c4)ccc3C)cnc2[nH]1,IC50,22.0,1
MAPK1,CHEMBL3234,CHEMBL3884319,CC1(C)C(=O)N([C@H]2CCc3c(O)cccc32)c2nc(Nc3ccccc3)ncc21,IC50,1855.0,0
MAPK1,CHEMBL3234,CHEMBL1873475,C=CC(=O)N1CCC[C@@H](n2nc(-c3ccc(Oc4ccccc4)cc3)c3c(N)ncnc32)C1,IC50,3.7,1
MAPK1,CHEMBL3234,CHEMBL3647967,C=CC(=O)N[C@H]1CC[C@@H](n2nc(-c3ccc(Oc4ccccc4)cc3)c3c(N)ncnc32)CC1,IC50,1.0,1
MAPK1,CHEMBL3234,CHEMBL45177,CN1CCN([C@H]2CC[C@H](n3cc(-c4ccc(Oc5ccccc5)cc4)c4c(N)ncnc43)CC2)CC1,IC50,0.4266,1
MAPK1,CHEMBL3234,CHEMBL4103186,CC(C)C[C@H](N[C@H]1CC[C@H](n2cc(-c3ccc(Oc4ccccc4)cc3)c3c(N)ncnc32)CC1)C(=O)N(C)C,IC50,691.83,1
MAPK1,CHEMBL3234,CHEMBL4085262,CNC(=O)[C@H](CC(C)C)N[C@H]1CC[C@H](n2cc(-c3ccc(Oc4ccccc4)cc3)c3c(N)ncnc32)CC1,IC50,112.2,1
MAPK1,CHEMBL3234,CHEMBL4065334,CC(C)C[C@H](N[C@H]1CC[C@H](n2cc(-c3ccc(Oc4ccccc4)cc3)c3c(N)ncnc32)CC1)C(N)=O,IC50,208.93,1
MAPK1,CHEMBL3234,CHEMBL4093003,CC(C)C[C@H](N[C@H]1CC[C@H](n2cc(-c3ccc(Oc4ccccc4)cc3)c3c(N)ncnc32)CC1)C(=O)O,IC50,10.96,1
MAPK1,CHEMBL3234,CHEMBL4073943,CCOC(=O)[C@H](CC(C)C)N[C@H]1CC[C@H](n2cc(-c3ccc(Oc4ccccc4)cc3)c3c(N)ncnc32)CC1,IC50,1318.26,0
MAPK1,CHEMBL3234,CHEMBL4063307,Cc1nnc2n1CCN([C@H]1CC[C@H](n3cc(-c4ccc(Oc5ccccc5)cc4)c4c(N)ncnc43)CC1)C2,IC50,89.13,1
MAPK1,CHEMBL3234,CHEMBL4061078,Nc1ncnc2c1c(-c1ccc(Oc3ccccc3)cc1)cn2[C@H]1CC[C@H](N[C@H]2CCNC2=O)CC1,IC50,13.49,1
MAPK1,CHEMBL3234,CHEMBL4071932,Nc1ncnc2c1c(-c1ccc(Oc3ccccc3)cc1)cn2[C@H]1CC[C@H](NCc2ccncc2)CC1,IC50,8.913,1
MAPK1,CHEMBL3234,CHEMBL4087733,NC(=O)CN[C@H]1CC[C@H](n2cc(-c3ccc(Oc4ccccc4)cc3)c3c(N)ncnc32)CC1,IC50,7.586,1
MAPK1,CHEMBL3234,CHEMBL4066401,Nc1ncnc2c1c(-c1ccc(Oc3ccccc3)cc1)cn2[C@H]1CC[C@H](NCC(=O)O)CC1,IC50,4.169,1
MAPK1,CHEMBL3234,CHEMBL4095434,Nc1ncnc2c1c(-c1ccc(Oc3ccccc3)cc1)cn2[C@H]1CC[C@H](N2CCN(CCO)CC2)CC1,IC50,3.467,1
MAPK1,CHEMBL3234,CHEMBL4075002,CC(C)N1CCN([C@H]2CC[C@H](n3cc(-c4ccc(Oc5ccccc5)cc4)c4c(N)ncnc43)CC2)CC1,IC50,0.257,1
MAPK1,CHEMBL3234,CHEMBL296103,Nc1ncnc2c1c(-c1ccc(Oc3ccccc3)cc1)cn2C1CCOCC1,IC50,31.0,1
MAPK1,CHEMBL3234,CHEMBL4095253,C=CS(=O)(=O)N1CCC[C@@H]1Cn1cc(-c2ccc3c(c2)OCO3)c2c(N)ncnc21,IC50,199.4,1
MAPK1,CHEMBL3234,CHEMBL4207785,CC(C)CCN[C@H]1CC[C@H](n2cc(-c3ccc(Oc4ccccc4)cc3)c3c(N)ncnc32)CC1,IC50,226.0,1
MAPK1,CHEMBL3234,CHEMBL4213372,CC(C)CCN[C@H]1CC[C@@H](n2cc(-c3ccc(Oc4ccccc4)cc3)c3c(N)ncnc32)CC1,IC50,119.0,1
MAPK1,CHEMBL3234,CHEMBL4208669,CC(C)C[C@H](N[C@H]1CC[C@@H](n2cc(-c3ccc(Oc4ccccc4)cc3)c3c(N)ncnc32)CC1)C(=O)O,IC50,105.0,1
MAPK1,CHEMBL3234,CHEMBL4209498,CC(C)C[C@@H](N[C@H]1CC[C@H](n2cc(-c3ccc(Oc4ccccc4)cc3)c3c(N)ncnc32)CC1)C(=O)O,IC50,27.0,1
MAPK1,CHEMBL3234,CHEMBL4212432,CC(C)C[C@@H](N[C@H]1CC[C@@H](n2cc(-c3ccc(Oc4ccccc4)cc3)c3c(N)ncnc32)CC1)C(=O)O,IC50,137.0,1
MAPK1,CHEMBL3234,CHEMBL4202763,Nc1ncnc2c1c(-c1ccc(Oc3ccccc3)cc1)cn2[C@H]1CC[C@@H](NCC(=O)O)CC1,IC50,12.0,1
MAPK1,CHEMBL3234,CHEMBL4206460,C[C@H](N[C@H]1CC[C@H](n2cc(-c3ccc(Oc4ccccc4)cc3)c3c(N)ncnc32)CC1)C(=O)O,IC50,6.9,1
MAPK1,CHEMBL3234,CHEMBL4209614,C[C@H](N[C@H]1CC[C@@H](n2cc(-c3ccc(Oc4ccccc4)cc3)c3c(N)ncnc32)CC1)C(=O)O,IC50,73.0,1
MAPK1,CHEMBL3234,CHEMBL4212500,C[C@@H](N[C@H]1CC[C@H](n2cc(-c3ccc(Oc4ccccc4)cc3)c3c(N)ncnc32)CC1)C(=O)O,IC50,36.0,1
MAPK1,CHEMBL3234,CHEMBL4205815,C[C@@H](N[C@H]1CC[C@@H](n2cc(-c3ccc(Oc4ccccc4)cc3)c3c(N)ncnc32)CC1)C(=O)O,IC50,36.0,1
MAPK1,CHEMBL3234,CHEMBL4203665,Nc1ncnc2c1c(-c1ccc(Oc3ccccc3)cc1)cn2[C@H]1CC[C@H](NCCC(=O)O)CC1,IC50,15.0,1
MAPK1,CHEMBL3234,CHEMBL4208645,Nc1ncnc2c1c(-c1ccc(Oc3ccccc3)cc1)cn2[C@H]1CC[C@H](N[C@@H](CO)C(=O)O)CC1,IC50,1.8,1
MAPK1,CHEMBL3234,CHEMBL4203767,Nc1ncnc2c1c(-c1ccc(Oc3ccccc3)cc1)cn2[C@H]1CC[C@@H](N[C@@H](CO)C(=O)O)CC1,IC50,40.0,1
MAPK1,CHEMBL3234,CHEMBL4215201,Nc1ncnc2c1c(-c1ccc(Oc3ccccc3)cc1)cn2[C@H]1CC[C@H](N[C@H](CO)C(=O)O)CC1,IC50,6.3,1
MAPK1,CHEMBL3234,CHEMBL4203527,Nc1ncnc2c1c(-c1ccc(Oc3ccccc3)cc1)cn2[C@H]1CC[C@@H](N[C@H](CO)C(=O)O)CC1,IC50,23.0,1
MAPK1,CHEMBL3234,CHEMBL4202997,Nc1ncnc2c1c(-c1ccc(Oc3ccccc3)cc1)cn2[C@H]1CC[C@H](N[C@H]2CCOC2=O)CC1,IC50,28.0,1
MAPK1,CHEMBL3234,CHEMBL4207885,Nc1ncnc2c1c(-c1ccc(Oc3ccccc3)cc1)cn2[C@H]1CC[C@@H](N[C@H]2CCOC2=O)CC1,IC50,5.4,1
MAPK1,CHEMBL3234,CHEMBL4207351,Nc1ncnc2c1c(-c1ccc(Oc3ccccc3)cc1)cn2[C@H]1CC[C@H](N2CCC[C@H]2C(=O)O)CC1,IC50,52.0,1
MAPK1,CHEMBL3234,CHEMBL4212241,Nc1ncnc2c1c(-c1ccc(Oc3ccccc3)cc1)cn2[C@H]1CC[C@@H](N2CCC[C@H]2C(=O)O)CC1,IC50,79.0,1
MAPK1,CHEMBL3234,CHEMBL4211710,Nc1ncnc2c1c(-c1ccc(Oc3ccccc3)cc1)cn2[C@H]1CC[C@H](N2CCC[C@@H]2C(=O)O)CC1,IC50,200.0,1
MAPK1,CHEMBL3234,CHEMBL4216680,Nc1ncnc2c1c(-c1ccc(Oc3ccccc3)cc1)cn2[C@H]1CC[C@@H](N2CCC[C@@H]2C(=O)O)CC1,IC50,65.0,1
MAPK1,CHEMBL3234,CHEMBL4216163,Nc1ncnc2c1c(-c1ccc(Oc3ccccc3)cc1)cn2[C@H]1CC[C@H](N[C@@H](Cc2ccccc2)C(=O)O)CC1,IC50,7.5,1
MAPK1,CHEMBL3234,CHEMBL4204499,Nc1ncnc2c1c(-c1ccc(Oc3ccccc3)cc1)cn2[C@H]1CC[C@@H](N[C@@H](Cc2ccccc2)C(=O)O)CC1,IC50,74.0,1
MAPK1,CHEMBL3234,CHEMBL4205400,Nc1ncnc2c1c(-c1ccc(Oc3ccccc3)cc1)cn2[C@H]1CC[C@H](N[C@H](Cc2ccccc2)C(=O)O)CC1,IC50,24.0,1
MAPK1,CHEMBL3234,CHEMBL4210294,Nc1ncnc2c1c(-c1ccc(Oc3ccccc3)cc1)cn2[C@H]1CC[C@@H](N[C@H](Cc2ccccc2)C(=O)O)CC1,IC50,18.0,1
MAPK1,CHEMBL3234,CHEMBL1836673,CSc1nc(Nc2cccc(Cl)c2)c2cnn(CCc3ccccc3)c2n1,Ki,1720.0,0
MAPK1,CHEMBL3234,CHEMBL1836678,CSc1nc(Nc2ccccc2)c2cnn(CC(C)c3ccccc3)c2n1,Ki,3870.0,0
MAPK1,CHEMBL3234,CHEMBL1836679,CSc1nc(Nc2cccc(Cl)c2)c2cnn(CC(C)c3ccccc3)c2n1,Ki,5000.0,0
MAPK1,CHEMBL3234,CHEMBL2408778,Nc1ncnc2c1c(-c1ccc(Cl)cc1)nn2-c1cccc(-c2cnnn2CCCCCC(=O)NO)c1,Ki,504.0,1
MAPK1,CHEMBL3234,CHEMBL3617740,C[C@@H](NC(=O)CCCCCC(=O)Nc1cccc(Nc2nccc(Nc3cc(C4CC4)[nH]n3)n2)c1)c1ccco1,Ki,1200.0,0
MAPK1,CHEMBL3234,CHEMBL3617738,O=C(CCCCCC(=O)N1CCC[C@@H]1c1ccco1)Nc1cccc(Nc2nccc(Nc3cc(C4CC4)[nH]n3)n2)c1,Ki,730.0,1
MAPK1,CHEMBL3234,CHEMBL3617732,CCCC(=O)Nc1cccc(Nc2nccc(Nc3cc(C4CC4)[nH]n3)n2)c1,Ki,980.0,1
MAPK1,CHEMBL3234,CHEMBL607707,CCOc1cc2ncc(C#N)c(Nc3ccc(F)c(Cl)c3)c2cc1NC(=O)/C=C/CN(C)C,Kd,2300.0,0
MAPK1,CHEMBL3234,CHEMBL91829,CN(C)C[C@@H]1CCn2cc(c3ccccc32)C2=C(C(=O)NC2=O)c2cn(c3ccccc23)CCO1,Kd,2800.0,0
MAPK1,CHEMBL3234,CHEMBL388978,CN[C@@H]1C[C@H]2O[C@@](C)([C@@H]1OC)n1c3ccccc3c3c4c(c5c6ccccc6n2c5c31)C(=O)NC4,Kd,12.0,1
MAPK1,CHEMBL3234,CHEMBL119385,O=c1ncn2nc(Sc3ccc(F)cc3F)ccc2c1-c1c(Cl)cccc1Cl,Kd,10000.0,0
MAPK1,CHEMBL3234,CHEMBL24828,COc1cc2/c(=N/c3ccc(Br)cc3F)nc[nH]c2cc1OCC1CCN(C)CC1,Kd,4200.0,0
MAPK1,CHEMBL3234,CHEMBL31965,C=CC(=O)Nc1cc2c(Nc3ccc(F)c(Cl)c3)ncnc2cc1OCCCN1CCOCC1,Kd,5700.0,0
MAPK1,CHEMBL3234,CHEMBL574738,CCN1CCN(Cc2ccc(NC(=O)Nc3ccc(Oc4cc(NC)ncn4)cc3)cc2C(F)(F)F)CC1,Kd,880.0,1
MAPK1,CHEMBL3234,CHEMBL215152,CCN(CCO)CCCOc1ccc2c(Nc3cc(CC(=O)Nc4cccc(F)c4)[nH]n3)ncnc2c1,Kd,3900.0,0
MAPK1,CHEMBL3234,CHEMBL522892,CN1CCN(c2ccc3nc(-c4c(N)c5c(F)cccc5[nH]c4=O)[nH]c3c2)CC1,Kd,3300.0,0
MAPK1,CHEMBL3234,CHEMBL558752,Cn1c(Nc2ccc(C(F)(F)F)cc2)nc2cc(Oc3ccnc(-c4ncc(C(F)(F)F)[nH]4)c3)ccc21,Kd,1200.0,0
MAPK1,CHEMBL3234,CHEMBL553,C#Cc1cccc(Nc2ncnc3cc(OCCOC)c(OCCOC)cc23)c1,Kd,1800.0,0
MAPK1,CHEMBL3234,CHEMBL259084,O=C(O)c1ccc(Nc2ncc3c(n2)-c2ccc(Cl)cc2C(c2c(F)cccc2F)=NC3)cc1,Kd,1500.0,0
MAPK1,CHEMBL3234,CHEMBL608533,CO[C@@H]1[C@H](N(C)C(=O)c2ccccc2)C[C@H]2O[C@]1(C)n1c3ccccc3c3c4c(c5c6ccccc6n2c5c31)C(=O)NC4,Kd,720.0,1
MAPK1,CHEMBL3234,CHEMBL1721885,Cc1[nH]c(/C=C2\C(=O)Nc3ccc(F)cc32)c(C)c1C(=O)NC[C@H](O)CN1CCOCC1,Kd,2200.0,0
MAPK1,CHEMBL3234,CHEMBL603469,C[C@]12O[C@H](C[C@]1(O)CO)n1c3ccccc3c3c4c(c5c6ccccc6n2c5c31)CNC4=O,Kd,270.0,1
MAPK1,CHEMBL3234,CHEMBL1240703,CO[C@@H]1[C@H](N(C)C(=O)c2ccccc2)C[C@H]2O[C@]1(C)n1c3ccccc3c3c4c(c5c6ccccc6n2c5c31)C(=O)N[C@H]4O,Kd,960.0,1
MAPK1,CHEMBL3234,CHEMBL491473,COc1cc2c(Oc3ccc4[nH]c(C)cc4c3F)ncnc2cc1OCCCN1CCCC1,Kd,590.0,1
MAPK1,CHEMBL3234,CHEMBL509032,COc1cc(N2CCC(N3CCN(C)CC3)CC2)ccc1Nc1ncc(Cl)c(Nc2ccccc2S(=O)(=O)C(C)C)n1,Kd,410.0,1
MAPK1,CHEMBL3234,CHEMBL502835,COC(=O)c1ccc2c(c1)NC(=O)/C2=C(\Nc1ccc(N(C)C(=O)CN2CCN(C)CC2)cc1)c1ccccc1,Kd,5300.0,0
MAPK1,CHEMBL3234,CHEMBL1908395,CN(C)CC(=O)N1CCC(c2ccc(NC(=O)c3nc(C#N)c[nH]3)c(C3=CCCCC3)c2)CC1.Cl,Kd,3700.0,0
MAPK1,CHEMBL3234,CHEMBL1908396,COc1cc(Oc2ccnc3cc(OC)c(OC)cc23)ccc1NC(=O)NC(C)c1nccs1,Kd,440.0,1
MAPK1,CHEMBL3234,CHEMBL1230020,CCCS(=O)(=O)Nc1ccc(F)c(C(=O)c2c[nH]c3ncc(Cl)cc23)c1F,Kd,2700.0,0
MAPK1,CHEMBL3234,CHEMBL1287853,Cc1cnc(Nc2ccc(OCCN3CCCC3)cc2)nc1Nc1cccc(S(=O)(=O)NC(C)(C)C)c1,Kd,2100.0,0
MAPK1,CHEMBL3234,CHEMBL1173655,CN(C)C/C=C/C(=O)Nc1cc2c(Nc3ccc(F)c(Cl)c3)ncnc2cc1O[C@H]1CCOC1,Kd,2200.0,0
MAPK1,CHEMBL3234,CHEMBL1230609,COc1cc2c(Oc3ccc(NC(=O)C4(C(=O)Nc5ccc(F)cc5)CC4)cc3F)ccnc2cc1OCCCN1CCOCC1,Kd,15.0,1
MAPK1,CHEMBL3234,CHEMBL1908397,O=C(c1ccc(/C=C/c2n[nH]c3ccccc23)cc1)N1CCNCC1,Kd,4300.0,0
MAPK1,CHEMBL3234,CHEMBL572878,Cc1cc(Nc2cc(N3CCN(C)CC3)nc(Sc3ccc(NC(=O)C4CC4)cc3)n2)n[nH]1,Kd,6200.0,0
MAPK1,CHEMBL3234,CHEMBL1908391,Cc1ccc(NC(=O)c2ccc(CN3CCN(C)CC3)cc2)cc1Nc1nc(-c2cccnc2)cs1,Kd,690.0,1
MAPK1,CHEMBL3234,CHEMBL475251,COc1cc(Nc2ncc(F)c(Nc3ccc4c(n3)NC(=O)C(C)(C)O4)n2)cc(OC)c1OC,Kd,150.0,1
MAPK1,CHEMBL3234,CHEMBL377300,Cc1cc2c(F)c(Oc3ncnn4cc(OC[C@@H](C)O)c(C)c34)ccc2[nH]1,Kd,2700.0,0
MAPK1,CHEMBL3234,CHEMBL572881,CC1(C)CNc2cc(NC(=O)c3cccnc3NCc3ccncc3)ccc21,Kd,8600.0,0
MAPK1,CHEMBL3234,CHEMBL255863,Cc1cn(-c2cc(NC(=O)c3ccc(C)c(Nc4nccc(-c5cccnc5)n4)c3)cc(C(F)(F)F)c2)cn1,Kd,390.0,1
MAPK1,CHEMBL3234,CHEMBL477772,Cc1ccc(Nc2nccc(N(C)c3ccc4c(C)n(C)nc4c3)n2)cc1S(N)(=O)=O,Kd,5700.0,0
MAPK1,CHEMBL3234,CHEMBL180022,CCOc1cc2ncc(C#N)c(Nc3ccc(OCc4ccccn4)c(Cl)c3)c2cc1NC(=O)/C=C/CN(C)C,Kd,490.0,1
MAPK1,CHEMBL3234,CHEMBL386051,CSc1cccc(Nc2ncc3cc(-c4c(Cl)cccc4Cl)c(=O)n(C)c3n2)c1,Kd,3.3,1
MAPK1,CHEMBL3234,CHEMBL3701217,Cc1ccc(-n2nc(C(C)(C)C)cc2NC(=O)Nc2ccc(Oc3ccnc(Nc4ccccc4)n3)c3ccccc23)cc1,Kd,8.0,1
MAPK1,CHEMBL3234,CHEMBL3039525,CN1CCN(C2CCN(C(=O)Nc3cc(Oc4ccc(NC(=O)C5(C(=O)Nc6ccc(F)cc6)CC5)c(F)c4)ccn3)CC2)CC1,Kd,1070.0,0
MAPK1,CHEMBL3234,CHEMBL3544932,CCS(=O)(=O)c1cccc(-c2cc(C(=O)NC3CCN(C)CC3)c(C)c3[nH]c4ncc(C)cc4c23)c1,Kd,143.0,1
MAPK1,CHEMBL3234,CHEMBL3545360,COc1cc(N2CCC(N3CCN(C)CC3)CC2)ccc1Nc1ncnc(Nc2ccccc2S(=O)(=O)C(C)C)n1,Kd,1247.0,0
MAPK1,CHEMBL3234,CHEMBL3699142,CCNC(=O)C#Cc1ccc2c(c1)NC(=O)/C2=C(\Nc1ccc(CN(C)C)cc1)c1ccccc1,Kd,900.0,1
MAPK1,CHEMBL3234,CHEMBL3301622,CCc1nc(C(N)=O)c(Nc2ccc(N3CCC(N4CCN(C)CC4)CC3)c(OC)c2)nc1NC1CCOCC1,Kd,1594.0,0
MAPK1,CHEMBL3234,CHEMBL3544983,COc1cc2c(Nc3ccc(Cl)c(Cl)c3F)ncnc2cc1OC[C@@H]1C[C@@H]2CN(C)C[C@@H]2C1,Kd,1161.0,0
MAPK1,CHEMBL3234,CHEMBL551064,Nc1ncnc2c1c(-c1cccc(OCc3ccccc3)c1)cn2[C@H]1C[C@H](N2CCC2)C1,Kd,623.0,1
MAPK1,CHEMBL3234,CHEMBL482967,Cc1nc(N)sc1-c1ccnc(Nc2ccc(N3CCOCC3)cc2)n1,Kd,10043.0,0
MAPK1,CHEMBL3234,CHEMBL415049,CCN(CCCOc1ccc2c(Nc3cc(CC(=O)Nc4cccc(F)c4)[nH]n3)ncnc2c1)CCOP(=O)(O)O,Kd,2886.0,0
MAPK1,CHEMBL3234,CHEMBL1738757,CNC(=O)c1cc(Oc2ccc(NC(=O)Nc3cc(C(C)(C)C)nn3-c3ccc4ncccc4c3)c(F)c2)ccn1,Kd,176.0,1
MAPK1,CHEMBL3234,CHEMBL3545085,CC(C)c1cc(CNc2nc(Nc3cc(C4CC4)[nH]n3)cc(N3CCN(C)CC3)n2)on1,Kd,6394.0,0
MAPK1,CHEMBL3234,CHEMBL564829,CNC(=O)c1nn(C)c2c1C(C)(C)Cc1cnc(Nc3ccc(N4CCN(C)CC4)cc3)nc1-2,Kd,1316.0,0
MAPK1,CHEMBL3234,CHEMBL3545396,COc1cccc(Nc2ncnn3ccc(CN4CC[C@@H](N)[C@H](O)C4)c23)c1,Kd,712.0,1
MAPK1,CHEMBL3234,CHEMBL2041933,NC(=O)Nc1cc(-c2cccc(F)c2)sc1C(=O)N[C@H]1CCCNC1,Kd,103.0,1
MAPK1,CHEMBL3234,CHEMBL3989914,COCCNCc1ccc(-c2cc3nccc(Oc4ccc(NC(=S)NC(=O)Cc5ccc(F)cc5)cc4F)c3s2)nc1,Kd,283.0,1
MAPK1,CHEMBL3234,CHEMBL402548,CO[C@@H](C(=O)N1Cc2[nH]nc(NC(=O)c3ccc(N4CCN(C)CC4)cc3)c2C1)c1ccccc1,Kd,137.0,1
MAPK1,CHEMBL3234,CHEMBL2105717,COc1cc2nccc(Oc3ccc(NC(=O)C4(C(=O)Nc5ccc(F)cc5)CC4)cc3)c2cc1OC,Kd,1098.0,0
MAPK1,CHEMBL3234,CHEMBL3991931,C=CC(=O)N1CCC[C@H](n2c(=O)n(-c3ccc(Oc4ccccc4)cc3)c3c(N)ncnc32)C1,Kd,6.0,1
MAPK1,CHEMBL3234,CHEMBL217092,CN1CCN(CCOc2cc(OC3CCOCC3)c3c(Nc4c(Cl)ccc5c4OCO5)ncnc3c2)CC1,Kd,100.0,1
MAPK1,CHEMBL3234,CHEMBL1171837,Cc1ccc(C(=O)Nc2ccc(CN3CCN(C)CC3)c(C(F)(F)F)c2)cc1C#Cc1cnc2cccnn12,Kd,82.0,1
MAPK1,CHEMBL3234,CHEMBL495727,O=C(Nc1c[nH]nc1-c1nc2ccc(CN3CCOCC3)cc2[nH]1)NC1CC1,Kd,664.0,1
MAPK1,CHEMBL3234,CHEMBL2028663,CC(C)(C)c1nc(-c2cccc(NS(=O)(=O)c3c(F)cccc3F)c2F)c(-c2ccnc(N)n2)s1,Kd,1646.0,0
MAPK1,CHEMBL3234,CHEMBL3688339,CC(=O)c1cnc2ccc(-c3cc(Cl)c(O)c(Cl)c3)nc2c1N[C@H]1CC[C@H](CN(C)C)CC1,Kd,116.0,1
MAPK1,CHEMBL3234,CHEMBL574737,CN[C@@H]1C[C@H]2O[C@@](C)([C@@H]1OC)n1c3ccccc3c3c4c(c5c6ccccc6n2c5c31)C(=O)N[C@H]4O,Kd,621.0,1
MAPK1,CHEMBL3234,CHEMBL3545137,Cn1cc(C2=Nc3cc(NC(=O)C(N)C4CCCCC4)cc4c3C2=CNNC4=O)cn1,Kd,436.0,1
MAPK1,CHEMBL3234,CHEMBL483158,COc1cc(Nc2ncc3c(n2)-c2ccc(Cl)cc2C(c2c(F)cccc2OC)=NC3)ccc1C(=O)O,Kd,15993.0,0
MAPK1,CHEMBL3234,CHEMBL4465866,CO[C@@H]1[C@H](NCCOCCOCCOCCNC(=O)CCC2=[N+]3C(=Cc4c(C)cc(C)n4[B-]3(F)F)C=C2)C[C@H]2O[C@]1(C)n1c3ccccc3c3c4c(c5c6ccccc6n2c5c31)C(=O)NC4,Kd,263.0,1
MAPK1,CHEMBL3234,CHEMBL4576489,CO[C@@H]1[C@H](N(C)CCOCCOCCOCCNC(=O)CCC2=[N+]3C(=Cc4c(C)cc(C)n4[B-]3(F)F)C=C2)C[C@H]2O[C@]1(C)n1c3ccccc3c3c4c(c5c6ccccc6n2c5c31)C(=O)NC4,Kd,280.0,1
MAPK1,CHEMBL3234,CHEMBL5415503,CCOc1cc(N2CCN(C)CC2)ccc1Nc1ncc2cc(-c3cccc(NC(=O)c4cccc(C(F)(F)F)c4)c3)c(=O)n(C[C@H]3CCCO3)c2n1,Kd,11.0,1
MAPK1,CHEMBL3234,CHEMBL5653589,Cc1ccc(C(=O)Nc2cccc(C(F)(F)F)c2)cc1Nc1nc(-c2cccnc2)nc2nn(C)cc12,Kd,28.8,1
MAPK1,CHEMBL3234,CHEMBL3752910,Cc1ccc(C(=O)Nc2cccc(C(F)(F)F)c2)cc1Nc1nc(-c2cccnc2)nc2c1cnn2C,Kd,11481.54,0
MAPK1,CHEMBL3234,CHEMBL1421,Cc1nc(Nc2ncc(C(=O)Nc3c(C)cccc3Cl)s2)cc(N2CCN(CCO)CC2)n1,Kd,28.84,1
MAP2K1,CHEMBL2409,CHEMBL67521,CCOC(=O)Cc1ccc(OC(=O)CCCNC(=O)NC23CC4CC(CC(C4)C2)C3)cc1,IC50,140.0,1
MAP2K1,CHEMBL2409,CHEMBL66319,CCOC(=O)CCOC(=O)CCCNC(=O)NC12CC3CC(CC(C3)C1)C2,IC50,540.0,1
MAP2K1,CHEMBL2409,CHEMBL68172,CCOC(=O)c1ccc(COC(=O)CCCNC(=O)NC23CC4CC(CC(C4)C2)C3)cc1,IC50,100.0,1
MAP2K1,CHEMBL2409,CHEMBL265024,CCOC(=O)COC(=O)CCCNC(=O)NC12CC3CC(CC(C3)C1)C2,IC50,390.0,1
MAP2K1,CHEMBL2409,CHEMBL304297,O=C(O)CCNC(=O)NC1CCCCC1,IC50,358000.0,0
MAP2K1,CHEMBL2409,CHEMBL308642,COC(=O)CCNC(=O)NC1CCCCC1,IC50,78000.0,0
MAP2K1,CHEMBL2409,CHEMBL66663,CCCCCCC(=O)CCCNC(=O)Nc1cccc(Cl)c1,IC50,2100.0,0
MAP2K1,CHEMBL2409,CHEMBL69663,CCCCCCCCCCNC(=O)NC12CC3CC(CC(C3)C1)C2,IC50,100.0,1
MAP2K1,CHEMBL2409,CHEMBL432525,COC(=O)CCCNC(=O)NC12CC3CC(CC(C3)C1)C2,IC50,1600.0,0
MAP2K1,CHEMBL2409,CHEMBL302704,CCOC(=O)CCCCCCCOC(=O)CCCNC(=O)NC12CC3CC(CC(C3)C1)C2,IC50,110.0,1
MAP2K1,CHEMBL2409,CHEMBL66518,COC(=O)CNC(=O)NC1CCCCC1,IC50,70000.0,0
MAP2K1,CHEMBL2409,CHEMBL70231,CCOC(=O)CCCCCCCCCCOC(=O)CCCNC(=O)NC12CC3CC(CC(C3)C1)C2,IC50,100.0,1
MAP2K1,CHEMBL2409,CHEMBL69495,CCCCCOC(=O)OCCNC(=O)Nc1cccc(Cl)c1,IC50,22000.0,0
MAP2K1,CHEMBL2409,CHEMBL66542,CCOC(=O)/C=C/c1ccc(OC(=O)CCCNC(=O)NC23CC4CC(CC(C4)C2)C3)cc1,IC50,200.0,1
MAP2K1,CHEMBL2409,CHEMBL69744,CCCCCNC(=O)OCCNC(=O)Nc1cccc(Cl)c1,IC50,18000.0,0
MAP2K1,CHEMBL2409,CHEMBL66498,CCCCCCC(O)CCCNC(=O)Nc1cccc(Cl)c1,IC50,3100.0,0
MAP2K1,CHEMBL2409,CHEMBL308665,CCOC(=O)CCCOC(=O)CCCNC(=O)NC12CC3CC(CC(C3)C1)C2,IC50,120.0,1
MAP2K1,CHEMBL2409,CHEMBL68344,COCCCNC(=O)NC1CCCCC1,IC50,6200.0,0
MAP2K1,CHEMBL2409,CHEMBL302505,CCCCCOC(=O)CCCNC(=O)NC12CC3CC(CC(C3)C1)C2,IC50,170.0,1
MAP2K1,CHEMBL2409,CHEMBL302116,CCOC(=O)CCCCOC(=O)CCCNC(=O)NC12CC3CC(CC(C3)C1)C2,IC50,130.0,1
MAP2K1,CHEMBL2409,CHEMBL419810,O=C(O)CCCNC(=O)NC12CC3CC(CC(C3)C1)C2,IC50,37000.0,0
MAP2K1,CHEMBL2409,CHEMBL308880,CCCCCNC(=O)CCCNC(=O)Nc1cccc(Cl)c1,IC50,32000.0,0
MAP2K1,CHEMBL2409,CHEMBL305446,CC(C)=CCCC(C)CCOC(=O)CCCNC(=O)NC12CC3CC(CC(C3)C1)C2,IC50,110.0,1
MAP2K1,CHEMBL2409,CHEMBL68115,CCOC(=O)CCCCCCCCCOC(=O)CCCNC(=O)NC12CC3CC(CC(C3)C1)C2,IC50,100.0,1
MAP2K1,CHEMBL2409,CHEMBL66175,CCOC(=O)CCCCCCOC(=O)CCCNC(=O)NC12CC3CC(CC(C3)C1)C2,IC50,120.0,1
MAP2K1,CHEMBL2409,CHEMBL67041,CCOC(=O)CCCCCCCCCCCOC(=O)CCCNC(=O)NC12CC3CC(CC(C3)C1)C2,IC50,100.0,1
MAP2K1,CHEMBL2409,CHEMBL66709,CCCCCCC(=O)OCCNC(=O)Nc1cccc(Cl)c1,IC50,26000.0,0
MAP2K1,CHEMBL2409,CHEMBL67158,CCCCCCCCCCNC(=O)NC1CCCCC1,IC50,140.0,1
MAP2K1,CHEMBL2409,CHEMBL66499,O=C(NCCCCCO)NC1CCCCC1,IC50,253000.0,0
MAP2K1,CHEMBL2409,CHEMBL418331,CCCCCOC(=O)CCCNC(=O)Nc1cccc(Cl)c1,IC50,2100.0,0
MAP2K1,CHEMBL2409,CHEMBL302070,CCCCCOC(=O)CCCNC(=O)NC1CCCCC1,IC50,1020.0,0
MAP2K1,CHEMBL2409,CHEMBL195796,CCCCCCC(O)CCCNC(=O)NC12CC3CC(CC(C3)C1)C2,IC50,130.0,1
MAP2K1,CHEMBL2409,CHEMBL191767,CCCCCOCCCCNC(=O)NC12CC3CC(CC(C3)C1)C2,IC50,170.0,1
MAP2K1,CHEMBL2409,CHEMBL192299,CCCCCOC(=O)CCCCC(=O)Nc1cccc(Cl)c1,IC50,5900.0,0
MAP2K1,CHEMBL2409,CHEMBL192048,CCCCCOC(=O)CCCNC(=O)Cc1cccc(Cl)c1,IC50,5000.0,0
MAP2K1,CHEMBL2409,CHEMBL195748,CCCCCOC(=O)CCCOC(=O)Nc1cccc(Cl)c1,IC50,25200.0,0
MAP2K1,CHEMBL2409,CHEMBL195763,CCCCCOC(=O)CCCCC(=O)NC12CC3CC(CC(C3)C1)C2,IC50,2400.0,0
MAP2K1,CHEMBL2409,CHEMBL424822,CCCCCOC(=O)CCCNC(=O)CC12CC3CC(CC(C3)C1)C2,IC50,430.0,1
MAP2K1,CHEMBL2409,CHEMBL192272,CCCCCOC(=O)CCCNC(=O)C12CC3CC(CC(C3)C1)C2,IC50,9400.0,0
MAP2K1,CHEMBL2409,CHEMBL192273,CCCCCCCCCCCC(=O)NC12CC3CC(CC(C3)C1)C2,IC50,5000.0,0
MAP2K1,CHEMBL2409,CHEMBL192549,CCCCCCCCCCNC(=O)CC12CC3CC(CC(C3)C1)C2,IC50,100.0,1
MAP2K1,CHEMBL2409,CHEMBL193888,O=C(NCCc1ccccc1)NC1CCCCC1,IC50,160.0,1
MAP2K1,CHEMBL2409,CHEMBL193019,O=C(CC1CCCCC1)NCCc1ccccc1,IC50,4000.0,0
MAP2K1,CHEMBL2409,CHEMBL192843,O=C(CCCc1ccccc1)NC1CCCCC1,IC50,1400.0,0
MAP2K1,CHEMBL2409,CHEMBL192293,O=C(Nc1cccc(Cl)c1)NC1CCCCC1,IC50,190.0,1
MAP2K1,CHEMBL2409,CHEMBL192470,O=C(CC1CCCCC1)Nc1cccc(Cl)c1,IC50,2100.0,0
MAP2K1,CHEMBL2409,CHEMBL191967,O=C(Cc1cccc(Cl)c1)NC1CCCCC1,IC50,38000.0,0
MAP2K1,CHEMBL2409,CHEMBL191968,COc1ccc(NC(=O)NC2CCCCC2)cc1,IC50,230.0,1
MAP2K1,CHEMBL2409,CHEMBL192523,COc1ccc(NC(=O)CC2CCCCC2)cc1,IC50,6200.0,0
MAP2K1,CHEMBL2409,CHEMBL192461,COc1ccc(CC(=O)NC2CCCCC2)cc1,IC50,4800.0,0
MAP2K1,CHEMBL2409,CHEMBL365939,O=C(Nc1ccccc1)NC1CCCCC1,IC50,1390.0,0
MAP2K1,CHEMBL2409,CHEMBL191663,O=C(CC1CCCCC1)Nc1ccccc1,IC50,16000.0,0
MAP2K1,CHEMBL2409,CHEMBL191355,O=C(Cc1ccccc1)NC1CCCCC1,IC50,14000.0,0
MAP2K1,CHEMBL2409,CHEMBL387280,O=C(NCC1CCN(C(=O)c2ccc(C(=O)O)cc2)CC1)NC12CC3CC(CC(C3)C1)C2,IC50,11.8,1
MAP2K1,CHEMBL2409,CHEMBL215356,O=C(NC1CCNCC1)NC12CC3CC(CC(C3)C1)C2,IC50,300.0,1
MAP2K1,CHEMBL2409,CHEMBL215146,O=C(NCC1CCN(Cc2ccccc2)CC1)NC12CC3CC(CC(C3)C1)C2,IC50,110.0,1
MAP2K1,CHEMBL2409,CHEMBL386044,CCCCN1CCC(CNC(=O)NC23CC4CC(CC(C4)C2)C3)CC1,IC50,610.0,1
MAP2K1,CHEMBL2409,CHEMBL214568,CCCN1CCC(CNC(=O)NC23CC4CC(CC(C4)C2)C3)CC1,IC50,2600.0,0
MAP2K1,CHEMBL2409,CHEMBL213611,CCN1CCC(CNC(=O)NC23CC4CC(CC(C4)C2)C3)CC1,IC50,3900.0,0
MAP2K1,CHEMBL2409,CHEMBL216287,O=C(NCC1CCNCC1)NC12CC3CC(CC(C3)C1)C2,IC50,4200.0,0
MAP2K1,CHEMBL2409,CHEMBL387034,O=C(NC1CCN(Cc2ccccc2)CC1)NC12CC3CC(CC(C3)C1)C2,IC50,10.0,1
MAP2K1,CHEMBL2409,CHEMBL386820,CCCCN1CCC(NC(=O)NC23CC4CC(CC(C4)C2)C3)CC1,IC50,1200.0,0
MAP2K1,CHEMBL2409,CHEMBL215168,CCCN1CCC(NC(=O)NC23CC4CC(CC(C4)C2)C3)CC1,IC50,810.0,1
MAP2K1,CHEMBL2409,CHEMBL214534,CCN1CCC(NC(=O)NC23CC4CC(CC(C4)C2)C3)CC1,IC50,3800.0,0
MAP2K1,CHEMBL2409,CHEMBL436774,CC(=O)N1CCC(NC(=O)NC23CC4CC(CC(C4)C2)C3)CC1,IC50,7.0,1
MAP2K1,CHEMBL2409,CHEMBL437328,O=C(NCC1CCN(C(=O)c2cccc(C(=O)O)c2)CC1)NC12CC3CC(CC(C3)C1)C2,IC50,43.0,1
MAP2K1,CHEMBL2409,CHEMBL214735,O=C(NCC1CCN(C(=O)c2ccccc2C(=O)O)CC1)NC12CC3CC(CC(C3)C1)C2,IC50,400.0,1
MAP2K1,CHEMBL2409,CHEMBL215820,O=C(O)CCCC(=O)N1CCC(CNC(=O)NC23CC4CC(CC(C4)C2)C3)CC1,IC50,41.0,1
MAP2K1,CHEMBL2409,CHEMBL386455,O=C(O)CCC(=O)N1CCC(CNC(=O)NC23CC4CC(CC(C4)C2)C3)CC1,IC50,170.0,1
MAP2K1,CHEMBL2409,CHEMBL215908,COC(=O)c1ccc(C(=O)N2CCC(CNC(=O)NC34CC5CC(CC(C5)C3)C4)CC2)cc1,IC50,1.5,1
MAP2K1,CHEMBL2409,CHEMBL215121,COC(=O)c1cccc(C(=O)N2CCC(CNC(=O)NC34CC5CC(CC(C5)C3)C4)CC2)c1,IC50,4.1,1
MAP2K1,CHEMBL2409,CHEMBL384280,COC(=O)c1ccccc1C(=O)N1CCC(CNC(=O)NC23CC4CC(CC(C4)C2)C3)CC1,IC50,1.8,1
MAP2K1,CHEMBL2409,CHEMBL384075,COC(=O)CCCC(=O)N1CCC(CNC(=O)NC23CC4CC(CC(C4)C2)C3)CC1,IC50,3.4,1
MAP2K1,CHEMBL2409,CHEMBL217711,COC(=O)CCC(=O)N1CCC(CNC(=O)NC23CC4CC(CC(C4)C2)C3)CC1,IC50,6.2,1
MAP2K1,CHEMBL2409,CHEMBL386384,O=C(NC1CCN(C(=O)c2ccc(C(=O)O)cc2)CC1)NC12CC3CC(CC(C3)C1)C2,IC50,3.3,1
MAP2K1,CHEMBL2409,CHEMBL385946,O=C(NC1CCN(C(=O)c2cccc(C(=O)O)c2)CC1)NC12CC3CC(CC(C3)C1)C2,IC50,10.0,1
MAP2K1,CHEMBL2409,CHEMBL214884,O=C(NC1CCN(C(=O)c2ccccc2C(=O)O)CC1)NC12CC3CC(CC(C3)C1)C2,IC50,160.0,1
MAP2K1,CHEMBL2409,CHEMBL426340,O=C(O)CCCC(=O)N1CCC(NC(=O)NC23CC4CC(CC(C4)C2)C3)CC1,IC50,72.0,1
MAP2K1,CHEMBL2409,CHEMBL385348,O=C(O)CCC(=O)N1CCC(NC(=O)NC23CC4CC(CC(C4)C2)C3)CC1,IC50,250.0,1
MAP2K1,CHEMBL2409,CHEMBL215999,COC(=O)c1ccc(C(=O)N2CCC(NC(=O)NC34CC5CC(CC(C5)C3)C4)CC2)cc1,IC50,1.1,1
MAP2K1,CHEMBL2409,CHEMBL384744,COC(=O)c1cccc(C(=O)N2CCC(NC(=O)NC34CC5CC(CC(C5)C3)C4)CC2)c1,IC50,1.1,1
MAP2K1,CHEMBL2409,CHEMBL214644,COC(=O)c1ccccc1C(=O)N1CCC(NC(=O)NC23CC4CC(CC(C4)C2)C3)CC1,IC50,1.7,1
MAP2K1,CHEMBL2409,CHEMBL214505,COC(=O)CCCC(=O)N1CCC(NC(=O)NC23CC4CC(CC(C4)C2)C3)CC1,IC50,2.7,1
MAP2K1,CHEMBL2409,CHEMBL215827,COC(=O)CCC(=O)N1CCC(NC(=O)NC23CC4CC(CC(C4)C2)C3)CC1,IC50,9.0,1
MAP2K1,CHEMBL2409,CHEMBL215069,O=C(NCC1CCN(C(=O)c2ccncc2)CC1)NC12CC3CC(CC(C3)C1)C2,IC50,7.3,1
MAP2K1,CHEMBL2409,CHEMBL425436,O=C(NCC1CCN(C(=O)c2cccnc2)CC1)NC12CC3CC(CC(C3)C1)C2,IC50,5.4,1
MAP2K1,CHEMBL2409,CHEMBL386855,O=C(NCC1CCN(C(=O)c2ccccn2)CC1)NC12CC3CC(CC(C3)C1)C2,IC50,7.6,1
MAP2K1,CHEMBL2409,CHEMBL214883,O=C(NCC1CCN(C(=O)c2ccccc2)CC1)NC12CC3CC(CC(C3)C1)C2,IC50,3.2,1
MAP2K1,CHEMBL2409,CHEMBL214127,O=C(NCC1CCN(C(=O)C(F)(F)F)CC1)NC12CC3CC(CC(C3)C1)C2,IC50,1.8,1
MAP2K1,CHEMBL2409,CHEMBL214675,CCCC(=O)N1CCC(CNC(=O)NC23CC4CC(CC(C4)C2)C3)CC1,IC50,6.7,1
MAP2K1,CHEMBL2409,CHEMBL215874,CCC(=O)N1CCC(CNC(=O)NC23CC4CC(CC(C4)C2)C3)CC1,IC50,8.7,1
MAP2K1,CHEMBL2409,CHEMBL215025,CC(=O)N1CCC(CNC(=O)NC23CC4CC(CC(C4)C2)C3)CC1,IC50,5.0,1
MAP2K1,CHEMBL2409,CHEMBL214179,O=C(NC1CCN(C(=O)c2ccncc2)CC1)NC12CC3CC(CC(C3)C1)C2,IC50,2.1,1
MAP2K1,CHEMBL2409,CHEMBL214128,O=C(NC1CCN(C(=O)c2cccnc2)CC1)NC12CC3CC(CC(C3)C1)C2,IC50,1.7,1
MAP2K1,CHEMBL2409,CHEMBL215161,O=C(NC1CCN(C(=O)c2ccccn2)CC1)NC12CC3CC(CC(C3)C1)C2,IC50,1.2,1
MAP2K1,CHEMBL2409,CHEMBL216016,O=C(NC1CCN(C(=O)c2ccccc2)CC1)NC12CC3CC(CC(C3)C1)C2,IC50,1.3,1
MAP2K1,CHEMBL2409,CHEMBL217758,O=C(NC1CCN(C(=O)C(F)(F)F)CC1)NC12CC3CC(CC(C3)C1)C2,IC50,1.1,1
MAP2K1,CHEMBL2409,CHEMBL215125,CCCC(=O)N1CCC(NC(=O)NC23CC4CC(CC(C4)C2)C3)CC1,IC50,2.6,1
MAP2K1,CHEMBL2409,CHEMBL214943,CCC(=O)N1CCC(NC(=O)NC23CC4CC(CC(C4)C2)C3)CC1,IC50,3.2,1
MAP2K1,CHEMBL2409,CHEMBL215387,O=C(O)CCCCCCCCCCCNC(=O)NC12CC3CC(CC(C3)C1)C2,IC50,3.0,1
MAP2K1,CHEMBL2409,CHEMBL219385,CC(C)[C@H](NC(=O)[C@H](Cc1ccccc1)NC(=O)CCCCCNC(=O)NC1CCCCC1)C(=O)O,IC50,100.0,1
MAP2K1,CHEMBL2409,CHEMBL219132,O=C(CCCCCNC(=O)NC1CCCCC1)N[C@@H](Cc1ccccc1)C(=O)N[C@@H](Cc1ccc(O)cc1)C(=O)O,IC50,230.0,1
MAP2K1,CHEMBL2409,CHEMBL385457,O=C(CCCCCNC(=O)NC1CCCCC1)N[C@@H](Cc1ccccc1)C(=O)N[C@@H](Cc1c[nH]c2ccccc12)C(=O)O,IC50,100.0,1
MAP2K1,CHEMBL2409,CHEMBL438273,CC(O)[C@H](NC(=O)[C@H](Cc1ccccc1)NC(=O)CCCCCNC(=O)NC1CCCCC1)C(=O)O,IC50,1300.0,0
MAP2K1,CHEMBL2409,CHEMBL216165,O=C(CCCCCNC(=O)NC1CCCCC1)N[C@@H](Cc1ccccc1)C(=O)N[C@@H](CO)C(=O)O,IC50,2400.0,0
MAP2K1,CHEMBL2409,CHEMBL216164,O=C(CCCCCNC(=O)NC1CCCCC1)N[C@@H](Cc1ccccc1)C(=O)N1CCC[C@H]1C(=O)O,IC50,100.0,1
MAP2K1,CHEMBL2409,CHEMBL216592,O=C(CCCCCNC(=O)NC1CCCCC1)N[C@@H](Cc1ccccc1)C(=O)N[C@@H](Cc1ccccc1)C(=O)O,IC50,100.0,1
MAP2K1,CHEMBL2409,CHEMBL218113,CSCC[C@H](NC(=O)[C@H](Cc1ccccc1)NC(=O)CCCCCNC(=O)NC1CCCCC1)C(=O)O,IC50,870.0,1
MAP2K1,CHEMBL2409,CHEMBL438269,CC(C)C[C@H](NC(=O)[C@H](Cc1ccccc1)NC(=O)CCCCCNC(=O)NC1CCCCC1)C(=O)O,IC50,880.0,1
MAP2K1,CHEMBL2409,CHEMBL219490,CCC(C)[C@H](NC(=O)[C@H](Cc1ccccc1)NC(=O)CCCCCNC(=O)NC1CCCCC1)C(=O)O,IC50,130.0,1
MAP2K1,CHEMBL2409,CHEMBL218402,O=C(CCCCCNC(=O)NC1CCCCC1)N[C@@H](Cc1ccccc1)C(=O)N[C@@H](Cc1cnc[nH]1)C(=O)O,IC50,5500.0,0
MAP2K1,CHEMBL2409,CHEMBL219153,O=C(O)CNC(=O)[C@H](Cc1ccccc1)NC(=O)CCCCCNC(=O)NC1CCCCC1,IC50,1500.0,0
MAP2K1,CHEMBL2409,CHEMBL219043,N=C(N)NCCC[C@H](NC(=O)[C@H](Cc1ccccc1)NC(=O)CCCCCNC(=O)NC1CCCCC1)C(=O)O,IC50,2100.0,0
MAP2K1,CHEMBL2409,CHEMBL219042,C[C@H](NC(=O)[C@H](Cc1ccccc1)NC(=O)CCCCCNC(=O)NC1CCCCC1)C(=O)O,IC50,260.0,1
MAP2K1,CHEMBL2409,CHEMBL219597,O=C(CCCCCNC(=O)NC1CCCCC1)N[C@@H](Cc1ccccc1)C(=O)O,IC50,1000.0,0
MAP2K1,CHEMBL2409,CHEMBL375967,CC(C)[C@H](NC(=O)CCCCCNC(=O)NC12CC3CC(CC(C3)C1)C2)C(=O)O,IC50,55000.0,0
MAP2K1,CHEMBL2409,CHEMBL218954,O=C(CCCCCNC(=O)NC12CC3CC(CC(C3)C1)C2)N[C@@H](Cc1ccc(O)cc1)C(=O)O,IC50,80000.0,0
MAP2K1,CHEMBL2409,CHEMBL374888,O=C(CCCCCNC(=O)NC12CC3CC(CC(C3)C1)C2)N[C@@H](Cc1c[nH]c2ccccc12)C(=O)O,IC50,41000.0,0
MAP2K1,CHEMBL2409,CHEMBL376653,O=C(CCCCCNC(=O)NC12CC3CC(CC(C3)C1)C2)N[C@@H](Cc1ccccc1)C(=O)O,IC50,2700.0,0
MAP2K1,CHEMBL2409,CHEMBL219095,COC(=O)CCCCCNC(=O)NC12CC3CC(CC(C3)C1)C2,IC50,1800.0,0
MAP2K1,CHEMBL2409,CHEMBL218061,CC(C)[C@H](NC(=O)CCCCCNC(=O)NC1CCCCC1)C(=O)O,IC50,41000.0,0
MAP2K1,CHEMBL2409,CHEMBL219974,COC(=O)CCCCCNC(=O)NC1CCCCC1,IC50,3200.0,0
MAP2K1,CHEMBL2409,CHEMBL219026,CC(C)[C@H](NC(=O)CCCNC(=O)NC1CCCCC1)C(=O)O,IC50,17000.0,0
MAP2K1,CHEMBL2409,CHEMBL264591,O=C(CCCNC(=O)NC1CCCCC1)N[C@@H](Cc1ccccc1)C(=O)O,IC50,21000.0,0
MAP2K1,CHEMBL2409,CHEMBL386164,O=C(CCCNC(=O)NC1CCCCC1)N[C@@H](Cc1cnc[nH]1)C(=O)O,IC50,30000.0,0
MAP2K1,CHEMBL2409,CHEMBL376500,O=C(O)CC[C@H](NC(=O)CCCNC(=O)NC1CCCCC1)C(=O)O,IC50,24000.0,0
MAP2K1,CHEMBL2409,CHEMBL219595,N=C(N)NCCC[C@H](NC(=O)CCCNC(=O)NC1CCCCC1)C(=O)O,IC50,25000.0,0
MAP2K1,CHEMBL2409,CHEMBL220415,COC(=O)CCCNC(=O)NC1CCCCC1,IC50,6200.0,0
MAP2K1,CHEMBL2409,CHEMBL219695,O=C(O)CCCNC(=O)NC1CCCCC1,IC50,36000.0,0
MAP2K1,CHEMBL2409,CHEMBL222160,O=C(Nc1ccc(C(=O)O)cc1)N[C@H]1CC[C@@H](Oc2ccc(F)cc2)CC1,IC50,220.0,1
MAP2K1,CHEMBL2409,CHEMBL222161,COC(=O)c1cccc(NC(=O)N[C@H]2CC[C@@H](Oc3ccc(F)cc3)CC2)c1,IC50,2.0,1
MAP2K1,CHEMBL2409,CHEMBL221792,O=C(Nc1cccc(C(=O)O)c1)N[C@H]1CC[C@@H](Oc2ccc(F)cc2)CC1,IC50,590.0,1
MAP2K1,CHEMBL2409,CHEMBL374322,O=C(NC12CC3CC(CC(C3)C1)C2)N[C@H]1CC[C@@H](Oc2ccc(F)cc2)CC1,IC50,0.5,1
MAP2K1,CHEMBL2409,CHEMBL438983,COC(=O)c1ccc(NC(=O)N[C@H]2CC[C@@H](Oc3ccc(F)cc3)CC2)cc1,IC50,2.9,1
MAP2K1,CHEMBL2409,CHEMBL217942,CC(C)c1cccc(C(C)C)c1NC(=O)N[C@H]1CC[C@@H](Oc2ccc(F)cc2)CC1,IC50,50500.0,0
MAP2K1,CHEMBL2409,CHEMBL434749,O=C(Nc1c(Cl)cccc1Cl)N[C@H]1CC[C@@H](Oc2ccc(F)cc2)CC1,IC50,940.0,1
MAP2K1,CHEMBL2409,CHEMBL221446,Cc1cccc(C)c1NC(=O)N[C@H]1CC[C@@H](Oc2ccc(F)cc2)CC1,IC50,1200.0,0
MAP2K1,CHEMBL2409,CHEMBL221015,O=C(Nc1ccc(C(F)(F)F)cc1)N[C@H]1CC[C@@H](Oc2ccc(F)cc2)CC1,IC50,1.2,1
MAP2K1,CHEMBL2409,CHEMBL221014,O=C(Nc1ccc(OC(F)(F)F)cc1)N[C@H]1CC[C@@H](Oc2ccc(F)cc2)CC1,IC50,0.9,1
MAP2K1,CHEMBL2409,CHEMBL221737,O=C(Nc1ccc(Br)cc1)N[C@H]1CC[C@@H](Oc2ccc(F)cc2)CC1,IC50,0.6,1
MAP2K1,CHEMBL2409,CHEMBL374730,O=C(Nc1ccc(Cl)cc1)N[C@H]1CC[C@@H](Oc2ccc(F)cc2)CC1,IC50,0.7,1
MAP2K1,CHEMBL2409,CHEMBL220908,O=C(Nc1ccc(I)cc1)N[C@H]1CC[C@@H](Oc2ccc(F)cc2)CC1,IC50,1.0,1
MAP2K1,CHEMBL2409,CHEMBL221793,O=C(NC1CCCCCC1)N[C@H]1CC[C@@H](Oc2ccc(F)cc2)CC1,IC50,0.5,1
MAP2K1,CHEMBL2409,CHEMBL222080,C[C@@H](NC(=O)NC12CC3CC(CC(C3)C1)C2)c1ccccc1,IC50,100.0,1
MAP2K1,CHEMBL2409,CHEMBL373655,CN(C)c1cccc2c(S(=O)(=O)NCCNC(=O)NC34CC5CC(CC(C5)C3)C4)cccc12,IC50,30.0,1
MAP2K1,CHEMBL2409,CHEMBL376647,O=C(NC12CC3CC(CC(C3)C1)C2)N[C@H]1CC[C@H](OCc2c(F)cccc2F)CC1,IC50,0.5,1
MAP2K1,CHEMBL2409,CHEMBL426555,O=C(Nc1ccccc1OC(F)(F)F)N[C@H]1CC[C@@H](Oc2ccc(F)cc2)CC1,IC50,100.0,1
MAP2K1,CHEMBL2409,CHEMBL376597,CCCCCCCCC(NC(=O)CCCCCCCCCCCNC(=O)NC12CC3CC(CC(C3)C1)C2)C(=O)O,IC50,210.0,1
MAP2K1,CHEMBL2409,CHEMBL375113,O=C(CCCCCCCCCCCNC(=O)NC12CC3CC(CC(C3)C1)C2)NCC(=O)N[C@H]1O[C@@H](CO)[C@H](O)[C@@H](O)[C@@H]1O,IC50,220.0,1
MAP2K1,CHEMBL2409,CHEMBL224266,CCCCCCCC(NC(=O)CCCCCCCCCCCNC(=O)NC12CC3CC(CC(C3)C1)C2)C(=O)N[C@H]1O[C@@H](CO)[C@H](O)[C@@H](O)[C@@H]1O,IC50,100.0,1
MAP2K1,CHEMBL2409,CHEMBL438838,O=C(CCCCCCCCCCCNC(=O)NC12CC3CC(CC(C3)C1)C2)NS(=O)(=O)c1ccccc1,IC50,100.0,1
MAP2K1,CHEMBL2409,CHEMBL390293,CS(=O)(=O)NC(=O)CCCCCCCCCCCNC(=O)NC12CC3CC(CC(C3)C1)C2,IC50,100.0,1
MAP2K1,CHEMBL2409,CHEMBL224395,CC(C)NC(=O)CCCCCCCCCCCNC(=O)NC12CC3CC(CC(C3)C1)C2,IC50,100.0,1
MAP2K1,CHEMBL2409,CHEMBL224579,O=C(NCCCCCCCCCCCC(=O)OCc1cccc2ccccc12)NC12CC3CC(CC(C3)C1)C2,IC50,210.0,1
MAP2K1,CHEMBL2409,CHEMBL225271,O=C(NCCCCCCCCCCCC(=O)OCc1ccccc1Cl)NC12CC3CC(CC(C3)C1)C2,IC50,290.0,1
MAP2K1,CHEMBL2409,CHEMBL224449,O=C(NCCCCCCCCCCCC(=O)OCc1ccccc1)NC12CC3CC(CC(C3)C1)C2,IC50,130.0,1
MAP2K1,CHEMBL2409,CHEMBL390796,O=C(NCCCCCCCCCCCC(=O)OC12CC3CC(CC(C3)C1)C2)NC12CC3CC(CC(C3)C1)C2,IC50,230.0,1
MAP2K1,CHEMBL2409,CHEMBL224740,CC(C)(C)OC(=O)CCCCCCCCCCCNC(=O)NC12CC3CC(CC(C3)C1)C2,IC50,100.0,1
MAP2K1,CHEMBL2409,CHEMBL224448,CC(C)COC(=O)CCCCCCCCCCCNC(=O)NC12CC3CC(CC(C3)C1)C2,IC50,100.0,1
MAP2K1,CHEMBL2409,CHEMBL224912,CCC(C)OC(=O)CCCCCCCCCCCNC(=O)NC12CC3CC(CC(C3)C1)C2,IC50,100.0,1
MAP2K1,CHEMBL2409,CHEMBL223281,CCCCOC(=O)CCCCCCCCCCCNC(=O)NC12CC3CC(CC(C3)C1)C2,IC50,100.0,1
MAP2K1,CHEMBL2409,CHEMBL427070,CC(C)OC(=O)CCCCCCCCCCCNC(=O)NC12CC3CC(CC(C3)C1)C2,IC50,100.0,1
MAP2K1,CHEMBL2409,CHEMBL223956,C#CCOC(=O)CCCCCCCCCCCNC(=O)NC12CC3CC(CC(C3)C1)C2,IC50,100.0,1
MAP2K1,CHEMBL2409,CHEMBL375240,C=CCOC(=O)CCCCCCCCCCCNC(=O)NC12CC3CC(CC(C3)C1)C2,IC50,100.0,1
MAP2K1,CHEMBL2409,CHEMBL224359,CCCOC(=O)CCCCCCCCCCCNC(=O)NC12CC3CC(CC(C3)C1)C2,IC50,100.0,1
MAP2K1,CHEMBL2409,CHEMBL223900,CCOC(=O)CCCCCCCCCCCNC(=O)NC12CC3CC(CC(C3)C1)C2,IC50,100.0,1
MAP2K1,CHEMBL2409,CHEMBL224357,COC(=O)CCCCCCCCCCCNC(=O)NC12CC3CC(CC(C3)C1)C2,IC50,100.0,1
MAP2K1,CHEMBL2409,CHEMBL224580,CCNC(=O)CCCCCCCCCCCNC(=O)NC12CC3CC(CC(C3)C1)C2,IC50,100.0,1
MAP2K1,CHEMBL2409,CHEMBL242255,O=C(NC1CCCCC1)NC12CC3CC(CC(C3)C1)C2,IC50,1.6,1
MAP2K1,CHEMBL2409,CHEMBL242898,O=C(NC12CC3CC(CC(C3)C1)C2)N[C@H]1CC[C@@H](OCc2ccccc2)CC1,IC50,0.9,1
MAP2K1,CHEMBL2409,CHEMBL395988,O=C(NC12CC3CC(CC(C3)C1)C2)N[C@H]1CC[C@H](OCc2ccccc2)CC1,IC50,1.7,1
MAP2K1,CHEMBL2409,CHEMBL395987,O=C(NC12CC3CC(CC(C3)C1)C2)N[C@H]1CC[C@@H](OCC2CCCCC2)CC1,IC50,2.5,1
MAP2K1,CHEMBL2409,CHEMBL397669,O=C(NC12CC3CC(CC(C3)C1)C2)N[C@H]1CC[C@H](OCC2CCCCC2)CC1,IC50,4.0,1
MAP2K1,CHEMBL2409,CHEMBL242470,CO[C@H]1CC[C@@H](NC(=O)NC23CC4CC(CC(C4)C2)C3)CC1,IC50,4.0,1
MAP2K1,CHEMBL2409,CHEMBL242257,O=C(NC12CC3CC(CC(C3)C1)C2)N[C@H]1CC[C@@H](O)CC1,IC50,76.0,1
MAP2K1,CHEMBL2409,CHEMBL242256,CO[C@H]1CC[C@H](NC(=O)NC23CC4CC(CC(C4)C2)C3)CC1,IC50,2.6,1
MAP2K1,CHEMBL2409,CHEMBL397197,O=C(NCCCCO)NC12CC3CC(CC(C3)C1)C2,IC50,153.0,1
MAP2K1,CHEMBL2409,CHEMBL395714,O=C(NC12CC3CC(CC(C3)C1)C2)N[C@H]1CC[C@H](O)CC1,IC50,14.0,1
MAP2K1,CHEMBL2409,CHEMBL243522,O=C(NC1CCC(Cc2ccc(F)cc2)CC1)NC12CC3CC(CC(C3)C1)C2,IC50,2.5,1
MAP2K1,CHEMBL2409,CHEMBL388015,O=C(Nc1ccc(Oc2ccc(F)cc2)cc1)NC12CC3CC(CC(C3)C1)C2,IC50,2.7,1
MAP2K1,CHEMBL2409,CHEMBL243521,O=C(NCC#CCOc1ccc(F)cc1)NC12CC3CC(CC(C3)C1)C2,IC50,42.0,1
MAP2K1,CHEMBL2409,CHEMBL387810,O=C(NCCCCOc1ccc(F)cc1)NC12CC3CC(CC(C3)C1)C2,IC50,3.9,1
MAP2K1,CHEMBL2409,CHEMBL243302,O=C(CC12CC3CC(CC(C3)C1)C2)N[C@H]1CC[C@@H](Oc2ccc(F)cc2)CC1,IC50,9.1,1
MAP2K1,CHEMBL2409,CHEMBL245225,O=C(CC12CC3CC(CC(C3)C1)C2)N[C@H]1CC[C@H](OCc2c(F)cccc2F)CC1,IC50,3.5,1
MAP2K1,CHEMBL2409,CHEMBL245006,O=C(Nc1ccc(C(=O)O)cc1)N[C@H]1CC[C@@H](Oc2cccc(C(=O)O)c2)CC1,IC50,8300.0,0
MAP2K1,CHEMBL2409,CHEMBL244002,O=C(Nc1ccc(OC(F)(F)F)cc1)N[C@H]1CC[C@@H](Oc2cccc(C(=O)O)c2)CC1,IC50,0.6,1
MAP2K1,CHEMBL2409,CHEMBL243793,O=C(Nc1ccc(OC(F)(F)F)cc1)N[C@H]1CC[C@H](Oc2cccc(C(=O)O)c2)CC1,IC50,0.9,1
MAP2K1,CHEMBL2409,CHEMBL244407,O=C(NC12CC3CC(CC(C3)C1)C2)N[C@H]1CC[C@@H](Oc2ccccc2C(=O)O)CC1,IC50,330.0,1
MAP2K1,CHEMBL2409,CHEMBL244406,O=C(NC12CC3CC(CC(C3)C1)C2)N[C@H]1CC[C@@H](Oc2cccc(C(=O)O)c2)CC1,IC50,1.9,1
MAP2K1,CHEMBL2409,CHEMBL244405,O=C(NC12CC3CC(CC(C3)C1)C2)N[C@H]1CC[C@@H](Oc2ccc(C(=O)O)cc2)CC1,IC50,0.89,1
MAP2K1,CHEMBL2409,CHEMBL396546,O=C(NC12CC3CC(CC(C3)C1)C2)N[C@H]1CC[C@@H](Oc2cc(F)cc(F)c2)CC1,IC50,0.82,1
MAP2K1,CHEMBL2409,CHEMBL244193,O=C(NC12CC3CC(CC(C3)C1)C2)N[C@H]1CC[C@@H](Oc2ccc([N+](=O)[O-])cc2)CC1,IC50,0.72,1
MAP2K1,CHEMBL2409,CHEMBL244192,COc1ccc(O[C@H]2CC[C@@H](NC(=O)NC34CC5CC(CC(C5)C3)C4)CC2)cc1,IC50,0.55,1
MAP2K1,CHEMBL2409,CHEMBL243337,O=C(NC12CC3CC(CC(C3)C1)C2)N[C@H]1CC[C@@H](Oc2ccc(Br)cc2)CC1,IC50,1.3,1
MAP2K1,CHEMBL2409,CHEMBL242026,CC(C)Oc1cc(F)c(CO[C@H]2CC[C@@H](NC(=O)NC34CC5CC(CC(C5)C3)C4)CC2)c(F)c1,IC50,3.5,1
MAP2K1,CHEMBL2409,CHEMBL395738,O=C(NC12CC3CC(CC(C3)C1)C2)N[C@H]1CC[C@@H](OCc2c(F)cccc2F)CC1,IC50,1.1,1
MAP2K1,CHEMBL2409,CHEMBL242025,O=C(NC12CC3CC(CC(C3)C1)C2)N[C@H]1CC[C@@H](OCc2c(Cl)cccc2Cl)CC1,IC50,1.5,1
MAP2K1,CHEMBL2409,CHEMBL245255,O=C(NC12CC3CC(CC(C3)C1)C2)N[C@H]1CC[C@@H](OCc2ccccc2Cl)CC1,IC50,2.0,1
MAP2K1,CHEMBL2409,CHEMBL397426,Cc1ccccc1CO[C@H]1CC[C@@H](NC(=O)NC23CC4CC(CC(C4)C2)C3)CC1,IC50,3.4,1
MAP2K1,CHEMBL2409,CHEMBL242460,O=C(NC12CC3CC(CC(C3)C1)C2)N[C@H]1CC[C@@H](OCc2ccc(Br)cc2)CC1,IC50,2.1,1
MAP2K1,CHEMBL2409,CHEMBL242459,O=C(NC12CC3CC(CC(C3)C1)C2)N[C@H]1CC[C@H](Oc2ccc(C(=O)O)cc2)CC1,IC50,1.3,1
MAP2K1,CHEMBL2409,CHEMBL243336,O=C(NC12CC3CC(CC(C3)C1)C2)N[C@H]1CC[C@H](Oc2cc(F)cc(F)c2)CC1,IC50,1.0,1
MAP2K1,CHEMBL2409,CHEMBL243335,O=C(NC12CC3CC(CC(C3)C1)C2)N[C@H]1CC[C@H](Oc2ccc(F)cc2)CC1,IC50,0.8,1
MAP2K1,CHEMBL2409,CHEMBL397694,O=C(NC12CC3CC(CC(C3)C1)C2)N[C@H]1CC[C@H](Oc2ccc([N+](=O)[O-])cc2)CC1,IC50,0.64,1
MAP2K1,CHEMBL2409,CHEMBL427695,COc1ccc(O[C@H]2CC[C@H](NC(=O)NC34CC5CC(CC(C5)C3)C4)CC2)cc1,IC50,0.87,1
MAP2K1,CHEMBL2409,CHEMBL243125,O=C(NC12CC3CC(CC(C3)C1)C2)N[C@H]1CC[C@H](Oc2ccc(Br)cc2)CC1,IC50,2.0,1
MAP2K1,CHEMBL2409,CHEMBL397693,CC(C)Oc1cc(F)c(CO[C@H]2CC[C@H](NC(=O)NC34CC5CC(CC(C5)C3)C4)CC2)c(F)c1,IC50,3.5,1
MAP2K1,CHEMBL2409,CHEMBL243124,O=C(NC12CC3CC(CC(C3)C1)C2)N[C@H]1CC[C@H](OCc2c(Cl)cccc2Cl)CC1,IC50,1.7,1
MAP2K1,CHEMBL2409,CHEMBL242900,O=C(NC12CC3CC(CC(C3)C1)C2)N[C@H]1CC[C@H](OCc2ccccc2Cl)CC1,IC50,2.7,1
MAP2K1,CHEMBL2409,CHEMBL395989,Cc1ccccc1CO[C@H]1CC[C@H](NC(=O)NC23CC4CC(CC(C4)C2)C3)CC1,IC50,1.6,1
MAP2K1,CHEMBL2409,CHEMBL242899,O=C(NC12CC3CC(CC(C3)C1)C2)N[C@H]1CC[C@H](OCc2ccc(Br)cc2)CC1,IC50,1.7,1
MAP2K1,CHEMBL2409,CHEMBL242655,CCOCCOCCOCCCCCNC(=O)NC12CC3CC(CC(C3)C1)C2,IC50,14.0,1
MAP2K1,CHEMBL2409,CHEMBL1458,O=C(NC1CCCCC1)NC1CCCCC1,IC50,52.0,1
MAP2K1,CHEMBL2409,CHEMBL231584,O=C(N[C@H]1CC[C@H](O)CC1)N[C@H]1CC[C@H](O)CC1,IC50,1400.0,0
MAP2K1,CHEMBL2409,CHEMBL398166,O=C(NCCO)NC12CC3CC(CC(C3)C1)C2,IC50,482.0,1
MAP2K1,CHEMBL2409,CHEMBL245159,O=C(Nc1ccc(OCCCN2CCOCC2)cc1)NC12CC3CC(CC(C3)C1)C2,IC50,1.3,1
MAP2K1,CHEMBL2409,CHEMBL438867,CCOCCOCCOc1ccc(NC(=O)NC23CC4CC(CC(C4)C2)C3)cc1,IC50,1.8,1
MAP2K1,CHEMBL2409,CHEMBL396760,CCOCCOCCOc1cccc(NC(=O)NC23CC4CC(CC(C4)C2)C3)c1,IC50,1.1,1
MAP2K1,CHEMBL2409,CHEMBL245158,O=C(NC1CCC(OCCCN2CCOCC2)CC1)NC12CC3CC(CC(C3)C1)C2,IC50,1.8,1
MAP2K1,CHEMBL2409,CHEMBL244068,CCOCCOCCOC1CCC(NC(=O)NC23CC4CC(CC(C4)C2)C3)CC1,IC50,1.6,1
MAP2K1,CHEMBL2409,CHEMBL439577,CCCCCOC1CCC(NC(=O)NC23CC4CC(CC(C4)C2)C3)CC1,IC50,1.2,1
MAP2K1,CHEMBL2409,CHEMBL244067,CCOCCOCCOCCCCCNC(=O)CC12CC3CC(CC(C3)C1)C2,IC50,10.0,1
MAP2K1,CHEMBL2409,CHEMBL244066,CCOCCOCCOCCCCCCC(=O)NC12CC3CC(CC(C3)C1)C2,IC50,247.0,1
MAP2K1,CHEMBL2409,CHEMBL396759,CS(=O)(=O)NCCCCCOCCCCCNC(=O)NC12CC3CC(CC(C3)C1)C2,IC50,11.0,1
MAP2K1,CHEMBL2409,CHEMBL245152,CS(=O)(=O)NCCOCCOCCCCCNC(=O)NC12CC3CC(CC(C3)C1)C2,IC50,58.0,1
MAP2K1,CHEMBL2409,CHEMBL245151,O=C(NCCCCCOCCCN1CCOCC1)NC12CC3CC(CC(C3)C1)C2,IC50,9.0,1
MAP2K1,CHEMBL2409,CHEMBL245150,COCCOCCOCCOCCCCCNC(=O)NC12CC3CC(CC(C3)C1)C2,IC50,23.0,1
MAP2K1,CHEMBL2409,CHEMBL245148,CCc1ccc(OCCOCCOCCCCCNC(=O)NC23CC4CC(CC(C4)C2)C3)cc1,IC50,1.7,1
MAP2K1,CHEMBL2409,CHEMBL396980,O=C(NCCCCCOCCOCCOCC(F)(F)F)NC12CC3CC(CC(C3)C1)C2,IC50,1.4,1
MAP2K1,CHEMBL2409,CHEMBL245147,CCCOCCCCOCCCCCNC(=O)NC12CC3CC(CC(C3)C1)C2,IC50,2.3,1
MAP2K1,CHEMBL2409,CHEMBL245146,CCCOCCCOCCCCCNC(=O)NC12CC3CC(CC(C3)C1)C2,IC50,2.5,1
MAP2K1,CHEMBL2409,CHEMBL245145,CCCC(C)COCCCCCNC(=O)NC12CC3CC(CC(C3)C1)C2,IC50,10.0,1
MAP2K1,CHEMBL2409,CHEMBL396736,CCCCC(C)OCCCCCNC(=O)NC12CC3CC(CC(C3)C1)C2,IC50,11.0,1
MAP2K1,CHEMBL2409,CHEMBL245144,CCCOCCCCCCNC(=O)NC12CC3CC(CC(C3)C1)C2,IC50,3.7,1
MAP2K1,CHEMBL2409,CHEMBL245143,O=C(NCCCCCCO)NC12CC3CC(CC(C3)C1)C2,IC50,12.0,1
MAP2K1,CHEMBL2409,CHEMBL245142,CCCCOCCCCCNC(=O)NC12CC3CC(CC(C3)C1)C2,IC50,4.1,1
MAP2K1,CHEMBL2409,CHEMBL245141,O=C(NCCCCCO)NC12CC3CC(CC(C3)C1)C2,IC50,84.0,1
MAP2K1,CHEMBL2409,CHEMBL245127,CCCCCCOCCCNC(=O)NC12CC3CC(CC(C3)C1)C2,IC50,5.6,1
MAP2K1,CHEMBL2409,CHEMBL242592,O=C(NCCCO)NC12CC3CC(CC(C3)C1)C2,IC50,746.0,1
MAP2K1,CHEMBL2409,CHEMBL388004,CCCCCCCOCCNC(=O)NC12CC3CC(CC(C3)C1)C2,IC50,29.0,1
MAP2K1,CHEMBL2409,CHEMBL516415,O=C(Nc1ccccc1)NC12CC3CC(CC(C3)C1)C2,IC50,17.0,1
MAP2K1,CHEMBL2409,CHEMBL477670,O=C(Nc1ccccc1O)NC12CC3CC(CC(C3)C1)C2,IC50,139.0,1
MAP2K1,CHEMBL2409,CHEMBL477671,O=C(Nc1cccc(O)c1)NC12CC3CC(CC(C3)C1)C2,IC50,28.0,1
MAP2K1,CHEMBL2409,CHEMBL477872,O=C(Nc1ccc(O)cc1)NC12CC3CC(CC(C3)C1)C2,IC50,24.0,1
MAP2K1,CHEMBL2409,CHEMBL445531,COc1ccccc1NC(=O)NC12CC3CC(CC(C3)C1)C2,IC50,8544.0,0
MAP2K1,CHEMBL2409,CHEMBL516890,COc1cccc(NC(=O)NC23CC4CC(CC(C4)C2)C3)c1,IC50,4.7,1
MAP2K1,CHEMBL2409,CHEMBL477067,COc1ccc(NC(=O)NC23CC4CC(CC(C4)C2)C3)cc1,IC50,14.0,1
MAP2K1,CHEMBL2409,CHEMBL476056,CC(=O)Oc1cccc(NC(=O)NC23CC4CC(CC(C4)C2)C3)c1,IC50,5.8,1
MAP2K1,CHEMBL2409,CHEMBL476057,O=C(Nc1cccc(OC(=O)c2ccccc2)c1)NC12CC3CC(CC(C3)C1)C2,IC50,5.1,1
MAP2K1,CHEMBL2409,CHEMBL476058,CC(=O)Oc1ccc(NC(=O)NC23CC4CC(CC(C4)C2)C3)cc1,IC50,3.9,1
MAP2K1,CHEMBL2409,CHEMBL514055,O=C(Nc1ccc(OC(=O)c2ccccc2)cc1)NC12CC3CC(CC(C3)C1)C2,IC50,11.0,1
MAP2K1,CHEMBL2409,CHEMBL476668,COC(=O)c1cccc(NC(=O)NC23CC4CC(CC(C4)C2)C3)c1,IC50,14.0,1
MAP2K1,CHEMBL2409,CHEMBL478505,COC(=O)c1ccc(NC(=O)NC23CC4CC(CC(C4)C2)C3)cc1,IC50,4.1,1
MAP2K1,CHEMBL2409,CHEMBL478320,O=C(Nc1cccc(C(=O)O)c1)NC12CC3CC(CC(C3)C1)C2,IC50,365.0,1
MAP2K1,CHEMBL2409,CHEMBL478321,O=C(Nc1ccc(C(=O)O)cc1)NC12CC3CC(CC(C3)C1)C2,IC50,1411.0,0
MAP2K1,CHEMBL2409,CHEMBL515028,O=C(Nc1cccc(C(=O)N2CCOCC2)c1)NC12CC3CC(CC(C3)C1)C2,IC50,25.0,1
MAP2K1,CHEMBL2409,CHEMBL478322,O=C(Nc1cccc(C(=O)N2CCC(N3CCOCC3)CC2)c1)NC12CC3CC(CC(C3)C1)C2,IC50,29.0,1
MAP2K1,CHEMBL2409,CHEMBL478146,CN1CCN(C(=O)c2cccc(NC(=O)NC34CC5CC(CC(C5)C3)C4)c2)CC1,IC50,35.0,1
MAP2K1,CHEMBL2409,CHEMBL478147,O=C(O)Cc1ccc(NC(=O)NC23CC4CC(CC(C4)C2)C3)cc1,IC50,392.0,1
MAP2K1,CHEMBL2409,CHEMBL477238,COC(=O)Cc1ccc(NC(=O)NC23CC4CC(CC(C4)C2)C3)cc1,IC50,4.0,1
MAP2K1,CHEMBL2409,CHEMBL477041,O=C(O)CCc1ccc(NC(=O)NC23CC4CC(CC(C4)C2)C3)cc1,IC50,126.0,1
MAP2K1,CHEMBL2409,CHEMBL477237,COC(=O)CCc1ccc(NC(=O)NC23CC4CC(CC(C4)C2)C3)cc1,IC50,2.2,1
MAP2K1,CHEMBL2409,CHEMBL476843,O=C(O)CCCc1ccc(NC(=O)NC23CC4CC(CC(C4)C2)C3)cc1,IC50,19.9,1
MAP2K1,CHEMBL2409,CHEMBL514369,COC(=O)CCCc1ccc(NC(=O)NC23CC4CC(CC(C4)C2)C3)cc1,IC50,3.1,1
MAP2K1,CHEMBL2409,CHEMBL477046,O=C(Nc1ccc(O)c(C(=O)O)c1)NC12CC3CC(CC(C3)C1)C2,IC50,116.0,1
MAP2K1,CHEMBL2409,CHEMBL477247,COC(=O)c1cc(NC(=O)NC23CC4CC(CC(C4)C2)C3)ccc1O,IC50,12.0,1
MAP2K1,CHEMBL2409,CHEMBL527061,O=C(Nc1ccc(C(=O)O)c(O)c1)NC12CC3CC(CC(C3)C1)C2,IC50,71.0,1
MAP2K1,CHEMBL2409,CHEMBL476614,COC(=O)c1ccc(NC(=O)NC23CC4CC(CC(C4)C2)C3)cc1O,IC50,2.8,1
MAP2K1,CHEMBL2409,CHEMBL469546,Cc1cc(C)c(S(=O)(=O)N2CCC(C(=O)NCc3ccc(Cl)cc3Cl)CC2)c(C)c1,IC50,20.0,1
MAP2K1,CHEMBL2409,CHEMBL471858,O=C(NCc1ccc(Cl)cc1Cl)C1CCN(S(=O)(=O)c2ccccc2Br)CC1,IC50,91.1,1
MAP2K1,CHEMBL2409,CHEMBL471860,O=C(NCc1ccc(Cl)cc1Cl)C1CCN(S(=O)(=O)c2ccc(F)cc2[N+](=O)[O-])CC1,IC50,150.0,1
MAP2K1,CHEMBL2409,CHEMBL513769,O=C(NCc1ccc(Cl)cc1Cl)C1CCN(S(=O)(=O)c2ccccc2F)CC1,IC50,87.6,1
MAP2K1,CHEMBL2409,CHEMBL470822,CC(C)(C)c1ccc(S(=O)(=O)N2CCC(C(=O)NCc3ccc(Cl)cc3Cl)CC2)cc1,IC50,164.0,1
MAP2K1,CHEMBL2409,CHEMBL470823,Cc1cc(S(=O)(=O)N2CCC(C(=O)NCc3ccc(Cl)cc3Cl)CC2)c(C)cc1Cl,IC50,52.1,1
MAP2K1,CHEMBL2409,CHEMBL470824,COc1cc(C)c(S(=O)(=O)N2CCC(C(=O)NCc3ccc(Cl)cc3Cl)CC2)c(C)c1C,IC50,23.9,1
MAP2K1,CHEMBL2409,CHEMBL470604,Cc1ccc(S(=O)(=O)N2CCC(C(=O)NCc3ccc(Cl)cc3Cl)CC2)c(C)c1,IC50,46.9,1
MAP2K1,CHEMBL2409,CHEMBL480496,CC(C)(C)c1cc(C(C)(C)C)c(S(=O)(=O)N2CCC(C(=O)NCc3ccc(Cl)cc3Cl)CC2)c(C(C)(C)C)c1,IC50,44.5,1
MAP2K1,CHEMBL2409,CHEMBL469553,O=C(NCc1ccc(Cl)cc1Cl)C1CCN(S(=O)(=O)c2ccc(Cl)s2)CC1,IC50,200.0,1
MAP2K1,CHEMBL2409,CHEMBL513416,COc1cc(OC(=O)N2CCC(C(=O)NCc3ccc(Cl)cc3Cl)CC2)c([N+](=O)[O-])cc1OC,IC50,75.3,1
MAP2K1,CHEMBL2409,CHEMBL471241,Cc1cc(C)c(S(=O)(=O)N2CCC(C(=O)NCCC(C)C)CC2)c(C)c1,IC50,25.1,1
MAP2K1,CHEMBL2409,CHEMBL471450,Cc1cc(C)c(S(=O)(=O)N2CCC(C(=O)NCc3cccc4ccccc34)CC2)c(C)c1,IC50,39.4,1
MAP2K1,CHEMBL2409,CHEMBL512704,Cc1cc(C)c(S(=O)(=O)N2CCC(C(=O)NCCC(c3ccccc3)c3ccccc3)CC2)c(C)c1,IC50,35.0,1
MAP2K1,CHEMBL2409,CHEMBL511137,Cc1cc(C)c(S(=O)(=O)N2CCC(C(=O)NC3Cc4ccccc4C3)CC2)c(C)c1,IC50,49.1,1
MAP2K1,CHEMBL2409,CHEMBL470616,Cc1cc(C)c(S(=O)(=O)N2CCC(C(=O)NCc3ccccc3Cl)CC2)c(C)c1,IC50,27.4,1
MAP2K1,CHEMBL2409,CHEMBL470614,Cc1cc(C)c(S(=O)(=O)N2CCC(C(=O)NCCc3cccc(Cl)c3)CC2)c(C)c1,IC50,64.0,1
MAP2K1,CHEMBL2409,CHEMBL512871,Cc1cc(C)c(S(=O)(=O)N2CCC(C(=O)NCc3ccccc3)CC2)c(C)c1,IC50,42.0,1
MAP2K1,CHEMBL2409,CHEMBL472426,Cc1cc(C)c(S(=O)(=O)N2CCC(C(=O)Nc3cccc4ccccc34)CC2)c(C)c1,IC50,200.0,1
MAP2K1,CHEMBL2409,CHEMBL472630,Cc1cc(C)c(S(=O)(=O)N2CCC(C(=O)NC3CCCCC3)CC2)c(C)c1,IC50,16.4,1
MAP2K1,CHEMBL2409,CHEMBL469361,Cc1cc(C)c(S(=O)(=O)N2CCC(C(=O)NCc3cc(Cl)ccc3Cl)CC2)c(C)c1,IC50,59.1,1
MAP2K1,CHEMBL2409,CHEMBL469359,Cc1cc(C)c(S(=O)(=O)N2CCC(C(=O)NCc3ccc(F)cc3F)CC2)c(C)c1,IC50,32.2,1
MAP2K1,CHEMBL2409,CHEMBL513535,Cc1cc(C)c(S(=O)(=O)N2CCC(C(=O)NCc3ccc(Cl)c(C(F)(F)F)c3)CC2)c(C)c1,IC50,173.0,1
MAP2K1,CHEMBL2409,CHEMBL469360,Cc1cc(C)c(S(=O)(=O)N2CCC(C(=O)NCc3cc(C(F)(F)F)ccc3Cl)CC2)c(C)c1,IC50,28.7,1
MAP2K1,CHEMBL2409,CHEMBL469572,Cc1cc(C)c(S(=O)(=O)N2CCC(C(=O)NC(C)c3ccc(Cl)cc3)CC2)c(C)c1,IC50,29.1,1
MAP2K1,CHEMBL2409,CHEMBL512659,Cc1cc(C)c(S(=O)(=O)N2CCC(C(=O)NCc3ccc(F)cc3Cl)CC2)c(C)c1,IC50,54.1,1
MAP2K1,CHEMBL2409,CHEMBL469998,Cc1cc(C)c(S(=O)(=O)N2CCC(C(=O)NCc3c(F)cccc3Cl)CC2)c(C)c1,IC50,12.7,1
MAP2K1,CHEMBL2409,CHEMBL472423,Cc1cc(C)c(S(=O)(=O)N2CCC(C(=O)NCc3c(C)cc(Cl)cc3Cl)CC2)c(C)c1,IC50,128.0,1
MAP2K1,CHEMBL2409,CHEMBL469784,Cc1cc(C)c(S(=O)(=O)N2CCC(C(=O)NCc3ccc(Cl)cc3)CC2)c(C)c1,IC50,50.0,1
MAP2K1,CHEMBL2409,CHEMBL469988,Cc1cc(C)c(S(=O)(=O)N2CCC(C(=O)NCc3ccc(Cl)c(Cl)c3)CC2)c(C)c1,IC50,32.0,1
MAP2K1,CHEMBL2409,CHEMBL469989,Cc1cc(C)c(S(=O)(=O)N2CCC(C(=O)NC3CCCCC3C)CC2)c(C)c1,IC50,37.2,1
MAP2K1,CHEMBL2409,CHEMBL469792,Cc1cc(C)c(S(=O)(=O)N2CCC(C(=O)NC3CCCCCC3)CC2)c(C)c1,IC50,7.9,1
MAP2K1,CHEMBL2409,CHEMBL512310,Cc1cc(C)c(S(=O)(=O)N2CCC(C(=O)NN3CCCCC3)CC2)c(C)c1,IC50,200.0,1
MAP2K1,CHEMBL2409,CHEMBL512872,Cc1cc(C)c(S(=O)(=O)N2CCC(C(=O)NNc3ccccc3Cl)CC2)c(C)c1,IC50,33.6,1
MAP2K1,CHEMBL2409,CHEMBL469999,Cc1cc(C)c(S(=O)(=O)N2CCC(C(=O)NCCc3ccccc3)CC2)c(C)c1,IC50,43.3,1
MAP2K1,CHEMBL2409,CHEMBL469579,Cc1cc(C)c(S(=O)(=O)N2CCC(C(=O)NC3CCN(C(=O)OC(C)(C)C)CC3)CC2)c(C)c1,IC50,11.0,1
MAP2K1,CHEMBL2409,CHEMBL469580,Cc1cc(C)c(S(=O)(=O)N2CCC(C(=O)NC3CCCc4ccccc43)CC2)c(C)c1,IC50,20.1,1
MAP2K1,CHEMBL2409,CHEMBL512842,Cc1cc(C)c(S(=O)(=O)N2CCC(C(=O)NC3CCC(C)CC3)CC2)c(C)c1,IC50,39.6,1
MAP2K1,CHEMBL2409,CHEMBL469581,Cc1cc(C)c(S(=O)(=O)N2CCC(C(=O)NCC3CCCCC3)CC2)c(C)c1,IC50,12.6,1
MAP2K1,CHEMBL2409,CHEMBL470837,Cc1cc(C)c(S(=O)(=O)N2CCC(C(=O)NC3CCCC3)CC2)c(C)c1,IC50,37.3,1
MAP2K1,CHEMBL2409,CHEMBL458165,O=C(Nc1cccc(OCCCN2CCOCC2)c1)NC12CC3CC(CC(C3)C1)C2,IC50,0.8,1
MAP2K1,CHEMBL2409,CHEMBL458166,O=C(Nc1cccc(OCCCN2CCOCC2)c1)NC1CCCCC1,IC50,3.9,1
MAP2K1,CHEMBL2409,CHEMBL456836,O=C(Nc1ccc(C(F)(F)F)cc1)Nc1cccc(OCCCN2CCOCC2)c1,IC50,1.2,1
MAP2K1,CHEMBL2409,CHEMBL457032,O=C(Nc1ccc(OC(F)(F)F)cc1)Nc1cccc(OCCCN2CCOCC2)c1,IC50,8.2,1
MAP2K1,CHEMBL2409,CHEMBL456427,O=C(Nc1cccc(OCCCN2CCOCC2)c1)C12CC3CC(CC(C3)C1)C2,IC50,88.0,1
MAP2K1,CHEMBL2409,CHEMBL456632,O=C(CC12CC3CC(CC(C3)C1)C2)Nc1cccc(OCCCN2CCOCC2)c1,IC50,2.5,1
MAP2K1,CHEMBL2409,CHEMBL456633,O=C(Nc1cccc(OCCCN2CCOCC2)c1)C1CCCCC1,IC50,390.0,1
MAP2K1,CHEMBL2409,CHEMBL454959,O=C(CC1CCCCC1)Nc1cccc(OCCCN2CCOCC2)c1,IC50,28.0,1
MAP2K1,CHEMBL2409,CHEMBL461894,O=C(Nc1cccc(OCCCN2CCOCC2)c1)c1ccc(C(F)(F)F)cc1,IC50,93.0,1
MAP2K1,CHEMBL2409,CHEMBL459778,O=C(Cc1ccc(C(F)(F)F)cc1)Nc1cccc(OCCCN2CCOCC2)c1,IC50,55.0,1
MAP2K1,CHEMBL2409,CHEMBL517099,O=S(=O)(Nc1cccc(OCCCN2CCOCC2)c1)c1ccc(C(F)(F)F)cc1,IC50,15000.0,0
MAP2K1,CHEMBL2409,CHEMBL459984,S=C(Nc1cccc(OCCCN2CCOCC2)c1)NC12CC3CC(CC(C3)C1)C2,IC50,22.0,1
MAP2K1,CHEMBL2409,CHEMBL460836,O=S(=O)(Nc1cccc(OCCCN2CCOCC2)c1)NC12CC3CC(CC(C3)C1)C2,IC50,3600.0,0
MAP2K1,CHEMBL2409,CHEMBL517114,O=C(CNC12CC3CC(CC(C3)C1)C2)Nc1cccc(OCCCN2CCOCC2)c1,IC50,110.0,1
MAP2K1,CHEMBL2409,CHEMBL460838,O=C(Nc1cccc(OCCCN2CCOCC2)c1)C(O)CC12CC3CC(CC(C3)C1)C2,IC50,23.0,1
MAP2K1,CHEMBL2409,CHEMBL460214,O=C(Nc1cccc(OCCCN2CCOCC2)c1)C(O)CCC12CC3CC(CC(C3)C1)C2,IC50,530.0,1
MAP2K1,CHEMBL2409,CHEMBL518177,O=C(CC12CC3CC(CC(C3)C1)C2)C(=O)Nc1cccc(OCCCN2CCOCC2)c1,IC50,49.0,1
MAP2K1,CHEMBL2409,CHEMBL460429,O=C(CCC12CC3CC(CC(C3)C1)C2)C(=O)Nc1cccc(OCCCN2CCOCC2)c1,IC50,48.0,1
MAP2K1,CHEMBL2409,CHEMBL471224,O=C(Nc1ccc(OCc2ccccc2)cc1)C(O)C12CC3CC(CC(C3)C1)C2,IC50,310.0,1
MAP2K1,CHEMBL2409,CHEMBL471427,O=C(Nc1ccc(OCc2ccccc2)cc1)C(O)CC12CC3CC(CC(C3)C1)C2,IC50,270.0,1
MAP2K1,CHEMBL2409,CHEMBL470388,O=C(NCCc1ccc(OCc2ccccc2)cc1)C(O)CC12CC3CC(CC(C3)C1)C2,IC50,185.0,1
MAP2K1,CHEMBL2409,CHEMBL470389,O=C(NCCc1ccc(OCc2ccccc2)cc1)C(O)CCC12CC3CC(CC(C3)C1)C2,IC50,11.0,1
MAP2K1,CHEMBL2409,CHEMBL511617,O=C(Nc1ccc(OCc2ccccc2)cc1)C(=O)C12CC3CC(CC(C3)C1)C2,IC50,210.0,1
MAP2K1,CHEMBL2409,CHEMBL470361,O=C(CC12CC3CC(CC(C3)C1)C2)C(=O)Nc1ccc(OCc2ccccc2)cc1,IC50,1110.0,0
MAP2K1,CHEMBL2409,CHEMBL511285,O=C(CC12CC3CC(CC(C3)C1)C2)C(=O)NCCc1ccc(OCc2ccccc2)cc1,IC50,1540.0,0
MAP2K1,CHEMBL2409,CHEMBL470362,O=C(CCC12CC3CC(CC(C3)C1)C2)C(=O)NCCc1ccc(OCc2ccccc2)cc1,IC50,685.0,1
MAP2K1,CHEMBL2409,CHEMBL470363,O=C(NCCc1ccc(OCc2ccccc2)cc1)NCCC12CC3CC(CC(C3)C1)C2,IC50,15.0,1
MAP2K1,CHEMBL2409,CHEMBL497829,CS(=O)(=O)c1ccc2c(c1)CCC1(CCN(C(=O)Cc3ccc(Cl)cc3Cl)CC1)O2,IC50,1.0,1
MAP2K1,CHEMBL2409,CHEMBL495992,O=C1CC2(CCN(C(=O)N[C@H]3C[C@@H]3c3ccccc3)CC2)Oc2ccc(-c3ccncc3)cc21,IC50,1.0,1
MAP2K1,CHEMBL2409,CHEMBL497828,CS(=O)(=O)c1ccc2c(c1)CCC1(CCN(C(=O)c3ccc(C(F)(F)F)cc3)CC1)O2,IC50,2.0,1
MAP2K1,CHEMBL2409,CHEMBL496189,O=C1CC2(CCN(C(=O)N[C@H]3C[C@@H]3c3ccccc3)CC2)Oc2ccccc21,IC50,3.0,1
MAP2K1,CHEMBL2409,CHEMBL495793,Cn1nccc1Nc1ccc2c(c1)C(=O)CC1(CCN(C(=O)N[C@H]3C[C@@H]3c3ccccc3)CC1)O2,IC50,3.0,1
MAP2K1,CHEMBL2409,CHEMBL483876,O=C(N[C@H]1C[C@@H]1c1ccccc1)N1CCC2(CCc3cc(F)ccc3O2)CC1,IC50,3.0,1
MAP2K1,CHEMBL2409,CHEMBL519336,CS(=O)(=O)c1ccc2c(c1)CCC1(CCN(C(=O)N[C@H]3C[C@@H]3c3ccccc3)CC1)O2,IC50,3.0,1
MAP2K1,CHEMBL2409,CHEMBL482637,CS(=O)(=O)c1ccc2c(c1)CCC1(CCCN(C(=O)N[C@H]3C[C@@H]3c3ccccc3)CC1)O2,IC50,3.0,1
MAP2K1,CHEMBL2409,CHEMBL447085,O=C(CCc1ccccc1)N1CCC2(CCc3cc(F)ccc3O2)CC1,IC50,3.0,1
MAP2K1,CHEMBL2409,CHEMBL495792,Cn1nccc1-c1ccc2c(c1)C(=O)CC1(CCN(C(=O)N[C@H]3C[C@@H]3c3ccccc3)CC1)O2,IC50,4.0,1
MAP2K1,CHEMBL2409,CHEMBL495794,CS(=O)(=O)c1ccc2c(c1)C(=O)CC1(CCN(C(=O)N[C@H]3C[C@@H]3c3ccccc3)CC1)O2,IC50,4.0,1
MAP2K1,CHEMBL2409,CHEMBL495995,O=C(N[C@H]1C[C@@H]1c1ccccc1)N1CCC2(CCc3ccccc3O2)CC1,IC50,4.0,1
MAP2K1,CHEMBL2409,CHEMBL524992,O=C(c1ccc(C(F)(F)F)cc1)N1CCC2(CCc3ccccc3O2)CC1,IC50,4.0,1
MAP2K1,CHEMBL2409,CHEMBL495993,O=C1CC2(CCN(C(=O)N[C@H]3C[C@@H]3c3ccccc3)CC2)Oc2cccnc21,IC50,4.0,1
MAP2K1,CHEMBL2409,CHEMBL522211,O=C(N[C@H]1C[C@@H]1c1ccccc1)N1CCC2(CCc3ncccc3O2)CC1,IC50,5.0,1
MAP2K1,CHEMBL2409,CHEMBL495601,O=C1CC2(CCN(C(=O)NC3CCc4ccccc4C3)CC2)Oc2ccccc21,IC50,5.0,1
MAP2K1,CHEMBL2409,CHEMBL495586,CS(=O)(=O)c1ccc2c(c1)C(=O)CC1(CCN(C(=O)N[C@@H]3CC[C@@H](c4ccccc4)C3)CC1)O2,IC50,7.0,1
MAP2K1,CHEMBL2409,CHEMBL523565,O=C(N[C@H]1C[C@@H]1c1ccccc1)N1CCC2(CC1)CC(O)c1ncccc1O2,IC50,8.0,1
MAP2K1,CHEMBL2409,CHEMBL3706856,O=C(CCCCCNC(=O)NC12CC3CC(CC(C3)C1)C2)N[C@@H](Cc1ccccc1)C(=O)N[C@@H](Cc1c[nH]c2ccccc12)C(=O)O,Ki,15.0,1
MAP2K1,CHEMBL2409,CHEMBL1358,C[C@]12CC[C@@H]3c4ccc(O)cc4C[C@@H](CCCCCCCCC[S+]([O-])CCCC(F)(F)C(F)(F)F)[C@H]3[C@@H]1CC[C@@H]2O,Ki,26.0,1
MAP2K1,CHEMBL2409,CHEMBL3263289,O=C(NCCCCCCNC(=O)NCC12CC3CC(CC(C3)C1)C2)NCC12CC3CC(CC(C3)C1)C2,Ki,3.4,1
MAP2K1,CHEMBL2409,CHEMBL3263294,CC(NC(=O)NCCCCNC(=O)NC(C)C12CC3CC(CC(C3)C1)C2)C12CC3CC(CC(C3)C1)C2,Ki,2.7,1
MAP2K1,CHEMBL2409,CHEMBL3263297,CC(NC(=O)NCCCCCCCCNC(=O)NC(C)C12CC3CC(CC(C3)C1)C2)C12CC3CC(CC(C3)C1)C2,Ki,3.1,1
MAP2K1,CHEMBL2409,CHEMBL3263302,O=C(NCCCCCCCCNC(=O)NC1C2CC3CC(C2)CC1C3)NC1C2CC3CC(C2)CC1C3,Ki,2.4,1
MAP2K1,CHEMBL2409,CHEMBL3327087,CCCCS(=O)(=O)N1CCC(NC(=O)Nc2ccc(OC(F)(F)F)cc2)CC1,Ki,0.44,1
MAP2K1,CHEMBL2409,CHEMBL3327086,CCCCS(=O)(=O)N1CCC(NC(=O)Nc2ccc(C(F)(F)F)cc2)CC1,Ki,0.98,1
MAP2K1,CHEMBL2409,CHEMBL3327085,O=C(Nc1ccc(C(F)(F)F)cc1)NC1CCN(S(=O)(=O)CC(F)(F)F)CC1,Ki,1.79,1
MAP2K1,CHEMBL2409,CHEMBL1668939,CC(C)S(=O)(=O)N1CCC(NC(=O)Nc2ccc(C(F)(F)F)cc2)CC1,Ki,1.17,1
MAP2K1,CHEMBL2409,CHEMBL3327084,O=C(Nc1ccc(C(F)(F)F)cc1)NC1CCN(S(=O)(=O)C2CC2)CC1,Ki,1.22,1
MAP2K1,CHEMBL2409,CHEMBL3327083,CCCS(=O)(=O)N1CCC(NC(=O)Nc2ccc(C(F)(F)F)cc2)CC1,Ki,1.47,1
MAP2K1,CHEMBL2409,CHEMBL3327082,CCS(=O)(=O)N1CCC(NC(=O)Nc2ccc(C(F)(F)F)cc2)CC1,Ki,1.74,1
MAP2K1,CHEMBL2409,CHEMBL1668936,CS(=O)(=O)N1CCC(NC(=O)Nc2ccc(C(F)(F)F)cc2)CC1,Ki,7.16,1
MAP2K1,CHEMBL2409,CHEMBL3327081,O=C(Nc1ccc(C(F)(C(F)(F)F)C(F)(F)F)cc1)NC1CCN(C(=O)CC(F)(F)F)CC1,Ki,0.02,1
MAP2K1,CHEMBL2409,CHEMBL3327080,CC[C@H](C)C(=O)N1CCC(CC(=O)Nc2ccc(OC(F)(F)F)cc2)CC1,Ki,11.2,1
MAP2K1,CHEMBL2409,CHEMBL3327079,CC[C@H](C)C(=O)N1CCC(NC(=O)Cc2ccc(OC(F)(F)F)cc2)CC1,Ki,111.0,1
MAP2K1,CHEMBL2409,CHEMBL3327078,CC[C@H](C)C(=O)N1CCC(NC(=O)Nc2ccc(OC(F)(F)F)cc2)CC1,Ki,0.19,1
MAP2K1,CHEMBL2409,CHEMBL1257405,O=C(Nc1ccc(OC(F)(F)F)cc1)NC1CCN(C(=O)C2CC2)CC1,Ki,0.55,1
MAP2K1,CHEMBL2409,CHEMBL3327077,CC(C)C(=O)N1CCC(NC(=O)Nc2ccc(OC(F)(F)F)cc2)CC1,Ki,0.31,1
MAP2K1,CHEMBL2409,CHEMBL1258904,CCC(=O)N1CCC(NC(=O)Nc2ccc(OC(F)(F)F)cc2)CC1,Ki,0.91,1
MAP2K1,CHEMBL2409,CHEMBL3325465,CCC(C)C(=O)N1CCC(NC(=O)N[C@H]2CC[C@H](CC)CC2)CC1,Ki,0.23,1
MAP2K1,CHEMBL2409,CHEMBL3327076,CCC(C)C(=O)N1CCC(NC(=O)NC2CCCCCC2)CC1,Ki,0.99,1
MAP2K1,CHEMBL2409,CHEMBL3327075,CCC(C)C(=O)N1CCC(NC(=O)NC2CCCCC2)CC1,Ki,1.23,1
MAP2K1,CHEMBL2409,CHEMBL3327074,CCC(C)C(=O)N1CCC(NC(=O)Nc2ccc(OC(F)(F)F)cc2)CC1,Ki,0.36,1
MAP2K1,CHEMBL2409,CHEMBL3327073,CCC(C)C(=O)N1CCC(NC(=O)Nc2ccc(C(F)(C(F)(F)F)C(F)(F)F)cc2)CC1,Ki,0.02,1
MAP2K1,CHEMBL2409,CHEMBL3327072,CCC(C)C(=O)N1CCC(NC(=O)Nc2ccc(C(C)(C)C)cc2)CC1,Ki,2.44,1
MAP2K1,CHEMBL2409,CHEMBL3327071,CCC(C)C(=O)N1CCC(NC(=O)Nc2ccc(C(C)C)cc2)CC1,Ki,1.17,1
MAP2K1,CHEMBL2409,CHEMBL3327070,O=C(Nc1ccc(C(F)(F)F)cc1)NC1CCN(C(=O)CCC(F)(F)F)CC1,Ki,1.2,1
MAP2K1,CHEMBL2409,CHEMBL3327069,O=C(Nc1ccc(C(F)(F)F)cc1)NC1CCN(C(=O)CC(F)(F)F)CC1,Ki,0.43,1
MAP2K1,CHEMBL2409,CHEMBL3327068,CC(C)CC(=O)N1CCC(NC(=O)Nc2ccc(C(F)(F)F)cc2)CC1,Ki,0.49,1
MAP2K1,CHEMBL2409,CHEMBL3327067,CC[C@H](C)C(=O)N1CCC(NC(=O)Nc2ccc(C(F)(F)F)cc2)CC1,Ki,0.22,1
MAP2K1,CHEMBL2409,CHEMBL3327066,CCC(C)C(=O)N1CCC(NC(=O)Nc2ccc(C(F)(F)F)cc2)CC1,Ki,0.37,1
MAP2K1,CHEMBL2409,CHEMBL3327065,O=C(Nc1ccc(C(F)(F)F)cc1)NC1CCN(C(=O)C2CC2)CC1,Ki,0.49,1
MAP2K1,CHEMBL2409,CHEMBL3327064,CC(C)C(=O)N1CCC(NC(=O)Nc2ccc(C(F)(F)F)cc2)CC1,Ki,0.66,1
MAP2K1,CHEMBL2409,CHEMBL3327063,CCCC(=O)N1CCC(NC(=O)Nc2ccc(C(F)(F)F)cc2)CC1,Ki,2.23,1
MAP2K1,CHEMBL2409,CHEMBL1258670,CCC(=O)N1CCC(NC(=O)Nc2ccc(C(F)(F)F)cc2)CC1,Ki,2.96,1
MAP2K1,CHEMBL2409,CHEMBL1668932,CC(=O)N1CCC(NC(=O)Nc2ccc(C(F)(F)F)cc2)CC1,Ki,14.6,1
MAP2K1,CHEMBL2409,CHEMBL40275,O=C1c2cccc(O)c2C(=O)c2c(O)cc(CO)cc21,Ki,52200.0,0
MAP2K1,CHEMBL2409,CHEMBL3617997,C[C@@H]1O[C@@H](OCc2cc(O)c3c(c2)[C@H]([C@@H]2OC[C@@H](O)[C@H](O)[C@H]2O)c2cccc(O)c2C3=O)[C@H](O)[C@H](O)[C@H]1O,Ki,800.0,1
MAP2K1,CHEMBL2409,CHEMBL3617999,O=C1c2cc(CO)cc(O)c2C(=O)c2c1ccc([C@]1([C@@H]3O[C@H](CO)[C@@H](O)[C@H](O)[C@H]3O)c3cccc(O)c3C(=O)c3c(O)cc(CO)cc31)c2O,Ki,15500.0,0
MAP2K1,CHEMBL2409,CHEMBL497001,O=C1c2c(O)cccc2C([C@@H]2O[C@H](CO)[C@@H](O)[C@H](O)[C@H]2O)c2cc(CO)cc(O)c21,Ki,57300.0,0
MAP2K1,CHEMBL2409,CHEMBL3617994,O=C1c2c(O)cccc2[C@@H]([C@@H]2O[C@H](CO)[C@@H](O)[C@H](O)[C@H]2O)c2cc(CO)cc(O)c21,Ki,27800.0,0
MAP2K1,CHEMBL2409,CHEMBL3617995,Cc1cc(O)c2c(c1)[C@H]([C@@H]1O[C@H](CO)[C@@H](O)[C@H](O)[C@H]1O)c1cccc(O)c1C2=O,Ki,200.0,1
MAP2K1,CHEMBL2409,CHEMBL3617996,C[C@@H]1O[C@@H](OCc2cc(O)c3c(c2)[C@H]([C@@H]2O[C@H](CO)[C@@H](O)[C@H](O)[C@H]2O)c2cccc(O)c2C3=O)[C@H](O)[C@H](O)[C@H]1O,Ki,2000.0,0
MAP2K1,CHEMBL2409,CHEMBL3617998,C[C@@H]1O[C@@H](OCc2cc(O)c3c(c2)[C@](O)([C@@H]2O[C@H](CO)[C@@H](O)[C@H](O)[C@H]2O)c2cccc(O)c2C3=O)[C@H](O)[C@H](O)[C@H]1O,Ki,10400.0,0
MAP2K1,CHEMBL2409,CHEMBL3634700,COc1cc(O[C@@H]2O[C@H](CO)[C@@H](O)[C@H](O)[C@H]2O)c2c(OC)c(C(C)=O)c(O[C@H]3OC[C@@](O)(CO)[C@@H]3O)cc2c1,Ki,600.0,1
MAP2K1,CHEMBL2409,CHEMBL2397148,O=C(Nc1ccc(OC(F)(F)F)cc1)N[C@H]1CC[C@H](Oc2ccc(C(=O)O)cc2)CC1,Ki,156.0,1
MAP2K1,CHEMBL2409,CHEMBL4216368,O=C(Nc1ccc(OC(F)(F)F)cc1)N[C@H]1CC[C@H](Oc2ccc(O)cc2)CC1,Ki,9.1,1
MAP2K1,CHEMBL2409,CHEMBL4215208,O=C(Nc1ccc(OC(F)(F)F)cc1)N[C@H]1CC[C@H](Oc2ccc(C(=O)OCc3ccccc3)cc2)CC1,Ki,43.0,1
MAP2K1,CHEMBL2409,CHEMBL4445524,O=C(O)CCCc1nc(-c2ccc(Cl)c(Cl)c2)c(-c2ccccc2)o1,Ki,4800.0,0
MAP2K1,CHEMBL2409,CHEMBL4744784,O=C(Nc1ccc(OC(F)(F)F)cc1)NC1CCN(C(=O)C2CCOCC2)CC1,Ki,1.43,1
MAP2K1,CHEMBL2409,CHEMBL4740980,O=C(Nc1ccc(OC(F)(F)F)cc1)NC1CCN(C(=O)c2cc[nH]c2)CC1,Ki,0.64,1
MAP2K1,CHEMBL2409,CHEMBL4752121,O=C(Nc1ccc(OC(F)(F)F)cc1)NC1CCN(C(=O)c2ccoc2)CC1,Ki,0.33,1
MAP2K1,CHEMBL2409,CHEMBL4750425,O=C(Nc1ccc(OC(F)(F)F)cc1)NC1CCN(C(=O)[C@@H]2CCOC2)CC1,Ki,1.41,1
MAP2K1,CHEMBL2409,CHEMBL4756688,O=C(Nc1ccc(OC(F)(F)F)cc1)NC1CCN(C(=O)C2=COCC2)CC1,Ki,0.77,1
MAP2K1,CHEMBL2409,CHEMBL4743354,Cc1occc1C(=O)N1CCC(NC(=O)Nc2ccc(OC(F)(F)F)cc2)CC1,Ki,0.55,1
MAP2K1,CHEMBL2409,CHEMBL4764213,Cc1ccoc1C(=O)N1CCC(NC(=O)Nc2ccc(OC(F)(F)F)cc2)CC1,Ki,0.26,1
MAP2K1,CHEMBL2409,CHEMBL4799231,O=C(Nc1ccc(OC(F)(F)F)cc1)NC1CCN(C(=O)C2CCCOC2)CC1,Ki,1.99,1
MAP2K1,CHEMBL2409,CHEMBL4763353,O=C(Nc1ccc(OC(F)(F)F)cc1)NC1CCN(C(=O)C2CCOC2)CC1,Ki,1.7,1
MAP2K1,CHEMBL2409,CHEMBL4800691,O=C(Nc1ccc(C(F)(F)F)cc1)NC1CCN(C(=O)C2CCOCC2)CC1,Ki,1.73,1
MAP2K1,CHEMBL2409,CHEMBL4760004,O=C(Nc1ccc(C(F)(F)F)cc1)NC1CCN(C(=O)c2ccoc2)CC1,Ki,1.21,1
MAP2K1,CHEMBL2409,CHEMBL4746684,O=C(Nc1ccc(C(F)(F)F)cc1)NC1CCN(C(=O)[C@@H]2CCOC2)CC1,Ki,1.19,1
MAP2K1,CHEMBL2409,CHEMBL4796253,O=C(Nc1ccc(C(F)(F)F)cc1)NC1CCN(C(=O)C2=COCC2)CC1,Ki,1.03,1
MAP2K1,CHEMBL2409,CHEMBL4740401,Cc1occc1C(=O)N1CCC(NC(=O)Nc2ccc(C(F)(F)F)cc2)CC1,Ki,0.51,1
MAP2K1,CHEMBL2409,CHEMBL4781745,Cc1ccoc1C(=O)N1CCC(NC(=O)Nc2ccc(C(F)(F)F)cc2)CC1,Ki,0.22,1
MAP2K1,CHEMBL2409,CHEMBL4791464,O=C(Nc1ccc(C(F)(F)F)cc1)NC1CCN(C(=O)C2CCCOC2)CC1,Ki,2.4,1
MAP2K1,CHEMBL2409,CHEMBL4749079,O=C(Nc1ccc(C(F)(F)F)cc1)NC1CCN(C(=O)c2cc[nH]c2)CC1,Ki,0.5,1
MAP2K1,CHEMBL2409,CHEMBL4780067,O=C(Nc1ccc(C(F)(F)F)cc1)NC1CCN(C(=O)C2CCOC2)CC1,Ki,1.74,1
MAP2K1,CHEMBL2409,CHEMBL4752759,CC[C@H](C)C(=O)N1CCC(NC(=O)Nc2ccc(OC(F)(F)F)c(F)c2)CC1,Ki,0.05,1
MAP2K1,CHEMBL2409,CHEMBL4761917,CC[C@H](C)C(=O)N1CCC(NC(=O)Nc2ccc(C(F)(F)F)cn2)CC1,Ki,45.0,1
MAP2K1,CHEMBL2409,CHEMBL4799241,CC[C@H](C)C(=O)N1CCC(NC(=O)Nc2ccc(OC(F)(F)F)c(Cl)c2)CC1,Ki,3.35,1
MAP2K1,CHEMBL2409,CHEMBL4763640,CC[C@H](C)C(=O)N1CCC(NC(=O)Nc2ccc(OC(F)(F)F)c(Br)c2)CC1,Ki,3.4,1
MAP2K1,CHEMBL2409,CHEMBL4760255,CC[C@H](C)C(=O)N1CCC(NC(=O)Nc2ccc(OC(F)(F)F)c(C(F)(F)F)c2)CC1,Ki,9.91,1
MAP2K1,CHEMBL2409,CHEMBL4747426,CC[C@H](C)C(=O)N1CCC(NC(=O)Nc2ccc(OC(F)(F)F)c(OC(F)(F)F)c2)CC1,Ki,9.07,1
MAP2K1,CHEMBL2409,CHEMBL4743434,CC(C)C(=O)N1CCC(NC(=O)Nc2ccc(OC(F)(F)F)c(F)c2)CC1,Ki,0.31,1
MAP2K1,CHEMBL2409,CHEMBL4749102,CC(C)C(=O)N1CCC(NC(=O)Nc2ccc(C(F)(F)F)c(F)c2)CC1,Ki,0.49,1
MAP2K1,CHEMBL2409,CHEMBL4749869,CCC(=O)N1CCC(NC(=O)Nc2ccc(OC(F)(F)F)c(F)c2)CC1,Ki,0.87,1
MAP2K1,CHEMBL2409,CHEMBL4748112,O=C(Nc1ccc(OC(F)(F)F)c(F)c1)NC1CCN(C(=O)C2CC2)CC1,Ki,0.15,1
MAP2K1,CHEMBL2409,CHEMBL4742765,O=C(Nc1ccc(OC(F)(F)F)c(F)c1)NC1CCN(C(=O)[C@@H]2CCOC2)CC1,Ki,0.7,1
MAP2K1,CHEMBL2409,CHEMBL4782162,O=C(Nc1ccc(OC(F)(F)F)c(F)c1)NC1CCN(C(=O)C2CCCOC2)CC1,Ki,0.78,1
MAP2K1,CHEMBL2409,CHEMBL4776917,O=C(Nc1ccc(OC(F)(F)F)c(F)c1)NC1CCN(C(=O)C2CCOCC2)CC1,Ki,0.75,1
MAP2K1,CHEMBL2409,CHEMBL4795460,CCC(=O)N1CCC(NC(=O)Nc2ccc(C(F)(F)F)c(F)c2)CC1,Ki,2.94,1
MAP2K1,CHEMBL2409,CHEMBL4756077,O=C(Nc1ccc(C(F)(F)F)c(F)c1)NC1CCN(C(=O)C2CC2)CC1,Ki,0.38,1
MAP2K1,CHEMBL2409,CHEMBL4750293,O=C(Nc1ccc(C(F)(F)F)c(F)c1)NC1CCN(C(=O)[C@@H]2CCOC2)CC1,Ki,2.09,1
MAP2K1,CHEMBL2409,CHEMBL4741174,CC[C@H](C)C(=O)N1CCC(NC(=O)Nc2ccc(C(F)(F)F)c(F)c2)CC1,Ki,0.37,1
MAP2K1,CHEMBL2409,CHEMBL4790379,O=C(Nc1ccc(C(F)(F)F)c(F)c1)NC1CCN(C(=O)C2CCCOC2)CC1,Ki,2.66,1
MAP2K1,CHEMBL2409,CHEMBL4777697,O=C(Nc1ccc(C(F)(F)F)c(F)c1)NC1CCN(C(=O)C2CCOCC2)CC1,Ki,3.83,1
MAP2K1,CHEMBL2409,CHEMBL4797107,CC(C)C(=O)N1CCC(CC(=O)Nc2ccc(OC(F)(F)F)c(F)c2)CC1,Ki,4.72,1
MAP2K1,CHEMBL2409,CHEMBL4781646,O=C(CC1CCN(C(=O)C2CC2)CC1)Nc1ccc(OC(F)(F)F)c(F)c1,Ki,6.6,1
MAP2K1,CHEMBL2409,CHEMBL4763290,CC[C@H](C)C(=O)N1CCC(CC(=O)Nc2ccc(OC(F)(F)F)c(F)c2)CC1,Ki,3.14,1
MAP2K1,CHEMBL2409,CHEMBL4752831,O=C(Nc1ccc(C(F)(F)F)c(F)c1)NC1CCN(C(=O)C2(C(F)(F)F)CC2)CC1,Ki,0.08,1
MAP2K1,CHEMBL2409,CHEMBL4756603,O=C(Nc1ccc(OC(F)(F)F)c(F)c1)NC1CCN(C(=O)C2(C(F)(F)F)CC2)CC1,Ki,0.05,1
MAP2K1,CHEMBL2409,CHEMBL4789214,CCOC(=O)N1CCC(NC(=O)Nc2ccc(OC(F)(F)F)c(F)c2)CC1,Ki,0.05,1
MAP2K1,CHEMBL2409,CHEMBL4780369,CCOC(=O)N1CCC(NC(=O)Nc2ccc(C(F)(F)F)c(F)c2)CC1,Ki,0.38,1
MAP2K1,CHEMBL2409,CHEMBL4764831,O=C(Nc1ccc(OC(F)(F)F)c(F)c1)NC1CCN(C(=O)N2CCOCC2)CC1,Ki,0.7,1
MAP2K1,CHEMBL2409,CHEMBL4745610,O=C(Cc1ccccc1)Nc1nc2ccc(N(CCN3CCOCC3)C(=O)Nc3ccc(Cl)cc3)cc2s1,Ki,4.77,1
MAP2K1,CHEMBL2409,CHEMBL234316,COc1cc(-c2oc3cc(O)cc(O)c3c(=O)c2O[C@@H]2O[C@H](CO)[C@@H](O)[C@H](O)[C@H]2O)ccc1O,Ki,29700.0,0
MAP2K1,CHEMBL2409,CHEMBL4761282,COc1cc(O)c2c(=O)cc(-c3ccc(O[C@@H]4O[C@H](CO)[C@@H](O)[C@H](O)[C@H]4O)c(OC)c3)oc2c1,Ki,37100.0,0
MAP2K1,CHEMBL2409,CHEMBL4747916,O=C(Oc1cc(O)c2c(c1)O[C@H](c1cc(O)c(O)c(O)c1)CC2)c1cc(O)c(O)c(O)c1,Ki,45500.0,0
MAP2K1,CHEMBL2409,CHEMBL2332114,COc1cc(O)c2c(=O)c(OC)c(-c3ccc(O[C@@H]4O[C@H](CO)[C@@H](O)[C@H](O)[C@H]4O[C@@H]4OC[C@](O)(CO)[C@H]4O)c(OC)c3)oc2c1,Ki,18200.0,0
MAP2K1,CHEMBL2409,CHEMBL82242,C[C@@H]1O[C@@H](Oc2c(-c3ccc(O)c(O)c3)oc3cc(O)cc(O)c3c2=O)[C@H](O)[C@H](O)[C@H]1O,Ki,39600.0,0
MAP2K1,CHEMBL2409,CHEMBL1935379,O=C(Oc1c(-c2ccc(O)c(O)c2)oc2cc(O)cc(O)c2c1=O)c1cc(O)c(O)c(O)c1,Ki,21500.0,0
MAP2K1,CHEMBL2409,CHEMBL4798780,COc1cc(O)c2c(=O)c(O[C@@H]3O[C@H](CO)[C@@H](O)[C@H](O)[C@H]3O)c(-c3ccc(O[C@@H]4O[C@H](CO)[C@@H](O)[C@H](O)[C@H]4O)c(OC)c3)oc2c1,Ki,24600.0,0
MAP2K1,CHEMBL2409,CHEMBL3818875,CNc1nc(C)nc(N[C@H]2CCC[C@@H](C(=O)NCc3ccc(C#N)cc3C(F)(F)F)C2)n1,Ki,24.0,1
MAP2K1,CHEMBL2409,CHEMBL5177249,O=C(NCc1ccc(NS(=O)(=O)C2CC2)cc1C(F)(F)F)c1ccc2[nH]ccc2c1,Ki,583.0,1
MAP2K1,CHEMBL2409,CHEMBL5172496,O=C(O)CCCCCCCCCCNC(=O)NC12CC3CC(CC(C3)C1)C2,Ki,16.0,1
MAP2K1,CHEMBL2409,CHEMBL3661355,CCCCCCCCCCCCNC(=O)NC1CCCCC1,Ki,7.0,1
MAP2K1,CHEMBL2409,CHEMBL5800912,O=C(O)CC1(CC(=O)N2CCC(NC(=O)Nc3ccc(C(F)(F)F)cc3)CC2)CCCCC1,Ki,10.2,1
MAP2K1,CHEMBL2409,CHEMBL5891245,O=C(Nc1ccc(C(F)(F)F)cc1)NC1CCN(C(=O)C2(C(F)(F)F)CC2)CC1,Ki,0.05,1
MAP2K1,CHEMBL2409,CHEMBL6058140,O=C(Nc1ccc(C(F)(F)F)c(F)c1)NC1CCN(C(=O)C2CCOC2)CC1,Ki,2.09,1
MAP2K1,CHEMBL2409,CHEMBL5879085,O=C(Nc1ccc(OC(F)(F)F)c(F)c1)Nc1ccc(OC(F)(F)F)c(F)c1,Ki,1.95,1
MAP2K1,CHEMBL2409,CHEMBL5971281,O=C(Nc1ccc(OC(F)(F)F)c(F)c1)NC1CCN(C(=O)N2CCC(NC(=O)Nc3ccc(OC(F)(F)F)c(F)c3)CC2)CC1,Ki,10.1,1
MAP2K1,CHEMBL2409,CHEMBL5852064,CC[C@H](C)C(=O)N1CCC(NC(=O)Nc2ccc(C(F)(F)F)nc2)CC1,Ki,45.0,1
MAP2K1,CHEMBL2409,CHEMBL6038062,CCC(C)C(=O)N1CCC(NC(=O)Nc2ccc(OC(F)(F)F)c(F)c2)CC1,Ki,0.06,1
MAP2K1,CHEMBL2409,CHEMBL5746598,O=C(Nc1ccc(OC(F)(F)F)cc1)NC1CCN(C(=O)C2(C(F)(F)F)CC2)CC1,Ki,0.05,1
MAP2K1,CHEMBL2409,CHEMBL5192349,COc1ccc(CNC(=O)[C@@H]2CCC[C@H](Nc3ccc([N+](=O)[O-])c4nonc34)C2)c(C(F)(F)F)c1,Kd,6.0,1
VEGFR2,CHEMBL279,CHEMBL68920,Cc1cc(C)c(/C=C2\C(=O)Nc3ncnc(Nc4ccc(F)c(Cl)c4)c32)[nH]1,IC50,16500.0,0
VEGFR2,CHEMBL279,CHEMBL69638,Nc1ncnc2c1c(-c1cccc(Oc3ccccc3)c1)cn2C1CCCC1,IC50,7100.0,0
VEGFR2,CHEMBL279,CHEMBL419526,c1ccc(-c2cnc(Nc3ccccn3)o2)cc1,IC50,1880.0,0
VEGFR2,CHEMBL279,CHEMBL443268,Cc1cc(C(=O)NCCN2CCOCC2)[nH]c1/C=C1\C(=O)N(C)c2ncnc(Nc3ccc(F)c(Cl)c3)c21,IC50,10100.0,0
VEGFR2,CHEMBL279,CHEMBL330621,Cc1ccc(Nc2ncc(-c3ccccc3)s2)nc1,IC50,19.0,1
VEGFR2,CHEMBL279,CHEMBL304271,CCN(CC)CC(O)CNC(=O)c1cc(C)c(/C=C2\C(=O)Nc3ncnc(Nc4ccc(F)c(Cl)c4)c32)[nH]1,IC50,360.0,1
VEGFR2,CHEMBL279,CHEMBL98896,c1ccc(-c2cnc(Nc3cnccn3)s2)cc1,IC50,23.0,1
VEGFR2,CHEMBL279,CHEMBL98653,c1ccc(-c2cnc(Nc3cccnc3)s2)cc1,IC50,240.0,1
VEGFR2,CHEMBL279,CHEMBL319065,Cc1ccnc(Nc2ncc(-c3ccccc3)s2)c1,IC50,6.0,1
VEGFR2,CHEMBL279,CHEMBL328644,c1ccc(Nc2ncc(-c3ccccc3)s2)cc1,IC50,124.0,1
VEGFR2,CHEMBL279,CHEMBL98385,Cc1cccc(Nc2ncc(-c3ccccc3)s2)n1,IC50,10.0,1
VEGFR2,CHEMBL279,CHEMBL419082,Nc1ncnc2c1c(-c1ccc(Oc3ccccc3)cc1)cn2C1CCCC1O,IC50,1000.0,0
VEGFR2,CHEMBL279,CHEMBL318728,c1ccc(Nc2ncc(-c3ccccc3)o2)cc1,IC50,134.0,1
VEGFR2,CHEMBL279,CHEMBL304760,c1ccc(Oc2ccc(Nc3ncnc4ccccc34)cc2)cc1,IC50,2720.0,0
VEGFR2,CHEMBL279,CHEMBL307982,CC(C)n1cc(-c2ccc(Oc3ccccc3)cc2)c2c(N)ncnc21,IC50,430.0,1
VEGFR2,CHEMBL279,CHEMBL98633,O=C(Nc1ncc(-c2ccccc2)s1)c1ccccc1,IC50,81.0,1
VEGFR2,CHEMBL279,CHEMBL431073,c1ccc(-c2cnc(Nc3ccncn3)s2)cc1,IC50,36.0,1
VEGFR2,CHEMBL279,CHEMBL98995,COc1cccnc1Nc1ncc(-c2ccccc2)s1,IC50,46.0,1
VEGFR2,CHEMBL279,CHEMBL98996,COc1ccnc(Nc2ncc(-c3ccccc3)s2)c1,IC50,11.0,1
VEGFR2,CHEMBL279,CHEMBL329713,Cc1cccnc1Nc1ncc(-c2ccccc2)s1,IC50,13.0,1
VEGFR2,CHEMBL279,CHEMBL67057,Cc1cc(C(=O)N2CCOCC2)[nH]c1/C=C1\C(=O)Nc2ncnc(Nc3ccc4c(ccn4Cc4ccccc4)c3)c21,IC50,2050.0,0
VEGFR2,CHEMBL279,CHEMBL100174,CCCCN(C)c1ccc(/N=N/c2ncc([N+](=O)[O-])s2)c(C)c1,IC50,151.0,1
VEGFR2,CHEMBL279,CHEMBL432903,CCN(CC)CCNC(=O)c1c(C)[nH]c(/C=C2\C(=O)Nc3ncnc(Nc4ccc(F)c(Cl)c4)c32)c1C,IC50,3470.0,0
VEGFR2,CHEMBL279,CHEMBL65848,Cc1cc(C(=O)N2CCOCC2)[nH]c1/C=C1\C(=O)Nc2ncnc(Nc3ccc4c(c3)CCC4)c21,IC50,3460.0,0
VEGFR2,CHEMBL279,CHEMBL69129,Nc1ncnc2c1c(-c1ccc(Oc3ccccc3)cc1)cn2C1CCC(O)C1,IC50,85.0,1
VEGFR2,CHEMBL279,CHEMBL98538,c1ccc(-c2cnc(Nc3ccccn3)s2)cc1,IC50,7.0,1
VEGFR2,CHEMBL279,CHEMBL97888,c1ccc(-c2cnc(Nc3ccncc3)s2)cc1,IC50,259.0,1
VEGFR2,CHEMBL279,CHEMBL99832,COc1cccc(Nc2ncc(-c3ccccc3)s2)n1,IC50,3.0,1
VEGFR2,CHEMBL279,CHEMBL69827,Nc1ncnc2c1c(-c1ccc(Oc3ccccc3)cc1)cn2C1CC(O)C(O)C1,IC50,270.0,1
VEGFR2,CHEMBL279,CHEMBL306380,Cc1ccc(-c2nn(C(C)(C)C)c3ncnc(N)c23)cc1,IC50,1600.0,0
VEGFR2,CHEMBL279,CHEMBL101464,Brc1cccc(Nc2ncc(-c3ccccc3)s2)n1,IC50,14.0,1
VEGFR2,CHEMBL279,CHEMBL100775,Cc1cnc(Nc2ccccn2)s1,IC50,1274.0,0
VEGFR2,CHEMBL279,CHEMBL305194,Cc1cc(C(=O)O)[nH]c1/C=C1\C(=O)Nc2ncnc(Nc3ccc(F)c(Cl)c3)c21,IC50,8920.0,0
VEGFR2,CHEMBL279,CHEMBL319789,Clc1ccc(Nc2ncc(-c3ccccc3)s2)nc1,IC50,35.0,1
VEGFR2,CHEMBL279,CHEMBL97889,Brc1cnc(Nc2ccccn2)s1,IC50,71.0,1
VEGFR2,CHEMBL279,CHEMBL98475,c1ccc(-c2cnc(Nc3ccc(CN4CCCC4)cn3)s2)cc1,IC50,6.0,1
VEGFR2,CHEMBL279,CHEMBL420087,Clc1cnc(Nc2ccccn2)s1,IC50,194.0,1
VEGFR2,CHEMBL279,CHEMBL67003,Cc1cc(C(=O)N2CCOCC2)[nH]c1/C=C1\C(=O)Nc2ncnc(Nc3ccc4c(cnn4Cc4ccccc4)c3)c21,IC50,2100.0,0
VEGFR2,CHEMBL279,CHEMBL306012,CC(C)(C)n1cc(-c2ccc(Cl)cc2)c2c(N)ncnc21,IC50,2680.0,0
VEGFR2,CHEMBL279,CHEMBL47940,Nc1ncnc2c1c(-c1ccc(Oc3ccccc3)cc1)cn2C1CCCC1,IC50,1570.0,0
VEGFR2,CHEMBL279,CHEMBL69358,CCN(CC)CCNC(=O)c1cc(C)c(/C=C2\C(=O)Nc3ncnc(Nc4ccc(F)c(Cl)c4)c32)[nH]1,IC50,300.0,1
VEGFR2,CHEMBL279,CHEMBL69071,Cc1cc(C(=O)N2CC(C)NC(C)C2)[nH]c1/C=C1\C(=O)Nc2ncnc(Nc3ccc(F)c(Cl)c3)c21,IC50,1630.0,0
VEGFR2,CHEMBL279,CHEMBL302281,CC(C)(C)n1cc(-c2ccc(Oc3ccccc3)cc2)c2c(N)ncnc21,IC50,2290.0,0
VEGFR2,CHEMBL279,CHEMBL101544,N#Cc1cnc(Nc2ccccn2)s1,IC50,36.0,1
VEGFR2,CHEMBL279,CHEMBL69709,Cc1cc(C)c(/C=C2\C(=O)N(C)c3ncnc(Nc4ccc(F)c(Cl)c4)c32)[nH]1,IC50,5820.0,0
VEGFR2,CHEMBL279,CHEMBL264382,Cc1cc(C(=O)NCCN2CCOCC2)[nH]c1/C=C1\C(=O)Nc2ncnc(Nc3ccc4c(ccn4Cc4ccccc4)c3)c21,IC50,3470.0,0
VEGFR2,CHEMBL279,CHEMBL308672,CCN(CC)CCNC(=O)c1cc(C)c(/C=C2\C(=O)Nc3ncnc(Nc4ccc(Cl)cc4F)c32)[nH]1,IC50,40.0,1
VEGFR2,CHEMBL279,CHEMBL101924,c1ccc(-c2cnc(Nc3ncccn3)s2)cc1,IC50,137.0,1
VEGFR2,CHEMBL279,CHEMBL432941,COc1cccc(-c2ccc3c(c2)NC(=O)/C3=C\c2[nH]c3c(c2CCC(=O)O)CCCC3)c1,IC50,70.0,1
VEGFR2,CHEMBL279,CHEMBL420609,COc1ccc2c(c1)NC(=O)/C2=C\c1[nH]c2c(c1CCC(=O)O)CCCC2,IC50,380.0,1
VEGFR2,CHEMBL279,CHEMBL88462,COc1ccccc1-c1ccc2c(c1)NC(=O)/C2=C\c1cc2c([nH]1)CCCC2,IC50,20000.0,0
VEGFR2,CHEMBL279,CHEMBL431996,O=C(O)CCc1c(/C=C2\C(=O)Nc3ccc(C(=O)O)cc32)[nH]c2c1CCCC2,IC50,4.0,1
VEGFR2,CHEMBL279,CHEMBL91250,COc1ccc2c(c1)NC(=O)/C2=C\c1cc2c([nH]1)CCCC2,IC50,12100.0,0
VEGFR2,CHEMBL279,CHEMBL88771,O=C(O)CCc1c(/C=C2\C(=O)Nc3cc(-c4ccccc4)ccc32)[nH]c2c1CCCC2,IC50,50.0,1
VEGFR2,CHEMBL279,CHEMBL91815,COc1ccc(-c2ccc3c(c2)NC(=O)/C3=C\c2[nH]c3c(c2CCC(=O)O)CCCC3)cc1,IC50,30.0,1
VEGFR2,CHEMBL279,CHEMBL328029,O=C1Nc2ccccc2/C1=C/c1cc2c([nH]1)CCCC2,IC50,480.0,1
VEGFR2,CHEMBL279,CHEMBL314995,O=C(O)CCc1c(/C=C2\C(=O)Nc3ccc(Br)cc32)[nH]c2c1CCCC2,IC50,30.0,1
VEGFR2,CHEMBL279,CHEMBL88483,NS(=O)(=O)c1ccc2c(c1)/C(=C/c1cc3c([nH]1)CCCC3)C(=O)N2,IC50,30.0,1
VEGFR2,CHEMBL279,CHEMBL89363,Cc1c[nH]c(/C=C2\C(=O)Nc3ccccc32)c1CCC(=O)O,IC50,20.0,1
VEGFR2,CHEMBL279,CHEMBL276711,Cc1cc(C)c(/C=C2\C(=O)Nc3ccccc32)[nH]1,IC50,700.0,1
VEGFR2,CHEMBL279,CHEMBL89010,O=C1Nc2ccc(C(=O)O)cc2/C1=C/c1cc2c([nH]1)CCCC2,IC50,20.0,1
VEGFR2,CHEMBL279,CHEMBL86531,NS(=O)(=O)c1ccc2c(c1)/C(=C/c1[nH]c3c(c1CCC(=O)O)CCCC3)C(=O)N2,IC50,600.0,1
VEGFR2,CHEMBL279,CHEMBL315753,O=C(O)CCc1c(/C=C2\C(=O)Nc3ccccc32)[nH]c2c1CCCC2,IC50,90.0,1
VEGFR2,CHEMBL279,CHEMBL88606,O=C1Nc2ccc(Br)cc2/C1=C/c1cc2c([nH]1)CCCC2,IC50,70.0,1
VEGFR2,CHEMBL279,CHEMBL313821,COc1ccccc1-c1ccc2c(c1)NC(=O)/C2=C\c1[nH]c2c(c1CCC(=O)O)CCCC2,IC50,60.0,1
VEGFR2,CHEMBL279,CHEMBL329201,Fc1ccc(-c2cnn3cc(-c4ccncc4)cnc23)cc1,IC50,63.0,1
VEGFR2,CHEMBL279,CHEMBL221736,O=c1[nH]c2ccccc2cc1-c1cc2ccccc2[nH]1,IC50,8.0,1
VEGFR2,CHEMBL279,CHEMBL92973,Cc1ccc(-c2cnc3c(-c4ccncc4)cnn3c2)cc1,IC50,62.0,1
VEGFR2,CHEMBL279,CHEMBL92516,c1cc(-c2cnc3c(-c4ccsc4)cnn3c2)ccn1,IC50,24.0,1
VEGFR2,CHEMBL279,CHEMBL324489,CN1CCN(C(=O)c2ccc3[nH]c(-c4cc5ccccc5nc4O)cc3c2)CC1,IC50,5.0,1
VEGFR2,CHEMBL279,CHEMBL96150,Fc1ccc(-c2cnn3cc(-c4ccncc4)cnc23)cc1Cl,IC50,265.0,1
VEGFR2,CHEMBL279,CHEMBL92623,c1ccc(-c2cnn3cc(-c4ccncc4)cnc23)cc1,IC50,71.0,1
VEGFR2,CHEMBL279,CHEMBL329350,COc1ccc(-c2cnc3c(-c4ccncc4)cnn3c2)cc1,IC50,37.0,1
VEGFR2,CHEMBL279,CHEMBL329142,Clc1cccc(-c2cnn3cc(-c4ccncc4)cnc23)c1,IC50,350.0,1
VEGFR2,CHEMBL279,CHEMBL330042,c1cc(-c2cnn3cc(C4CCCCC4)cnc23)cs1,IC50,280.0,1
VEGFR2,CHEMBL279,CHEMBL420528,O=S(=O)(NC1CCNC1)c1ccc2[nH]c(-c3cc4ccccc4nc3O)cc2c1,IC50,14.0,1
VEGFR2,CHEMBL279,CHEMBL96569,C1=C(c2cnn3cc(-c4ccncc4)cnc23)CCCC1,IC50,41.0,1
VEGFR2,CHEMBL279,CHEMBL118748,O=C(O)C1CCN(CCCOc2ccc3[nH]c(-c4cc5ccccc5nc4O)cc3c2)CC1,IC50,8.0,1
VEGFR2,CHEMBL279,CHEMBL117052,NC1CCN(C(=O)c2ccc3[nH]c(-c4cc5ccccc5nc4O)cc3c2)C1,IC50,5.0,1
VEGFR2,CHEMBL279,CHEMBL327029,O=c1ccc2ccccc2cc1-c1nc2ccccc2[nH]1,IC50,355.0,1
VEGFR2,CHEMBL279,CHEMBL119552,O=C(c1ccc2[nH]c(-c3cc4ccccc4nc3O)cc2c1)N1CCNCC1,IC50,5.0,1
VEGFR2,CHEMBL279,CHEMBL118832,O=S(=O)(c1ccc2[nH]c(-c3cc4ccccc4nc3O)cc2c1)N1CCNCC1,IC50,11.0,1
VEGFR2,CHEMBL279,CHEMBL317566,COc1cccc(-c2cnn3cc(-c4ccncc4)cnc23)c1,IC50,510.0,1
VEGFR2,CHEMBL279,CHEMBL329457,COc1ccc(-c2cnc3c(-c4cccnc4)cnn3c2)cc1,IC50,41.0,1
VEGFR2,CHEMBL279,CHEMBL323838,NC1CCN(S(=O)(=O)c2ccc3[nH]c(-c4cc5ccccc5nc4O)cc3c2)C1,IC50,16.0,1
VEGFR2,CHEMBL279,CHEMBL333297,Oc1nc2ccccc2cc1-c1cc2cc(OCCN3CCCCC3)ccc2[nH]1,IC50,4.0,1
VEGFR2,CHEMBL279,CHEMBL118569,COCCN(C)CCOc1ccc2[nH]c(-c3cc4ccccc4nc3O)cc2c1,IC50,7.0,1
VEGFR2,CHEMBL279,CHEMBL92238,c1ccc(-c2cnn3cc(-c4ccccn4)cnc23)cc1,IC50,88.0,1
VEGFR2,CHEMBL279,CHEMBL94542,C1=C(c2cnn3cc(-c4ccncc4)cnc23)CCC1,IC50,28.0,1
VEGFR2,CHEMBL279,CHEMBL118440,O=c1[nH]c2ccccc2cc1-c1nc2ccccc2[nH]1,IC50,45.0,1
VEGFR2,CHEMBL279,CHEMBL83656,COc1ccc(-c2cnc3c(-c4ccccc4)cnn3c2)cc1,IC50,71.0,1
VEGFR2,CHEMBL279,CHEMBL325003,O=C(NC1CCNC1)c1ccc2[nH]c(-c3cc4ccccc4nc3O)cc2c1,IC50,6.0,1
VEGFR2,CHEMBL279,CHEMBL328790,Clc1ccc(-c2cnc3c(-c4ccncc4)cnn3c2)cc1,IC50,113.0,1
VEGFR2,CHEMBL279,CHEMBL119276,CC(=O)N1CCN(CCOc2ccc3[nH]c(-c4cc5ccccc5nc4O)cc3c2)CC1,IC50,4.0,1
VEGFR2,CHEMBL279,CHEMBL92279,c1cc(-c2cnc3c(-c4ccncc4)cnn3c2)ccn1,IC50,224.0,1
VEGFR2,CHEMBL279,CHEMBL92564,COc1ccc(-c2cnc3c(-c4ccccn4)cnn3c2)cc1,IC50,1000.0,0
VEGFR2,CHEMBL279,CHEMBL117983,CN1CCN(S(=O)(=O)c2ccc3[nH]c(-c4cc5ccccc5nc4O)cc3c2)CC1,IC50,10.0,1
VEGFR2,CHEMBL279,CHEMBL92461,COc1ccc(-c2cnc3c(-c4ccsc4)cnn3c2)cc1,IC50,19.0,1
VEGFR2,CHEMBL279,CHEMBL432548,O=c1cc(-c2ccc3c(c2)ncn3-c2ccccc2)ccn1CCN1CCCCC1,IC50,88.0,1
VEGFR2,CHEMBL279,CHEMBL84332,O=c1ccc(-c2ccc3c(c2)ncn3-c2ccccc2)cn1CCCN1CCCCC1,IC50,37.0,1
VEGFR2,CHEMBL279,CHEMBL83171,c1ccc(-n2cnc3cc(-c4ccc(NCCN5CCOCC5)nc4)ccc32)cc1,IC50,52.0,1
VEGFR2,CHEMBL279,CHEMBL316384,c1ccc(-n2cnc3cc(-c4ccc(OCCN5CCCCC5)cc4)cnc32)cc1,IC50,37.0,1
VEGFR2,CHEMBL279,CHEMBL81026,COc1ccc(-c2ccc3c(c2)ncn3-c2ccccc2)cc1,IC50,113.0,1
VEGFR2,CHEMBL279,CHEMBL82433,O=c1cc(-c2ccc3c(c2)ncn3-c2ccccc2)ccn1CCCN1CCCCC1,IC50,25.0,1
VEGFR2,CHEMBL279,CHEMBL83279,c1ccc(-n2cnc3cc(-c4ccc(OCCN5CCCCC5)cc4)ccc32)cc1,IC50,14.0,1
VEGFR2,CHEMBL279,CHEMBL79475,O=c1ccc(-c2ccc3c(c2)ncn3-c2ccccc2)cn1CCN1CCCCC1,IC50,270.0,1
VEGFR2,CHEMBL279,CHEMBL430812,O=c1nc(-c2ccc3c(c2)ncn3-c2ccccc2)ccn1CCCN1CCCCC1,IC50,96.0,1
VEGFR2,CHEMBL279,CHEMBL82069,c1ccc(-n2cnc3cc(-c4ccc(OCCN5CCCCC5)nc4)ccc32)cc1,IC50,23.0,1
VEGFR2,CHEMBL279,CHEMBL44577,CN1CCN([C@H]2CC[C@H](n3nc(-c4ccc(Oc5ccccc5)cc4)c4c(N)ncnc43)CC2)CC1,IC50,5320.0,0
VEGFR2,CHEMBL279,CHEMBL47787,COc1cc(-c2nn([C@H]3CC[C@H](N4CCN(C)CC4)CC3)c3ncnc(N)c23)ccc1NC(=O)OCc1ccccc1,IC50,34200.0,0
VEGFR2,CHEMBL279,CHEMBL45683,CN1CCN([C@H]2CC[C@H](n3nc(-c4ccc(NCc5cc6ccccc6[nH]5)cc4)c4c(N)ncnc43)CC2)CC1,IC50,435.0,1
VEGFR2,CHEMBL279,CHEMBL46785,CN1CCN([C@H]2CC[C@H](n3nc(-c4ccc(Nc5ccccc5)cc4)c4c(N)ncnc43)CC2)CC1,IC50,3810.0,0
VEGFR2,CHEMBL279,CHEMBL45177,CN1CCN([C@H]2CC[C@H](n3cc(-c4ccc(Oc5ccccc5)cc4)c4c(N)ncnc43)CC2)CC1,IC50,1190.0,0
VEGFR2,CHEMBL279,CHEMBL295528,COc1cc(-c2nn([C@H]3CC[C@H](N4CCN(C)CC4)CC3)c3ncnc(N)c23)ccc1NC(=O)CC(C)(C)c1ccccc1,IC50,34600.0,0
VEGFR2,CHEMBL279,CHEMBL45651,COc1cc(-c2nn([C@H]3CC[C@H](N4CCN(C)CC4)CC3)c3ncnc(N)c23)ccc1NC(=O)Nc1ccccc1,IC50,263.0,1
VEGFR2,CHEMBL279,CHEMBL2448064,COc1cc2c(Nc3ccc(Cl)cc3F)ncnc2cc1OCC1CCNCC1.Cl,IC50,50.0,1
VEGFR2,CHEMBL279,CHEMBL25579,COc1cc2c(Nc3ccc(Cl)cc3F)ncnc2cc1OCCN(C)c1ccncc1,IC50,6.0,1
VEGFR2,CHEMBL279,CHEMBL24026,COc1cc2c(Nc3ccc(C#N)cc3F)ncnc2cc1OC/C=C/CN1CCCC1,IC50,230.0,1
VEGFR2,CHEMBL279,CHEMBL26050,COc1cc2c(Nc3ccc(Cl)cc3F)ncnc2cc1OC1CCN(C)CC1,IC50,1500.0,0
VEGFR2,CHEMBL279,CHEMBL428534,COc1cc2c(Nc3ccc(C)cc3F)ncnc2cc1OCC1CCNCC1,IC50,30.0,1
VEGFR2,CHEMBL279,CHEMBL281872,COc1cc2c(Nc3ccc(Br)cc3F)ncnc2cc1OCCn1ccnn1,IC50,30.0,1
VEGFR2,CHEMBL279,CHEMBL281990,COc1cc2c(Nc3ccc(C)cc3F)ncnc2cc1OCC1CCN(C)CC1,IC50,25.0,1
VEGFR2,CHEMBL279,CHEMBL422758,COc1cc2c(Nc3c(F)cc(Cl)cc3F)ncnc2cc1OCC1CCN(C)CC1,IC50,25.0,1
VEGFR2,CHEMBL279,CHEMBL25450,COc1cc2c(Nc3c(F)cc(Cl)cc3F)ncnc2cc1OCC1CCNCC1,IC50,40.0,1
VEGFR2,CHEMBL279,CHEMBL1907763,COc1cc2c(Nc3ccc(Cl)cc3F)ncnc2cc1OC[C@@H]1CCCN(C)C1,IC50,5.0,1
VEGFR2,CHEMBL279,CHEMBL24137,COc1cc2c(Nc3ccc(Cl)cc3F)ncnc2cc1OCCCN1CCOCC1,IC50,9.0,1
VEGFR2,CHEMBL279,CHEMBL24828,COc1cc2/c(=N/c3ccc(Br)cc3F)nc[nH]c2cc1OCC1CCN(C)CC1,IC50,70.0,1
VEGFR2,CHEMBL279,CHEMBL1744349,COc1cc2c(Nc3ccc(Cl)cc3F)ncnc2cc1OC/C=C/CN1CCCC1.Cl,IC50,40.0,1
VEGFR2,CHEMBL279,CHEMBL24979,COc1cc2c(Nc3ccc(Br)cc3F)ncnc2cc1OCCC1CCN(C)CC1,IC50,6.0,1
VEGFR2,CHEMBL279,CHEMBL2448065,COc1cc2c(Nc3ccc(Cl)cc3F)ncnc2cc1OCC1CCN(C)CC1.Cl,IC50,15.0,1
VEGFR2,CHEMBL279,CHEMBL1907764,COc1cc2c(Nc3ccc(Br)cc3F)ncnc2cc1OC[C@@H]1CCCN(C)C1,IC50,1.0,1
VEGFR2,CHEMBL279,CHEMBL283088,COc1cc2c(Nc3ccc(Cl)cc3F)ncnc2cc1OCCN1CCN(C)CC1,IC50,30.0,1
VEGFR2,CHEMBL279,CHEMBL2448067,COc1cc2c(Nc3ccc(Cl)cc3F)ncnc2cc1OCCCN1CCCC1.Cl,IC50,30.0,1
VEGFR2,CHEMBL279,CHEMBL1202477,COc1cc2c(Nc3ccc(Br)cc3F)ncnc2cc1OCCCN1CCN(C)CC1.Cl,IC50,9.0,1
VEGFR2,CHEMBL279,CHEMBL416191,COc1cc2c(Nc3c(F)cc(Br)cc3F)ncnc2cc1OCC1CCN(C)CC1,IC50,10.0,1
VEGFR2,CHEMBL279,CHEMBL533849,COc1cc2c(Nc3ccc(Br)cc3F)ncnc2cc1OCC1CCN(C)CC1.Cl,IC50,40.0,1
VEGFR2,CHEMBL279,CHEMBL1907944,COc1cc2c(Nc3ccc(Br)cc3F)ncnc2cc1OC[C@H]1CCCN(C)C1,IC50,10.0,1
VEGFR2,CHEMBL279,CHEMBL1744347,COc1cc2c(Nc3ccc(Cl)cc3F)ncnc2cc1OCCCN1CCN(C)CC1.Cl,IC50,20.0,1
VEGFR2,CHEMBL279,CHEMBL25610,COc1cc2c(Nc3ccc(Cl)cc3F)ncnc2cc1OCCN1CCOCC1,IC50,40.0,1
VEGFR2,CHEMBL279,CHEMBL26641,COc1cc2c(Nc3ccc(Br)cc3F)ncnc2cc1OCCC1CCNCC1,IC50,40.0,1
VEGFR2,CHEMBL279,CHEMBL279459,COc1cc2c(Nc3c(F)cc(Br)cc3F)ncnc2cc1OCC1CCNCC1,IC50,15.0,1
VEGFR2,CHEMBL279,CHEMBL1202473,COc1cc2c(Nc3cc(O)c(C)cc3F)ncnc2cc1OCC1CCN(C)CC1.Cl,IC50,7.0,1
VEGFR2,CHEMBL279,CHEMBL25425,COc1cc2c(Nc3ccc(Cl)cc3F)ncnc2cc1OCCC1CCN(C)CC1,IC50,55.0,1
VEGFR2,CHEMBL279,CHEMBL286160,COCCOc1cc2ncnc(Nc3ccc(Cl)cc3F)c2cc1OC,IC50,7.0,1
VEGFR2,CHEMBL279,CHEMBL2448066,COc1cc2c(Nc3cc(O)c(Cl)cc3F)ncnc2cc1OCC1CCN(C)CC1.Cl,IC50,8.0,1
VEGFR2,CHEMBL279,CHEMBL1202478,COc1cc2c(Nc3ccc(Br)cc3F)ncnc2cc1OC/C=C/CN1CCCC1.Cl,IC50,8.0,1
VEGFR2,CHEMBL279,CHEMBL67598,NC(=O)c1c(-c2ccc(Oc3ccccc3)cc2)c2c(N)ncnc2n1C1CCCC1,IC50,9110.0,0
VEGFR2,CHEMBL279,CHEMBL67268,Nc1ncnc2c1c(-c1ccc(Oc3ccccc3O)cc1)cn2C1CCCC1,IC50,90.0,1
VEGFR2,CHEMBL279,CHEMBL70034,CC(C)n1cc(-c2ccc(Oc3ccc(CO)cc3)cc2)c2c(N)ncnc21,IC50,29.0,1
VEGFR2,CHEMBL279,CHEMBL69068,CC(C)(C)n1cc(-c2ccc(Oc3ccc(N)cc3)cc2)c2c(N)ncnc21,IC50,900.0,1
VEGFR2,CHEMBL279,CHEMBL302279,Nc1ncnc2c1c(-c1ccc(Oc3ccccc3)cc1)c(CO)n2C1CCCC1,IC50,1080.0,0
VEGFR2,CHEMBL279,CHEMBL304113,CC(C)n1cc(-c2ccc(Oc3ccccc3[N+](=O)[O-])cc2)c2c(N)ncnc21,IC50,900.0,1
VEGFR2,CHEMBL279,CHEMBL305748,Nc1ncnc2c1c(-c1ccc(Oc3ccccc3)cc1)c(C(=O)O)n2C1CCCC1,IC50,9820.0,0
VEGFR2,CHEMBL279,CHEMBL302481,CC(C)(C)n1cc(-c2ccc(Oc3ccc(O)cc3)cc2)c2c(N)ncnc21,IC50,2000.0,0
VEGFR2,CHEMBL279,CHEMBL71541,CC(C)n1cc(-c2ccc(Oc3ccccc3CO)cc2)c2c(N)ncnc21,IC50,144.0,1
VEGFR2,CHEMBL279,CHEMBL67211,CC(C)n1cc(-c2ccc(Oc3ccccc3C(=O)O)cc2)c2c(N)ncnc21,IC50,5060.0,0
VEGFR2,CHEMBL279,CHEMBL303195,CC(C)n1cc(-c2ccc(Oc3ccccc3N)cc2)c2c(N)ncnc21,IC50,3300.0,0
VEGFR2,CHEMBL279,CHEMBL66716,Nc1ncnc2c1c(-c1ccc(Oc3ccccc3)cc1)c(Br)n2C1CCCC1,IC50,1600.0,0
VEGFR2,CHEMBL279,CHEMBL68888,N#Cc1c(-c2ccc(Oc3ccccc3)cc2)c2c(N)ncnc2n1C1CCCC1,IC50,3200.0,0
VEGFR2,CHEMBL279,CHEMBL69649,COc1ccc(Oc2ccc(-c3cn(C(C)(C)C)c4ncnc(N)c34)cc2)cc1,IC50,1310.0,0
VEGFR2,CHEMBL279,CHEMBL69544,COCc1c(-c2ccc(Oc3ccccc3)cc2)c2c(N)ncnc2n1C1CCCC1,IC50,4240.0,0
VEGFR2,CHEMBL279,CHEMBL433097,CC(C)(C)n1cc(-c2ccc(Oc3cccc(N)c3)cc2)c2c(N)ncnc21,IC50,400.0,1
VEGFR2,CHEMBL279,CHEMBL71722,CC(C)n1cc(-c2ccc(Oc3ccccc3C#N)cc2)c2c(N)ncnc21,IC50,161.0,1
VEGFR2,CHEMBL279,CHEMBL69868,Cc1c(-c2ccc(Oc3ccccc3)cc2)c2c(N)ncnc2n1C1CCCC1,IC50,3350.0,0
VEGFR2,CHEMBL279,CHEMBL67560,CC(O)c1c(-c2ccc(Oc3ccccc3)cc2)c2c(N)ncnc2n1C1CCCC1,IC50,1860.0,0
VEGFR2,CHEMBL279,CHEMBL68773,CC(C)n1cc(-c2ccc(Oc3ccc(C(=O)O)cc3)cc2)c2c(N)ncnc21,IC50,6890.0,0
VEGFR2,CHEMBL279,CHEMBL68663,Nc1ncnc2c1c(-c1ccc(Oc3ccccc3)cc1)c(CN1CCOCC1)n2C1CCCC1,IC50,3680.0,0
VEGFR2,CHEMBL279,CHEMBL66102,COc1ccccc1Oc1ccc(-c2cn(C3CCCC3)c3ncnc(N)c23)cc1,IC50,500.0,1
VEGFR2,CHEMBL279,CHEMBL68430,Nc1ncnc2c1c(-c1ccc(Oc3ccccc3)cc1)c(Cl)n2C1CCCC1,IC50,16900.0,0
VEGFR2,CHEMBL279,CHEMBL68082,NCc1c(-c2ccc(Oc3ccccc3)cc2)c2c(N)ncnc2n1C1CCCC1,IC50,677.0,1
VEGFR2,CHEMBL279,CHEMBL71985,CC(C)n1cc(-c2ccc(Oc3ccc(C#N)cc3)cc2)c2c(N)ncnc21,IC50,129.0,1
VEGFR2,CHEMBL279,CHEMBL94678,COC(=O)[C@]1(O)C[C@H]2O[C@]1(C)n1c3ccccc3c3c4c(c5c6ccccc6n2c5c31)C(=O)NC4,IC50,19.0,1
VEGFR2,CHEMBL279,CHEMBL432491,NS(=O)(=O)c1ccc2c(c1)/C(=C/c1[nH]cc3c1CCOC3=O)C(=O)N2,IC50,6600.0,0
VEGFR2,CHEMBL279,CHEMBL281948,COC(=O)[C@@]1(O)C[C@H]2O[C@]1(C)n1c3ccccc3c3c4c(c5c6ccccc6n2c5c31)C(=O)NC4,IC50,43.0,1
VEGFR2,CHEMBL279,CHEMBL60541,CNS(=O)(=O)c1ccc2c(c1)/C(=C/c1[nH]cc3c1CCOC3=O)C(=O)N2,IC50,6600.0,0
VEGFR2,CHEMBL279,CHEMBL418301,O=C1Nc2cc(-c3ccccc3)ccc2/C1=C/c1[nH]cc2c1CCOC2=O,IC50,2000.0,0
VEGFR2,CHEMBL279,CHEMBL58224,O=C1Nc2cccc(C3CCNCC3)c2/C1=C/c1[nH]cc2c1CCOC2=O,IC50,490.0,1
VEGFR2,CHEMBL279,CHEMBL258805,COc1ccc2c(c1)/C(=C/c1cnc[nH]1)C(=O)N2,IC50,130.0,1
VEGFR2,CHEMBL279,CHEMBL293068,O=C1Nc2ccc(C(=O)O)cc2/C1=C/c1[nH]cc2c1CCOC2=O,IC50,6200.0,0
VEGFR2,CHEMBL279,CHEMBL292864,O=C1Nc2ccc(Br)cc2/C1=C/c1[nH]cc2c1CCOC2=O,IC50,11000.0,0
VEGFR2,CHEMBL279,CHEMBL299032,CC(C)NS(=O)(=O)c1ccc2c(c1)/C(=C/c1[nH]cc3c1CCOC3=O)C(=O)N2,IC50,6700.0,0
VEGFR2,CHEMBL279,CHEMBL21156,CC(C)(C)c1nc2c3ccc(F)cc3c3c(=O)[nH]ccc3c2[nH]1,IC50,1400.0,0
VEGFR2,CHEMBL279,CHEMBL58483,O=C1Nc2cccc(CCO)c2/C1=C/c1[nH]cc2c1CCOC2=O,IC50,1200.0,0
VEGFR2,CHEMBL279,CHEMBL59110,O=C1Nc2ccc(F)cc2/C1=C/c1[nH]cc2c1CCOC2=O,IC50,10000.0,0
VEGFR2,CHEMBL279,CHEMBL435227,Cc1c(CCC(=O)O)c[nH]c1/C=C1\C(=O)Nc2ccc(C(=O)O)cc21,IC50,240.0,1
VEGFR2,CHEMBL279,CHEMBL147761,Cc1c[nH]c(/C=C2\C(=O)Nc3cccc(C)c32)c1CCC(=O)O,IC50,200.0,1
VEGFR2,CHEMBL279,CHEMBL450622,COc1cccc(-c2ccc3c(c2)NC(=O)/C3=C\c2[nH]cc(C)c2CCC(=O)O)c1,IC50,28300.0,0
VEGFR2,CHEMBL279,CHEMBL274654,Cc1[nH]c(/C=C2\C(=O)Nc3ccccc32)c(C)c1CCC(=O)O,IC50,2430.0,0
VEGFR2,CHEMBL279,CHEMBL357803,Cc1[nH]c(/C=C2\C(=O)Nc3ccc(Br)cc32)c(C)c1CCC(=O)O,IC50,1730.0,0
VEGFR2,CHEMBL279,CHEMBL146697,Cc1c(CCC(=O)O)c[nH]c1/C=C1\C(=O)Nc2ccc(S(N)(=O)=O)cc21,IC50,920.0,1
VEGFR2,CHEMBL279,CHEMBL146694,COc1ccccc1-c1ccc2c(c1)NC(=O)/C2=C\c1[nH]c(C)c(CCC(=O)O)c1C,IC50,4370.0,0
VEGFR2,CHEMBL279,CHEMBL148514,COc1cccc(-c2ccc3c(c2)NC(=O)/C3=C\c2[nH]cc(CCC(=O)O)c2C)c1,IC50,90.0,1
VEGFR2,CHEMBL279,CHEMBL443296,CCOc1cccc(-c2ccc3c(c2)NC(=O)/C3=C\c2[nH]cc(C)c2CCC(=O)O)c1,IC50,1000.0,0
VEGFR2,CHEMBL279,CHEMBL149243,COc1ccc2c(c1)NC(=O)/C2=C\c1[nH]cc(CCC(=O)O)c1C,IC50,1350.0,0
VEGFR2,CHEMBL279,CHEMBL149073,Cc1[nH]c(/C=C2\C(=O)Nc3ccc(C(=O)O)cc32)c(C)c1CCC(=O)O,IC50,70.0,1
VEGFR2,CHEMBL279,CHEMBL148984,COc1ccc(-c2ccc3c(c2)NC(=O)/C3=C\c2[nH]cc(CCC(=O)O)c2C)cc1,IC50,450.0,1
VEGFR2,CHEMBL279,CHEMBL347074,Cc1c(CCC(=O)O)c[nH]c1/C=C1\C(=O)Nc2cc(-c3ccccc3)ccc21,IC50,300.0,1
VEGFR2,CHEMBL279,CHEMBL344319,Cc1c(CCC(=O)O)c[nH]c1/C=C1\C(=O)Nc2ccccc21,IC50,2140.0,0
VEGFR2,CHEMBL279,CHEMBL356245,COc1ccc2c(c1)NC(=O)/C2=C\c1[nH]c(C)c(CCC(=O)O)c1C,IC50,8290.0,0
VEGFR2,CHEMBL279,CHEMBL150151,COc1ccc(-c2ccc3c(c2)NC(=O)/C3=C\c2[nH]c(C)c(CCC(=O)O)c2C)cc1,IC50,520.0,1
VEGFR2,CHEMBL279,CHEMBL358728,COc1cccc(-c2ccc3c(c2)NC(=O)/C3=C\c2[nH]c(C)c(CCC(=O)O)c2C)c1,IC50,300.0,1
VEGFR2,CHEMBL279,CHEMBL149201,Cc1[nH]c(/C=C2\C(=O)Nc3cc(-c4ccccc4)ccc32)c(C)c1CCC(=O)O,IC50,140.0,1
VEGFR2,CHEMBL279,CHEMBL148744,Cc1c[nH]c(/C=C2\C(=O)Nc3ccc(Br)cc32)c1CCC(=O)O,IC50,350.0,1
VEGFR2,CHEMBL279,CHEMBL150177,Cc1[nH]c(/C=C2\C(=O)Nc3ccc(S(N)(=O)=O)cc32)c(C)c1CCC(=O)O,IC50,1260.0,0
VEGFR2,CHEMBL279,CHEMBL147112,COc1ccccc1-c1ccc2c(c1)NC(=O)/C2=C\c1[nH]cc(CCC(=O)O)c1C,IC50,1470.0,0
VEGFR2,CHEMBL279,CHEMBL48834,Cc1cc(C)cc(Nc2nccc(-n3ccnc3-c3cccnc3)n2)c1,IC50,2390.0,0
VEGFR2,CHEMBL279,CHEMBL46694,CC(=O)N1CCN(Cc2cc(C)cc(Nc3nccc(-n4ccnc4-c4ccccc4)n3)c2)CC1,IC50,32.0,1
VEGFR2,CHEMBL279,CHEMBL45752,Cc1cc(C)cc(Nc2nccc(-n3ccnc3-c3ccccc3)n2)c1,IC50,6.0,1
VEGFR2,CHEMBL279,CHEMBL297769,Cc1cc(CO)cc(Nc2nccc(-n3ccnc3-c3ccccc3)n2)c1,IC50,9.0,1
VEGFR2,CHEMBL279,CHEMBL297012,COc1ccc(Nc2nccc(-n3ccnc3-c3ccccc3)n2)cc1,IC50,392.0,1
VEGFR2,CHEMBL279,CHEMBL45405,Cc1cc(C)cc(Nc2nccc(-n3ccnc3-c3ccc[n+]([O-])c3)n2)c1,IC50,1410.0,0
VEGFR2,CHEMBL279,CHEMBL45388,Clc1cc(Cl)cc(Nc2nccc(-n3ccnc3-c3ccccc3)n2)c1,IC50,26.0,1
VEGFR2,CHEMBL279,CHEMBL45015,Cc1cc(C)cc(Nc2nccc(-n3ccnc3Cl)n2)c1,IC50,60.0,1
VEGFR2,CHEMBL279,CHEMBL45942,Cc1ccccc1Nc1nccc(-n2ccnc2-c2ccccc2)n1,IC50,3080.0,0
VEGFR2,CHEMBL279,CHEMBL297856,c1ccc(-c2nccn2-c2ccnc(Nc3ccccn3)n2)cc1,IC50,6830.0,0
VEGFR2,CHEMBL279,CHEMBL295679,c1ccc(-c2nccn2-c2ccnc(Nc3cccnc3)n2)cc1,IC50,340.0,1
VEGFR2,CHEMBL279,CHEMBL296204,[O-][n+]1cccc(Nc2nccc(-n3ccnc3-c3ccccc3)n2)c1,IC50,3570.0,0
VEGFR2,CHEMBL279,CHEMBL295973,Cc1ccc(Nc2nccc(-n3ccnc3-c3ccccc3)n2)cc1,IC50,279.0,1
VEGFR2,CHEMBL279,CHEMBL295247,Cc1cc(C)cc(Nc2nccc(-n3cc(C)nc3-c3ccccc3)n2)c1,IC50,450.0,1
VEGFR2,CHEMBL279,CHEMBL47832,Cc1cccc(Nc2nccc(-n3ccnc3-c3ccccc3)n2)c1,IC50,18.0,1
VEGFR2,CHEMBL279,CHEMBL46642,Cc1cc(C)cc(Nc2nccc(-n3ccnc3C3CC3)n2)c1,IC50,1870.0,0
VEGFR2,CHEMBL279,CHEMBL44915,Cc1cc(Nc2nccc(-n3ccnc3-c3ccccc3)n2)cc(C(F)(F)F)c1,IC50,5.0,1
VEGFR2,CHEMBL279,CHEMBL297156,Cc1cc(C)cc(Nc2cc(-n3ccnc3-c3ccccc3)ncn2)c1,IC50,1808.0,0
VEGFR2,CHEMBL279,CHEMBL297675,COc1cccc(Nc2nccc(-n3ccnc3-c3ccccc3)n2)c1,IC50,20.0,1
VEGFR2,CHEMBL279,CHEMBL45389,Clc1cccc(Nc2nccc(-n3ccnc3-c3ccccc3)n2)c1,IC50,25.0,1
VEGFR2,CHEMBL279,CHEMBL296475,Cc1cc(C)cc(Nc2nccc(-n3ccnc3C#N)n2)c1,IC50,232.0,1
VEGFR2,CHEMBL279,CHEMBL47852,COc1cc(Nc2nccc(-n3ccnc3-c3ccccc3)n2)cc(OC)c1,IC50,5.0,1
VEGFR2,CHEMBL279,CHEMBL445327,Cc1cc(Nc2nccc(-n3ccnc3-c3ccccc3)n2)ccn1,IC50,276.5,1
VEGFR2,CHEMBL279,CHEMBL45750,COc1ccccc1Nc1nccc(-n2ccnc2-c2ccccc2)n1,IC50,289.0,1
VEGFR2,CHEMBL279,CHEMBL45214,c1ccc(-c2nccn2-c2ccnc(Nc3ccncc3)n2)cc1,IC50,273.0,1
VEGFR2,CHEMBL279,CHEMBL47110,Cc1cc(C)cc(Nc2nccc(-n3ccnc3-c3ccccn3)n2)c1,IC50,1610.0,0
VEGFR2,CHEMBL279,CHEMBL47965,Cc1cc(C)cc(Nc2nccc(-n3ccnc3C)n2)c1,IC50,765.0,1
VEGFR2,CHEMBL279,CHEMBL44622,Cc1cc(C)cc(Nc2nccc(-n3ccnc3N)n2)c1,IC50,4220.0,0
VEGFR2,CHEMBL279,CHEMBL296430,FC(F)(F)c1cc(Nc2nccc(-n3ccnc3-c3ccccc3)n2)cc(C(F)(F)F)c1,IC50,77.0,1
VEGFR2,CHEMBL279,CHEMBL44608,FC(F)(F)c1cccc(Nc2nccc(-n3ccnc3-c3ccccc3)n2)c1,IC50,10.0,1
VEGFR2,CHEMBL279,CHEMBL431930,Cc1cc(C)cc(Nc2nccc(-n3ccnc3-c3cccc(F)c3)n2)c1,IC50,45.0,1
VEGFR2,CHEMBL279,CHEMBL46696,COc1cc(Nc2nccc(-n3ccnc3-c3ccccc3)n2)cc(C(F)(F)F)c1,IC50,19000.0,0
VEGFR2,CHEMBL279,CHEMBL295816,Cc1cc(C)cc(Nc2cc(-n3ccnc3-c3ccccc3)ccn2)c1,IC50,892.0,1
VEGFR2,CHEMBL279,CHEMBL43949,c1ccc(Nc2nccc(-n3ccnc3-c3ccccc3)n2)cc1,IC50,105.0,1
VEGFR2,CHEMBL279,CHEMBL47166,Cc1cc(Nc2nccc(-n3ccnc3-c3ccccc3)n2)cc(C)n1,IC50,135.0,1
VEGFR2,CHEMBL279,CHEMBL47962,Cc1cc(C)cc(Nc2nccc(-n3ccnc3-c3cncnc3)n2)c1,IC50,149.0,1
VEGFR2,CHEMBL279,CHEMBL352308,COc1cc2c(Oc3ccc(Nc4ccc(C(C)(C)C)cc4)cc3)ccnc2cc1OCCNCCO,IC50,83.0,1
VEGFR2,CHEMBL279,CHEMBL330608,CC1=CCC[C@H]2[C@](C)(CC3=C(O)C(O)=C/C(=N\[C@@H](CO)C(=O)O)C3=O)[C@H](C)CC[C@]12C,IC50,20000.0,0
VEGFR2,CHEMBL279,CHEMBL319347,COC1=CC(=O)C(N[C@@H](CO)C(=O)O)=CC1=O,IC50,8000.0,0
VEGFR2,CHEMBL279,CHEMBL293712,CNS(=O)(=O)c1ccc2c(c1)/C(=C/c1[nH]c3c(c1CCCN1CCN(C)CC1)CCCC3)C(=O)N2,IC50,300.0,1
VEGFR2,CHEMBL279,CHEMBL291759,CCOC(=O)CN1CCN(CCCc2c(/C=C3\C(=O)Nc4ccc(S(=O)(=O)NC)cc43)[nH]c3c2CCCC3)CC1,IC50,500.0,1
VEGFR2,CHEMBL279,CHEMBL268731,Cc1[nH]c(/C=C2\C(=O)Nc3ccc(F)cc32)c(C)c1C(=O)NCc1ccncc1,IC50,160.0,1
VEGFR2,CHEMBL279,CHEMBL56109,CNS(=O)(=O)c1ccc2c(c1)/C(=C/c1[nH]c3c(c1CCCN1CCN(CCO)CC1)CCCC3)C(=O)N2,IC50,400.0,1
VEGFR2,CHEMBL279,CHEMBL176702,Nc1ncnc2c1c(-c1ccccc1)cn2-c1cccc(CNCCO)c1,IC50,3600.0,0
VEGFR2,CHEMBL279,CHEMBL56569,CNS(=O)(=O)c1ccc2c(c1)/C(=C/c1[nH]c3c(c1CCC(N)=O)CCCC3)C(=O)N2,IC50,500.0,1
VEGFR2,CHEMBL279,CHEMBL367442,Nc1ncnc2c1c(-c1ccccc1)cn2-c1ccc(CO)cc1,IC50,600.0,1
VEGFR2,CHEMBL279,CHEMBL430155,Cc1[nH]c(/C=C2\C(=O)Nc3ccccc32)c(C)c1CCCN1CCN(C)CC1,IC50,300.0,1
VEGFR2,CHEMBL279,CHEMBL13354,Cc1[nH]c(/C=C2\C(=O)Nc3ccc(F)cc32)c(C)c1C(=O)NCCN1CCOCC1,IC50,90.0,1
VEGFR2,CHEMBL279,CHEMBL176705,COc1ccc(-c2cn(-c3ccccc3)c3ncnc(N)c23)cc1,IC50,200.0,1
VEGFR2,CHEMBL279,CHEMBL13485,CCN(CC)CCNC(=O)c1c(C)[nH]c(/C=C2\C(=O)Nc3ccc(Cl)cc32)c1C,IC50,27.0,1
VEGFR2,CHEMBL279,CHEMBL59042,CCS(=O)(=O)c1ccc2c(c1)/C(=C/c1[nH]c3c(c1CCCN(C)C)CCCC3)C(=O)N2,IC50,2700.0,0
VEGFR2,CHEMBL279,CHEMBL176309,Nc1ncnc2c1c(-c1cccc(Cl)c1)cn2-c1ccccc1,IC50,1000.0,0
VEGFR2,CHEMBL279,CHEMBL267293,Cc1[nH]c(/C=C2\C(=O)Nc3ccc(F)cc32)c(C)c1C(=O)NCCn1cncn1,IC50,85.0,1
VEGFR2,CHEMBL279,CHEMBL292930,CNS(=O)(=O)c1ccc2c(c1)/C(=C/c1[nH]c3c(c1CCCN1CCN(CC(=O)O)CC1)CCCC3)C(=O)N2,IC50,400.0,1
VEGFR2,CHEMBL279,CHEMBL369014,CCOC(=O)c1ccc(-c2cn(-c3ccccc3)c3ncnc(N)c23)cc1,IC50,1100.0,0
VEGFR2,CHEMBL279,CHEMBL13629,CCN(CC)CCNC(=O)c1c(C)[nH]c(/C=C2\C(=O)Nc3ccc(Br)cc32)c1C,IC50,32.0,1
VEGFR2,CHEMBL279,CHEMBL13608,Cc1[nH]c(/C=C2\C(=O)Nc3ccc(F)cc32)c(C)c1C(=O)NCCN1CCCC1,IC50,60.0,1
VEGFR2,CHEMBL279,CHEMBL55496,CNS(=O)(=O)c1ccc2c(c1)/C(=C/c1[nH]c3c(c1CCCN1CCC(O)CC1)CCCC3)C(=O)N2,IC50,7100.0,0
VEGFR2,CHEMBL279,CHEMBL296185,CNS(=O)(=O)c1ccc2c(c1)/C(=C/c1[nH]c3c(c1CCCN1CCOCC1)CCCC3)C(=O)N2,IC50,2300.0,0
VEGFR2,CHEMBL279,CHEMBL300853,CCS(=O)(=O)c1ccc2c(c1)/C(=C/c1[nH]c3c(c1CCCN1CCN(CC(=O)O)CC1)CCCC3)C(=O)N2,IC50,800.0,1
VEGFR2,CHEMBL279,CHEMBL57143,CCS(=O)(=O)c1ccc2c(c1)/C(=C/c1[nH]c3c(c1CCCN1CCN(CCO)CC1)CCCC3)C(=O)N2,IC50,400.0,1
VEGFR2,CHEMBL279,CHEMBL52513,CNS(=O)(=O)c1ccc2c(c1)/C(=C/c1[nH]c3c(c1CCCN(C)C)CCCC3)C(=O)N2,IC50,1100.0,0
VEGFR2,CHEMBL279,CHEMBL54283,CCS(=O)(=O)c1ccc2c(c1)/C(=C/c1[nH]c3c(c1CCCN1CCN(C)CC1)CCCC3)C(=O)N2,IC50,2600.0,0
VEGFR2,CHEMBL279,CHEMBL13983,Cc1[nH]c(/C=C2\C(=O)Nc3ccc(F)cc32)c(C)c1C(=O)NCC1CCN(C)CC1,IC50,25.0,1
VEGFR2,CHEMBL279,CHEMBL13976,Cc1[nH]c(/C=C2\C(=O)Nc3ccc(F)cc32)c(C)c1C(=O)NCCN(C)C,IC50,80.0,1
VEGFR2,CHEMBL279,CHEMBL301143,CNS(=O)(=O)c1ccc2c(c1)/C(=C/c1[nH]c3c(c1CN1CCOCC1)CCCC3)C(=O)N2,IC50,60.0,1
VEGFR2,CHEMBL279,CHEMBL275117,CCN(CC)CCNC(=O)c1c(C)[nH]c(/C=C2\C(=O)Nc3ccccc32)c1C,IC50,50.0,1
VEGFR2,CHEMBL279,CHEMBL298566,CCS(=O)(=O)c1ccc2c(c1)/C(=C/c1[nH]c3c(c1CCCN1CCC(O)CC1)CCCC3)C(=O)N2,IC50,500.0,1
VEGFR2,CHEMBL279,CHEMBL169757,Nc1ncnc2c1c(-c1ccccc1)cn2-c1ccccc1,IC50,500.0,1
VEGFR2,CHEMBL279,CHEMBL55594,CCS(=O)(=O)c1ccc2c(c1)/C(=C/c1[nH]c3c(c1CN1CCOCC1)CCCC3)C(=O)N2,IC50,100.0,1
VEGFR2,CHEMBL279,CHEMBL535,CCN(CC)CCNC(=O)c1c(C)[nH]c(/C=C2\C(=O)Nc3ccc(F)cc32)c1C,IC50,80.0,1
VEGFR2,CHEMBL279,CHEMBL301271,CCS(=O)(=O)c1ccc2c(c1)/C(=C/c1[nH]c3c(c1CCC(N)=O)CCCC3)C(=O)N2,IC50,300.0,1
VEGFR2,CHEMBL279,CHEMBL324335,c1cc(-c2cnn3cc(-c4ccc(OCCN5CCOCC5)cc4)cnc23)cs1,IC50,4.0,1
VEGFR2,CHEMBL279,CHEMBL331465,c1ccc(-c2cnn3cc(-c4ccc(OCCN5CCOCC5)cc4)cnc23)cc1,IC50,9.0,1
VEGFR2,CHEMBL279,CHEMBL118386,c1cc(OCCN2CCOCC2)cc(-c2cnc3c(-c4ccsc4)cnn3c2)c1,IC50,14.0,1
VEGFR2,CHEMBL279,CHEMBL388978,CN[C@@H]1C[C@H]2O[C@@](C)([C@@H]1OC)n1c3ccccc3c3c4c(c5c6ccccc6n2c5c31)C(=O)NC4,IC50,14.0,1
VEGFR2,CHEMBL279,CHEMBL445062,CN(C)CCCOc1ccc(-c2cnc3c(-c4ccsc4)cnn3c2)cc1,IC50,10.0,1
VEGFR2,CHEMBL279,CHEMBL117166,c1cncc(-c2cnn3cc(-c4ccc(OCCN5CCCCC5)cc4)cnc23)c1,IC50,20.0,1
VEGFR2,CHEMBL279,CHEMBL116324,CN1CCN(CCCn2ccc(-c3cnc4c(-c5ccccc5)cnn4c3)cc2=O)CC1,IC50,13.0,1
VEGFR2,CHEMBL279,CHEMBL103055,CCN1CCOCCn2cc(c3ccccc32)C2=C(C(=O)NC2=O)c2cn(c3ccccc23)CCOCC1,IC50,1410.0,0
VEGFR2,CHEMBL279,CHEMBL333021,c1cc(-c2cnn3cc(-c4ccc(OCCN5CCCCC5)cc4)cnc23)cs1,IC50,3.0,1
VEGFR2,CHEMBL279,CHEMBL115480,O=c1cc(-c2cnc3c(-c4ccccc4)cnn3c2)ccn1CCCN1CCCCC1,IC50,14.0,1
VEGFR2,CHEMBL279,CHEMBL333640,COCCN(CCOc1ccc(-c2cnc3c(-c4ccsc4)cnn3c2)cc1)Cc1ccccc1,IC50,19.0,1
VEGFR2,CHEMBL279,CHEMBL324153,c1cc(-c2cnn3cc(-c4ccc(OCCN5CCOCC5)cc4)cnc23)ccn1,IC50,11.0,1
VEGFR2,CHEMBL279,CHEMBL118400,CN1CCN(CCCn2ccc(-c3cnc4c(-c5ccsc5)cnn4c3)cc2=O)CC1,IC50,7.0,1
VEGFR2,CHEMBL279,CHEMBL354895,c1ccc(-c2ccn3c(-c4nccs4)cnc3c2)cc1,IC50,42.0,1
VEGFR2,CHEMBL279,CHEMBL366452,CS(=O)(=O)N1CCN(Cc2ccc(-c3ccn4c(-c5ccccc5)cnc4c3)cc2)CC1,IC50,13.0,1
VEGFR2,CHEMBL279,CHEMBL173856,NC(=O)N1CCN(Cc2ccc(-c3ccn4c(-c5ccccc5)cnc4c3)cc2)CC1,IC50,69.0,1
VEGFR2,CHEMBL279,CHEMBL170137,CNC(=O)N1CCN(Cc2ccc(-c3ccn4c(-c5ccccc5)cnc4c3)cc2)CC1,IC50,52.0,1
VEGFR2,CHEMBL279,CHEMBL171616,c1ccc(-c2ccn3c(-c4cnsc4)cnc3c2)cc1,IC50,50.0,1
VEGFR2,CHEMBL279,CHEMBL423072,c1ccc(-c2ccn3c(-c4ccncc4)cnc3c2)cc1,IC50,145.0,1
VEGFR2,CHEMBL279,CHEMBL415756,c1ccc(-c2ccn3c(-c4ccccc4)cnc3c2)cc1,IC50,98.0,1
VEGFR2,CHEMBL279,CHEMBL172292,c1ccc(-c2ccn3c(-c4cccnc4)cnc3c2)cc1,IC50,930.0,1
VEGFR2,CHEMBL279,CHEMBL171188,O=c1cc(-c2ccn3c(-c4ccccc4)cnc3c2)ccn1CCCO,IC50,120.0,1
VEGFR2,CHEMBL279,CHEMBL353281,COc1ccc(-c2cnc3cc(-c4ccccc4)ccn23)cn1,IC50,2840.0,0
VEGFR2,CHEMBL279,CHEMBL170589,COc1cccc(-c2cnc3cc(-c4ccccc4)ccn23)n1,IC50,242.0,1
VEGFR2,CHEMBL279,CHEMBL173550,CC(=O)N1CCN(Cc2ccc(-c3ccn4c(-c5ccccc5)cnc4c3)cc2)CC1,IC50,77.0,1
VEGFR2,CHEMBL279,CHEMBL171736,COCCN(C)CCCn1ccc(-c2ccn3c(-c4ccccc4)cnc3c2)cc1=O,IC50,96.0,1
VEGFR2,CHEMBL279,CHEMBL435702,O=c1cc(-c2ccn3c(-c4ccccc4)cnc3c2)ccn1CCCN1CCCCC1,IC50,28.0,1
VEGFR2,CHEMBL279,CHEMBL354070,c1ccc(-c2ccn3c(-c4cncs4)cnc3c2)cc1,IC50,99.0,1
VEGFR2,CHEMBL279,CHEMBL422918,CN(C)CC1CCCN(CCCn2ccc(-c3ccn4c(-c5ccccc5)cnc4c3)cc2=O)C1,IC50,67.0,1
VEGFR2,CHEMBL279,CHEMBL348218,Cc1ccc2c(c1)c1c3c(c4c(c1n2CCCO)Cc1ccccc1-4)C(=O)NC3,IC50,163.0,1
VEGFR2,CHEMBL279,CHEMBL347999,O=C1NCc2c1c1c(c3c2c2ccccc2n3CCCO)Cc2ccccc2-1,IC50,48.0,1
VEGFR2,CHEMBL279,CHEMBL2112040,CC[C@H](C)OCc1ccc2c(c1)c1c3c(c4c(c1n2CCCO)Cc1ccccc1-4)C(=O)NC3,IC50,19.0,1
VEGFR2,CHEMBL279,CHEMBL150405,CC(C)SCc1ccc2c(c1)c1c3c(c4c(c1n2CCCO)Cc1ccccc1-4)C(=O)NC3,IC50,57.0,1
VEGFR2,CHEMBL279,CHEMBL151358,CC(C)OCc1ccc2[nH]c3c4c(c5c(c3c2c1)CNC5=O)-c1ccccc1C4,IC50,55.0,1
VEGFR2,CHEMBL279,CHEMBL346631,CC(C)OCc1ccc2c(c1)c1c3c(c4c(c1n2CCCOC(=O)CN(C)C)Cc1ccccc1-4)C(=O)NC3,IC50,18.0,1
VEGFR2,CHEMBL279,CHEMBL148471,O=C1NCc2c3c(c4[nH]c5ccccc5c4c21)Cc1ccccc1-3,IC50,414.0,1
VEGFR2,CHEMBL279,CHEMBL359084,CC(=O)c1ccc2c(c1)c1c3c(c4c(c1n2CCCO)Cc1ccccc1-4)C(=O)NC3,IC50,187.0,1
VEGFR2,CHEMBL279,CHEMBL358843,CC(C)[S+]([O-])Cc1ccc2c(c1)c1c3c(c4c(c1n2CCCO)Cc1ccccc1-4)C(=O)NC3,IC50,309.0,1
VEGFR2,CHEMBL279,CHEMBL151219,O=C1NCc2c1c1c(c3c2c2ccccc2n3CCO)Cc2ccccc2-1,IC50,107.0,1
VEGFR2,CHEMBL279,CHEMBL150894,CC(C)OCc1ccc2c(c1)c1c3c(c4c(c1n2CCCO)Cc1ccccc1-4)C(=O)NC3,IC50,8.0,1
VEGFR2,CHEMBL279,CHEMBL149636,CCSCc1ccc2c(c1)c1c3c(c4c(c1n2CCCO)Cc1ccccc1-4)C(=O)NC3,IC50,21.0,1
VEGFR2,CHEMBL279,CHEMBL359316,CCOC(C)c1ccc2c(c1)c1c3c(c4c(c1n2CCCO)Cc1ccccc1-4)C(=O)NC3,IC50,83.0,1
VEGFR2,CHEMBL279,CHEMBL151863,CCCCOC(C)c1ccc2c(c1)c1c3c(c4c(c1n2CCCO)Cc1ccccc1-4)C(=O)NC3,IC50,130.0,1
VEGFR2,CHEMBL279,CHEMBL357813,CC(C)CCOCc1ccc2c(c1)c1c3c(c4c(c1n2CCCO)Cc1ccccc1-4)C(=O)NC3,IC50,276.0,1
VEGFR2,CHEMBL279,CHEMBL148880,O=C1NCc2c1c1c(c3c2c2cc(CO)ccc2n3CCCO)Cc2ccccc2-1,IC50,208.0,1
VEGFR2,CHEMBL279,CHEMBL150085,COC(C)c1ccc2c(c1)c1c3c(c4c(c1n2CCCO)Cc1ccccc1-4)C(=O)NC3,IC50,73.0,1
VEGFR2,CHEMBL279,CHEMBL424323,CCOCc1ccc2c(c1)c1c3c(c4c(c1n2CCCO)Cc1ccccc1-4)C(=O)NC3,IC50,4.0,1
VEGFR2,CHEMBL279,CHEMBL149742,CCC(CC)OCc1ccc2c(c1)c1c3c(c4c(c1n2CCCO)Cc1ccccc1-4)C(=O)NC3,IC50,35.0,1
VEGFR2,CHEMBL279,CHEMBL151959,CCC(C)OCc1ccc2c(c1)c1c3c(c4c(c1n2CCCO)Cc1ccccc1-4)C(=O)NC3,IC50,12.0,1
VEGFR2,CHEMBL279,CHEMBL357490,O=C1NCc2c1c1c(c3[nH]c4ccccc4c23)Cc2ccccc2-1,IC50,110.0,1
VEGFR2,CHEMBL279,CHEMBL151656,CC(O)c1ccc2c(c1)c1c3c(c4c(c1n2CCCO)Cc1ccccc1-4)C(=O)NC3,IC50,111.0,1
VEGFR2,CHEMBL279,CHEMBL151835,O=C1NCc2c1c1c(c3c2c2cc(Br)ccc2n3CCCO)Cc2ccccc2-1,IC50,104.0,1
VEGFR2,CHEMBL279,CHEMBL358038,COCc1ccc2c(c1)c1c3c(c4c(c1n2CCCO)Cc1ccccc1-4)C(=O)NC3,IC50,17.0,1
VEGFR2,CHEMBL279,CHEMBL150291,CC(C)OC(C)c1ccc2c(c1)c1c3c(c4c(c1n2CCCO)Cc1ccccc1-4)C(=O)NC3,IC50,411.0,1
VEGFR2,CHEMBL279,CHEMBL356626,CCCOCc1ccc2c(c1)c1c3c(c4c(c1n2CCCO)Cc1ccccc1-4)C(=O)NC3,IC50,13.0,1
VEGFR2,CHEMBL279,CHEMBL2448133,CC[C@@H](C)OCc1ccc2c(c1)c1c3c(c4c(c1n2CCCO)Cc1ccccc1-4)C(=O)NC3,IC50,12.0,1
VEGFR2,CHEMBL279,CHEMBL424321,CCCCOCc1ccc2c(c1)c1c3c(c4c(c1n2CCCO)Cc1ccccc1-4)C(=O)NC3,IC50,18.0,1
VEGFR2,CHEMBL279,CHEMBL423221,O=Cc1ccc2c(c1)c1c3c(c4c(c1n2CCCO)Cc1ccccc1-4)C(=O)NC3,IC50,105.0,1
VEGFR2,CHEMBL279,CHEMBL151713,CC(C)(C)OCc1ccc2c(c1)c1c3c(c4c(c1n2CCCO)Cc1ccccc1-4)C(=O)NC3,IC50,11.0,1
VEGFR2,CHEMBL279,CHEMBL101683,O=C(Nc1ccc(Cl)cc1)c1ccccc1NCc1ccncc1,IC50,20.0,1
VEGFR2,CHEMBL279,CHEMBL101253,Clc1ccc(Nc2nnc(Cc3ccncc3)c3ccccc23)cc1,IC50,37.0,1
VEGFR2,CHEMBL279,CHEMBL101682,O=C(Nc1ccccc1F)c1ccccc1NCc1ccc(F)cc1,IC50,3700.0,0
VEGFR2,CHEMBL279,CHEMBL150817,COCCOc1cc2nccc(Nc3ccc(Cl)cc3F)c2cc1OC,IC50,10.0,1
VEGFR2,CHEMBL279,CHEMBL127907,COc1cc2ncnc(Nc3cccc(O)c3)c2cc1OC,IC50,50.0,1
VEGFR2,CHEMBL279,CHEMBL345943,COc1cc2c(Nc3ccc(Cl)cc3F)ncnc2cc1OCc1ccncc1,IC50,60.0,1
VEGFR2,CHEMBL279,CHEMBL150315,COc1cc2ncnc(Nc3ccc(Cl)cc3F)c2cc1OC,IC50,100.0,1
VEGFR2,CHEMBL279,CHEMBL148869,COCCOc1cc2ncnc(Nc3ccc(Cl)cc3F)c2cc1OCCOC,IC50,60.0,1
VEGFR2,CHEMBL279,CHEMBL150581,COc1cc2ncnc(Nc3ccccc3F)c2cc1OC,IC50,2700.0,0
VEGFR2,CHEMBL279,CHEMBL151015,COCC(=O)Nc1cc2ncnc(Nc3cc(O)c(C)cc3F)c2cc1OC,IC50,300.0,1
VEGFR2,CHEMBL279,CHEMBL347086,COCCOc1cc2ncnc(Nc3cc(O)c(Cl)cc3F)c2cc1OC,IC50,2.0,1
VEGFR2,CHEMBL279,CHEMBL346200,COc1cc2ncnc(Nc3ccc(F)cc3F)c2cc1OC,IC50,2900.0,0
VEGFR2,CHEMBL279,CHEMBL150657,COCCOc1ccc2c(Nc3ccc(Cl)cc3F)ncnc2c1,IC50,150.0,1
VEGFR2,CHEMBL279,CHEMBL150187,COc1cc2c(Nc3c(F)cc(Br)cc3F)ncnc2cc1OCCn1ccnn1,IC50,40.0,1
VEGFR2,CHEMBL279,CHEMBL356658,COc1cc2c(Nc3ccc(Cl)cc3F)ncnc2cc1OCCOCCN1CCOCC1,IC50,60.0,1
VEGFR2,CHEMBL279,CHEMBL421961,COCCOc1cc2ncnc(Nc3cccc(O)c3)c2cc1OC,IC50,5.0,1
VEGFR2,CHEMBL279,CHEMBL433936,COCCOc1cc2nccc(Nc3cc(O)c(Cl)cc3F)c2cc1OC,IC50,2.0,1
VEGFR2,CHEMBL279,CHEMBL150826,COCCOc1cc2nncc(Nc3cc(O)c(Cl)cc3F)c2cc1OC,IC50,4.0,1
VEGFR2,CHEMBL279,CHEMBL147192,COc1cc2c(Nc3ccc(Cl)cc3F)ncnc2cc1OCCn1ccnc1,IC50,40.0,1
VEGFR2,CHEMBL279,CHEMBL150825,COCCOc1cc2nncc(Nc3ccc(Cl)cc3F)c2cc1OC,IC50,1100.0,0
VEGFR2,CHEMBL279,CHEMBL147138,COc1cc2ncnc(Nc3ccc(Cl)cc3)c2cc1OC,IC50,800.0,1
VEGFR2,CHEMBL279,CHEMBL357815,COc1cc2c(Nc3ccc(Cl)cc3F)ncnc2cc1OCCn1ccnn1,IC50,10.0,1
VEGFR2,CHEMBL279,CHEMBL358672,COc1cc2c(Nc3ccc(C#N)cc3F)ncnc2cc1OCCn1ccnn1,IC50,300.0,1
VEGFR2,CHEMBL279,CHEMBL301018,COc1cc2ncnc(Nc3ccc(F)c(Cl)c3)c2cc1OC,IC50,800.0,1
VEGFR2,CHEMBL279,CHEMBL150606,COc1cc2c(Nc3ccc(Cl)cc3F)ncnc2cc1OCCn1cncn1,IC50,100.0,1
VEGFR2,CHEMBL279,CHEMBL440727,COc1cc2ncnc(Nc3cc(O)c(C)cc3F)c2cc1OC,IC50,3.0,1
VEGFR2,CHEMBL279,CHEMBL147180,COc1cc2c(Nc3ccc(Cl)cc3F)ncnc2cc1OCCN1CCCC1,IC50,40.0,1
VEGFR2,CHEMBL279,CHEMBL151067,COc1cc2c(Nc3ccc(Cl)cc3F)ncnc2cc1OCc1ccsc1,IC50,8.0,1
VEGFR2,CHEMBL279,CHEMBL434311,COc1cc2c(Nc3ccc(Cl)cc3F)ncnc2cc1OCCCCN1CCOCC1,IC50,40.0,1
VEGFR2,CHEMBL279,CHEMBL74850,Clc1ccc(Oc2nnc(Cc3ccncc3)c3ccccc23)cc1,IC50,1600.0,0
VEGFR2,CHEMBL279,CHEMBL74034,Clc1ccc(Nc2nnc(NCc3ccncc3)c3ccccc23)cc1,IC50,4700.0,0
VEGFR2,CHEMBL279,CHEMBL369360,COc1cc2c(Nc3c(Cl)ccc4c3OCO4)ncnc2cc1OCCCN1CCOCC1,IC50,17030.0,0
VEGFR2,CHEMBL279,CHEMBL171558,COc1cc2c(Nc3cccc4occc34)ncnc2cc1OCCCN1CCOCC1,IC50,250.0,1
VEGFR2,CHEMBL279,CHEMBL354145,COc1cc2c(Nc3c(Cl)ccc4c3OCO4)ncnc2cc1OCc1ccnc(C#N)c1,IC50,77000.0,0
VEGFR2,CHEMBL279,CHEMBL173799,COc1cc2c(Nc3c(Br)ccc4c3OCO4)ncnc2cc1OCCCN1CCOCC1,IC50,42640.0,0
VEGFR2,CHEMBL279,CHEMBL169643,COc1cc2c(Nc3c(Cl)ccc4ccoc34)ncnc2cc1OCCCN1CCOCC1,IC50,1380.0,0
VEGFR2,CHEMBL279,CHEMBL422564,Clc1ccc2c(c1Nc1ncnc3cc(OCCCN4CCOCC4)ccc13)OCO2,IC50,91350.0,0
VEGFR2,CHEMBL279,CHEMBL78303,Cc1cccc(Nc2nnc(Cc3ccncc3)c3ccccc23)c1,IC50,80.0,1
VEGFR2,CHEMBL279,CHEMBL377300,Cc1cc2c(F)c(Oc3ncnn4cc(OC[C@@H](C)O)c(C)c34)ccc2[nH]1,Ki,26.0,1
VEGFR2,CHEMBL279,CHEMBL205325,CC(C)(C)c1ccc(Nc2nnc(-c3cccnc3CCc3ccncc3)o2)cc1,Ki,130.0,1
VEGFR2,CHEMBL279,CHEMBL205502,FC(F)(Cl)Oc1ccc(Nc2nnc(-c3cccnc3CCc3ccncc3)o2)cc1,Ki,100.0,1
VEGFR2,CHEMBL279,CHEMBL381182,FC(F)(F)c1ccc(Nc2nnc(-c3cccnc3CCc3ccncc3)o2)cc1,Ki,120.0,1
VEGFR2,CHEMBL279,CHEMBL215152,CCN(CCO)CCCOc1ccc2c(Nc3cc(CC(=O)Nc4cccc(F)c4)[nH]n3)ncnc2c1,Ki,1800.0,0
VEGFR2,CHEMBL279,CHEMBL387385,O=C(N[C@H](CO)c1ccc(F)c(Cl)c1)c1cc(-c2n[nH]cc2-c2cccc(Cl)c2)c[nH]1,Ki,3900.0,0
VEGFR2,CHEMBL279,CHEMBL230686,Cc1cc(-c2c(Cl)cccc2Cl)cc2nnc(Nc3ccc(OCCN4CCCC4)cc3)nc12,Ki,784.0,1
VEGFR2,CHEMBL279,CHEMBL397323,O=C(Nc1ccc(Cl)cc1)c1ccnn1CCc1ccncc1,Ki,90.0,1
VEGFR2,CHEMBL279,CHEMBL233823,O=C(Nc1ccc(C(F)(F)F)c(Cl)c1)c1ccnn1CCc1ccncc1,Ki,160.0,1
VEGFR2,CHEMBL279,CHEMBL399605,CC(C)(C)c1ccc(NC(=O)c2ccnn2CCc2ccncc2)cc1,Ki,140.0,1
VEGFR2,CHEMBL279,CHEMBL236419,O=C(Nc1cccc(OC(F)(F)Cl)c1)c1ccnn1CCc1ccncc1,Ki,90.0,1
VEGFR2,CHEMBL279,CHEMBL236205,O=C(Nc1ccc(OC(F)(F)F)cc1)c1ccnn1CCc1ccncc1,Ki,80.0,1
VEGFR2,CHEMBL279,CHEMBL393779,Cn1cnc(NCc2ccncc2)c1C(=O)Nc1ccc(C(C)(C)C)cc1,Ki,0.2,1
VEGFR2,CHEMBL279,CHEMBL401040,Cn1ncc(NCc2ccncc2)c1C(=O)Nc1ccc(OC(F)(F)F)cc1,Ki,0.17,1
VEGFR2,CHEMBL279,CHEMBL238737,Cc1cc(NC(=O)c2c(NCc3ccncc3)ncn2C)ccc1C(F)(F)F,Ki,0.16,1
VEGFR2,CHEMBL279,CHEMBL248044,COc1cc2ncc(C#N)c(N[C@@H]3C[C@H]3c3ccccc3)c2cc1OC,Ki,2100.0,0
VEGFR2,CHEMBL279,CHEMBL399438,N#Cc1cnc2cc(-c3ccc(CN4CCOCC4)cc3)ccc2c1N[C@@H]1C[C@H]1c1ccccc1,Ki,170.0,1
VEGFR2,CHEMBL279,CHEMBL245800,N#Cc1cnc2ccc(-c3ccc(CN)cc3)cc2c1N[C@@H]1C[C@H]1c1ccccc1,Ki,1500.0,0
VEGFR2,CHEMBL279,CHEMBL248393,COc1cc2c(N[C@@H]3C[C@H]3c3ccccc3)c(C#N)cnc2cc1OCCCN1CCN(C)CC1,Ki,300.0,1
VEGFR2,CHEMBL279,CHEMBL248392,COc1cc2c(N[C@@H]3C[C@H]3c3ccccc3)c(C#N)cnc2cc1OCCCN1CCOCC1,Ki,420.0,1
VEGFR2,CHEMBL279,CHEMBL401251,COCCOc1cc2ncc(C#N)c(N[C@@H]3C[C@H]3c3ccccc3)c2cc1OC,Ki,140.0,1
VEGFR2,CHEMBL279,CHEMBL248391,COc1cc2c(N[C@@H]3C[C@H]3c3ccccc3)c(C#N)cnc2cc1OCCCc1cccnc1,Ki,99.0,1
VEGFR2,CHEMBL279,CHEMBL248222,COc1cc2ncc(C#N)c(N[C@@H]3C[C@H]3c3ccccc3)c2cc1OCCCc1cccnc1,Ki,650.0,1
VEGFR2,CHEMBL279,CHEMBL248221,COc1cc2ncc(C#N)c(N[C@@H]3C[C@H]3c3ccccc3)c2cc1OCCCN1CCOCC1,Ki,560.0,1
VEGFR2,CHEMBL279,CHEMBL401054,COc1cc2ncc(C#N)c(N[C@@H]3C[C@H]3c3ccccc3)c2cc1OCCN1CCOCC1,Ki,150.0,1
VEGFR2,CHEMBL279,CHEMBL248220,COc1cc2ncc(C#N)c(N[C@@H]3C[C@H]3c3ccccc3)c2cc1OCc1ccccc1,Ki,2600.0,0
VEGFR2,CHEMBL279,CHEMBL250228,O=C(Nc1ccc(Cl)cc1)c1cccnc1NCc1ccncc1,Ki,8.0,1
VEGFR2,CHEMBL279,CHEMBL250842,O=C(Nc1ccc(Cl)cc1)c1sccc1NCc1ccncc1,Ki,120.0,1
VEGFR2,CHEMBL279,CHEMBL250471,O=C(Nc1ccc(Cl)cc1)c1cc(Br)cnc1NCc1ccncc1,Ki,490.0,1
VEGFR2,CHEMBL279,CHEMBL248820,O=C(Nc1ccc(Oc2ccccc2)cc1)c1cccnc1Nc1ccc(F)cc1,Ki,135.0,1
VEGFR2,CHEMBL279,CHEMBL249611,O=C(Nc1ccc(Oc2ccccc2)cc1)c1cccnc1Nc1ccc2cn[nH]c2c1,Ki,70.0,1
VEGFR2,CHEMBL279,CHEMBL249806,O=C(Nc1ccc(Oc2ccccc2)cc1)c1cccnc1NCc1ccc2c(c1)OCO2,Ki,38.0,1
VEGFR2,CHEMBL279,CHEMBL400101,Cc1ccc(NC(=O)c2cccnc2NCc2ccncc2)cc1,Ki,320.0,1
VEGFR2,CHEMBL279,CHEMBL401153,O=C(Nc1cccc(Cl)c1)c1cccnc1NCc1ccncc1,Ki,2.0,1
VEGFR2,CHEMBL279,CHEMBL249194,O=C(Nc1cccc(Oc2ccccc2)c1)c1cccnc1NCc1ccncc1,Ki,259.0,1
VEGFR2,CHEMBL279,CHEMBL249192,CCOC(=O)c1coc(-c2cccc(NC(=O)c3cccnc3NCc3ccncc3)c2)c1,Ki,29.0,1
VEGFR2,CHEMBL279,CHEMBL248980,CCc1cccc(NC(=O)c2cccnc2NCc2ccncc2)c1,Ki,106.0,1
VEGFR2,CHEMBL279,CHEMBL399546,O=C(Nc1cccc(-c2ccccc2)c1)c1cccnc1NCc1ccncc1,Ki,91.0,1
VEGFR2,CHEMBL279,CHEMBL248978,O=C(Nc1ccc(OC(F)(F)F)cc1)c1cccnc1NCc1ccncc1,Ki,23.0,1
VEGFR2,CHEMBL279,CHEMBL385178,O=C(Nc1ccc(Oc2ccccc2)cc1)c1cccnc1NCc1ccncc1,Ki,10.0,1
VEGFR2,CHEMBL279,CHEMBL248976,O=C(Nc1ccc(-c2ccccc2)cc1)c1cccnc1NCc1ccncc1,Ki,23.0,1
VEGFR2,CHEMBL279,CHEMBL400140,CCCCc1ccc(NC(=O)c2cccnc2NCc2ccncc2)cc1,Ki,19.0,1
VEGFR2,CHEMBL279,CHEMBL248781,O=C(Nc1ccc(Cl)c(Cl)c1)c1cccnc1NCc1ccncc1,Ki,17.0,1
VEGFR2,CHEMBL279,CHEMBL249179,O=C(Nc1ccc(C(F)(F)F)cc1)c1cccnc1NCc1ccncc1,Ki,9.0,1
VEGFR2,CHEMBL279,CHEMBL400512,O=C(Nc1cc(C(F)(F)F)cc(C(F)(F)F)c1)c1cccnc1NCc1ccncc1,Ki,8.0,1
VEGFR2,CHEMBL279,CHEMBL250684,O=C(Nc1ccc(Cl)c(C(F)(F)F)c1)c1cccnc1NCc1ccncc1,Ki,4.0,1
VEGFR2,CHEMBL279,CHEMBL250482,O=C(Nc1ccc(C2CCCCC2)cc1)c1cccnc1NCc1ccncc1,Ki,2.0,1
VEGFR2,CHEMBL279,CHEMBL250665,O=C(Nc1ccc(Cl)cc1)c1cncnc1NCc1ccncc1,Ki,140.0,1
VEGFR2,CHEMBL279,CHEMBL522629,Clc1cccc(-n2cc(-c3ccccc3NCc3ccncc3)nn2)c1,Ki,120.0,1
VEGFR2,CHEMBL279,CHEMBL518652,CC(C)c1cccc(-n2cc(-c3ccccc3NCc3ccncc3)nn2)c1,Ki,160.0,1
VEGFR2,CHEMBL279,CHEMBL490968,FC(F)(F)c1cccc(-n2cc(-c3ccccc3NCc3ccncc3)nn2)c1,Ki,90.0,1
VEGFR2,CHEMBL279,CHEMBL460772,COc1cc2nccc(Oc3ccc(-c4ccc(Cc5ccccc5)nn4)cc3F)c2cc1OC,Ki,56.0,1
VEGFR2,CHEMBL279,CHEMBL447602,COc1cc2c(Oc3ccc(-c4cnc(Nc5ccc(F)cc5)n(C)c4=O)nc3)ccnc2cc1OCCCN1CCOCC1,Ki,83.0,1
VEGFR2,CHEMBL279,CHEMBL453737,COc1cc2c(Oc3ccc(-c4cnc(Nc5ccc(F)cc5)n(C)c4=O)cc3F)ccnc2cc1OCCCN1CCOCC1,Ki,139.0,1
VEGFR2,CHEMBL279,CHEMBL461831,COc1cc2nccc(Oc3ccc(-c4cnc(Nc5ccc(F)cc5)n(C)c4=O)cc3F)c2cc1OC,Ki,382.0,1
VEGFR2,CHEMBL279,CHEMBL505896,COc1cc2c(Oc3ccc(-c4cnc(Cc5ccccc5)n(C)c4=O)cc3F)ccnc2cc1OCCCN1CCOCC1,Ki,422.0,1
VEGFR2,CHEMBL279,CHEMBL460465,COc1ccc2c(Oc3ccc(NC(=O)c4c(C)n(C)n(-c5ccccc5)c4=O)cc3F)ccnc2c1,Ki,24.0,1
VEGFR2,CHEMBL279,CHEMBL445799,COc1ccc2c(Oc3ccc(NC(=O)c4c(C)n(CC(C)(C)O)n(-c5ccccc5)c4=O)cc3F)ccnc2c1,Ki,1160.0,0
VEGFR2,CHEMBL279,CHEMBL461293,COc1ccc2c(Oc3ccc(NC(=O)c4c(C)n(CC(C)=O)n(-c5ccccc5)c4=O)cc3F)ccnc2c1,Ki,2.0,1
VEGFR2,CHEMBL279,CHEMBL460468,COc1ccc2c(Oc3ccc(NC(=O)c4c(C)n(C[C@H](C)O)n(-c5ccccc5)c4=O)cc3F)ccnc2c1,Ki,386.0,1
VEGFR2,CHEMBL279,CHEMBL518174,COc1ccc2c(Oc3ccc(NC(=O)c4c(C)n(C[C@@H](C)O)n(-c5ccccc5)c4=O)cc3F)ccnc2c1,Ki,396.0,1
VEGFR2,CHEMBL279,CHEMBL459647,COc1ccc2c(Oc3ccc(NC(=O)c4c(C)n(CC(C)C)n(-c5ccccc5)c4=O)cc3F)ccnc2c1,Ki,999.0,1
VEGFR2,CHEMBL279,CHEMBL460466,CCCn1c(C)c(C(=O)Nc2ccc(Oc3ccnc4cc(OC)ccc34)c(F)c2)c(=O)n1-c1ccccc1,Ki,460.0,1
VEGFR2,CHEMBL279,CHEMBL460472,COc1ccc2c(Oc3ccc(NC(=O)c4c(C)n(CC(C)(C)O)n(-c5ccccc5)c4=O)nc3)ccnc2c1,Ki,4100.0,0
VEGFR2,CHEMBL279,CHEMBL458333,COC(C)(C)CCn1nc(Nc2c(C)cccc2C)c2cnc(Nc3ccc(OCCN4CCCC4)cc3)nc21,Ki,1590.0,0
VEGFR2,CHEMBL279,CHEMBL515880,O=C(Nc1cccc(C(F)(F)F)c1)c1nscc1NCc1ccncc1,Ki,160.0,1
VEGFR2,CHEMBL279,CHEMBL473288,O=C(Nc1ccc(Br)cc1)c1nscc1NCc1ccncc1,Ki,90.0,1
VEGFR2,CHEMBL279,CHEMBL475510,CC(C)(C)c1cccc(NC(=O)c2nscc2NCc2ccncc2)c1,Ki,130.0,1
VEGFR2,CHEMBL279,CHEMBL1080902,COc1ccc(C2=NNC(=O)/C2=N\Nc2cccc(OC)c2)cc1,Ki,1800.0,0
VEGFR2,CHEMBL279,CHEMBL1076721,COc1ccc(C2=NNC(=O)/C2=N\Nc2cccnc2)cc1,Ki,3400.0,0
VEGFR2,CHEMBL279,CHEMBL1086736,COc1ccncc1C1=NNC(=O)/C1=N\Nc1ccccc1,Ki,1000.0,0
VEGFR2,CHEMBL279,CHEMBL482967,Cc1nc(N)sc1-c1ccnc(Nc2ccc(N3CCOCC3)cc2)n1,Ki,44.0,1
VEGFR2,CHEMBL279,CHEMBL1290177,Clc1ccc(CNc2ccnc3oc4ccccc4c23)cc1,Ki,180.0,1
VEGFR2,CHEMBL279,CHEMBL1290071,c1ccc2c(CNc3ccnc4oc5ccccc5c34)cccc2c1,Ki,300.0,1
VEGFR2,CHEMBL279,CHEMBL1289977,c1ccc(CCNc2ccnc3oc4ccccc4c23)cc1,Ki,2010.0,0
VEGFR2,CHEMBL279,CHEMBL1289976,c1ccc(CNc2ccnc3oc4ccccc4c23)cc1,Ki,470.0,1
VEGFR2,CHEMBL279,CHEMBL1683645,CCCCCCC(C)c1cc(O)c2c(c1)OC(C)(C)[C@@H]1CC=C(C)C[C@@H]21,Ki,328.0,1
VEGFR2,CHEMBL279,CHEMBL1683646,CC1=C[C@H]2c3c(O)cc(CCCCBr)cc3OC(C)(C)[C@@H]2CC1,Ki,24.0,1
VEGFR2,CHEMBL279,CHEMBL1683647,CC1=CC[C@@H]2[C@@H](C1)c1c(O)cc(CCCCCBr)cc1OC2(C)C,Ki,8.0,1
VEGFR2,CHEMBL279,CHEMBL199561,CC1=CC[C@@H]2[C@@H](C1)c1c(O)cc(C(C)(C)CCCCBr)cc1OC2(C)C,Ki,0.4,1
VEGFR2,CHEMBL279,CHEMBL1683648,CC1=CC[C@@H]2[C@@H](C1)c1c(O)cc(C(C)(C)CCCCCCBr)cc1OC2(C)C,Ki,1.3,1
VEGFR2,CHEMBL279,CHEMBL1683649,CC1=CC[C@@H]2[C@@H](C1)c1c(O)cc(CCCCC(F)(F)F)cc1OC2(C)C,Ki,25.0,1
VEGFR2,CHEMBL279,CHEMBL1683650,CCCCCc1cc(O)c2c(c1)OC(C)(C)[C@@H]1CC=C(CF)C[C@@H]21,Ki,103.0,1
VEGFR2,CHEMBL279,CHEMBL426443,CCCCCCCn1cc2c(N)ncnc2n1,Ki,818.0,1
VEGFR2,CHEMBL279,CHEMBL364717,CCCCCCCCn1cc2c(N)ncnc2n1,Ki,530.0,1
VEGFR2,CHEMBL279,CHEMBL189168,CCCCCCCCCn1cc2c(N)ncnc2n1,Ki,8.0,1
VEGFR2,CHEMBL279,CHEMBL363042,CCCCCCCCCCn1cc2c(N)ncnc2n1,Ki,0.13,1
VEGFR2,CHEMBL279,CHEMBL190495,CCCCCCCCCCCn1cc2c(N)ncnc2n1,Ki,0.47,1
VEGFR2,CHEMBL279,CHEMBL190239,CCCCCCCCC(O)Cn1cc2c(N)ncnc2n1,Ki,0.28,1
VEGFR2,CHEMBL279,CHEMBL1181730,CCCCCCC(C(C)O)n1cc2c(N)ncnc2n1,Ki,53.0,1
VEGFR2,CHEMBL279,CHEMBL1682344,c1cc2[nH]ncc2cc1-c1c[nH]nn1,Ki,3554.0,0
VEGFR2,CHEMBL279,CHEMBL1682346,Nc1n[nH]c2ccc(-c3cn(Cc4ccccc4)nn3)cc12,Ki,3978.0,0
VEGFR2,CHEMBL279,CHEMBL1682348,Clc1cccc(Cn2cc(-c3ccc4[nH]ncc4c3)nn2)c1,Ki,13142.0,0
VEGFR2,CHEMBL279,CHEMBL1682349,Clc1ccc(Cn2cc(-c3ccc4[nH]ncc4c3)nn2)cc1,Ki,2710.0,0
VEGFR2,CHEMBL279,CHEMBL1682355,Clc1ccc(Cl)c(Cn2cc(-c3ccc4[nH]ncc4c3)nn2)c1,Ki,126500.0,0
VEGFR2,CHEMBL279,CHEMBL1682358,Nc1n[nH]c2ccc(-c3cc(Cc4ccccc4)no3)cc12,Ki,3291.0,0
VEGFR2,CHEMBL279,CHEMBL1682556,c1cn2c(NC3CCCCC3)c(-c3ccc4[nH]ncc4c3)nc2s1,Ki,5339.0,0
VEGFR2,CHEMBL279,CHEMBL1765781,CNc1cncc(-c2c[nH]c(=O)c(NC(=O)c3ccc(N4CCC[C@H]4CN4CCCC4)cc3)c2)n1,Ki,430.0,1
VEGFR2,CHEMBL279,CHEMBL1254007,Cn1ccc2ncnc(Oc3ccc(NC(=O)Nc4cccc(C(F)(F)F)c4)c(F)c3)c21,Ki,4.6,1
VEGFR2,CHEMBL279,CHEMBL1336,CNC(=O)c1cc(Oc2ccc(NC(=O)Nc3ccc(Cl)c(C(F)(F)F)c3)cc2)ccn1,Ki,22.0,1
VEGFR2,CHEMBL279,CHEMBL1835870,Nc1nc(Nc2ccc([C@H]3CC[C@H](N4CCOCC4)CC3)cc2)nn1-c1ccccn1,Ki,85.0,1
VEGFR2,CHEMBL279,CHEMBL2032023,C=C(C)Cn1c(C)c(C(=O)Nc2ccc(Oc3ccnc4cc(OC)ccc34)c(F)c2)c(=O)n1-c1ccccc1,Ki,74.1,1
VEGFR2,CHEMBL279,CHEMBL2032022,CCCn1c(C)c(C(=O)Nc2ccc(Oc3ccnc4cc(OC)ccc34)cn2)c(=O)n1-c1ccccc1,Ki,309.0,1
VEGFR2,CHEMBL279,CHEMBL2032021,CCn1c(C)c(C(=O)Nc2ccc(Oc3ccnc4cc(OC)ccc34)cn2)c(=O)n1-c1ccccc1,Ki,343.0,1
VEGFR2,CHEMBL279,CHEMBL2032020,CCn1c(C)c(C(=O)Nc2ccc(Oc3ccnc4cc(OC)ccc34)c(F)c2)c(=O)n1-c1ccccc1,Ki,207.0,1
VEGFR2,CHEMBL279,CHEMBL2032019,COc1ccc2c(Oc3ccc(NC(=O)c4c(-c5csc(C)n5)n(C)n(-c5ccccc5)c4=O)nc3)ccnc2c1,Ki,588.0,1
VEGFR2,CHEMBL279,CHEMBL2032018,COc1ccc2c(Oc3ccc(NC(=O)c4c(-c5cc(C)on5)n(C)n(-c5ccccc5)c4=O)nc3)ccnc2c1,Ki,501.0,1
VEGFR2,CHEMBL279,CHEMBL2032017,COc1ccc2c(Oc3ccc(NC(=O)c4c(-c5cnccn5)n(C)n(-c5ccccc5)c4=O)nc3)ccnc2c1,Ki,4730.0,0
VEGFR2,CHEMBL279,CHEMBL2032016,COc1ccc2c(Oc3ccc(NC(=O)c4c(-c5cccnc5)n(C)n(-c5ccccc5)c4=O)nc3)ccnc2c1,Ki,2830.0,0
VEGFR2,CHEMBL279,CHEMBL2032015,COc1ccc2c(Oc3ccc(NC(=O)c4c(-c5ccccn5)n(C)n(-c5ccccc5)c4=O)nc3)ccnc2c1,Ki,1380.0,0
VEGFR2,CHEMBL279,CHEMBL2032013,COc1ccc2c(Oc3ccc(NC(=O)c4c(C5CCOCC5)n(C)n(-c5ccccc5)c4=O)nc3)ccnc2c1,Ki,2720.0,0
VEGFR2,CHEMBL279,CHEMBL2031913,COc1ccc2c(Oc3ccc(NC(=O)c4c(C5CCOCC5)n(C)n(-c5ccccc5)c4=O)cc3F)ccnc2c1,Ki,945.0,1
VEGFR2,CHEMBL279,CHEMBL2031912,COc1ccc2c(Oc3ccc(NC(=O)c4c(C5CCOC5)n(C)n(-c5ccccc5)c4=O)cc3F)ccnc2c1,Ki,131.0,1
VEGFR2,CHEMBL279,CHEMBL2031911,COc1ccc2c(Oc3ccc(NC(=O)c4c(C5CCCO5)n(C)n(-c5ccccc5)c4=O)cc3F)ccnc2c1,Ki,708.0,1
VEGFR2,CHEMBL279,CHEMBL2031909,COc1ccc2c(Oc3ccc(NC(=O)c4c([C@@H]5CCCN5)n(C)n(-c5ccccc5)c4=O)cc3F)ccnc2c1,Ki,2240.0,0
VEGFR2,CHEMBL279,CHEMBL2031908,COc1ccc2c(Oc3ccc(NC(=O)c4c(C(C)(C)N)n(C)n(-c5ccccc5)c4=O)cc3F)ccnc2c1,Ki,3350.0,0
VEGFR2,CHEMBL279,CHEMBL2031907,COc1ccc2c(Oc3ccc(NC(=O)c4c(CN5CCCC5)n(C)n(-c5ccccc5)c4=O)nc3)ccnc2c1,Ki,2020.0,0
VEGFR2,CHEMBL279,CHEMBL2031906,COc1ccc2c(Oc3ccc(NC(=O)c4c(CN5CCCC5)n(C)n(-c5ccccc5)c4=O)cc3F)ccnc2c1,Ki,1310.0,0
VEGFR2,CHEMBL279,CHEMBL2031905,CCN(C)Cc1c(C(=O)Nc2ccc(Oc3ccnc4cc(OC)ccc34)c(F)c2)c(=O)n(-c2ccccc2)n1C,Ki,903.0,1
VEGFR2,CHEMBL279,CHEMBL2031904,COc1ccc2c(Oc3ccc(NC(=O)c4c(CNC(=O)OC(C)(C)C)n(C)n(-c5ccccc5)c4=O)cc3F)ccnc2c1,Ki,1240.0,0
VEGFR2,CHEMBL279,CHEMBL2031903,COc1ccc2c(Oc3ccc(NC(=O)c4c(CN)n(C)n(-c5ccccc5)c4=O)cc3F)ccnc2c1,Ki,541.0,1
VEGFR2,CHEMBL279,CHEMBL2031902,COc1ccc2c(Oc3cnc(NC(=O)c4c(C)n(C)n(-c5ccccc5)c4=O)nc3)ccnc2c1,Ki,1630.0,0
VEGFR2,CHEMBL279,CHEMBL2031901,COc1ccc2c(Oc3ccc(NC(=O)c4c(C)n(C)n(-c5ccccc5)c4=O)nc3)ccnc2c1,Ki,42.0,1
VEGFR2,CHEMBL279,CHEMBL2031900,COc1cc2nccc(Oc3ccc(NC(=O)c4c(C)n(C)n(-c5ccccc5)c4=O)nc3)c2cc1OC,Ki,18.4,1
VEGFR2,CHEMBL279,CHEMBL2031899,COc1ccc2c(Oc3ccc(NC(=O)c4c(C)n(C)n(-c5ccccc5)c4=O)c(OC)c3)ccnc2c1,Ki,702.0,1
VEGFR2,CHEMBL279,CHEMBL2031898,COc1cc2nccc(Oc3ccc(NC(=O)c4c(C)n(C)n(-c5ccccc5)c4=O)c(Cl)c3)c2cc1OC,Ki,35.9,1
VEGFR2,CHEMBL279,CHEMBL2031897,COc1cc2nccc(Oc3ccc(NC(=O)c4c(C)n(C)n(-c5ccccc5)c4=O)cn3)c2cc1OC,Ki,1980.0,0
VEGFR2,CHEMBL279,CHEMBL2031896,CCc1cc2c(Oc3ccc(NC(=O)c4c(C)n(C)n(-c5ccccc5)c4=O)cc3F)ccnc2cc1OC,Ki,38.0,1
VEGFR2,CHEMBL279,CHEMBL2031894,COc1cc2nccc(Oc3ccc(NC(=O)c4c(C)n(C)n(-c5ccccc5)c4=O)cc3F)c2cc1Br,Ki,78.9,1
VEGFR2,CHEMBL279,CHEMBL2031893,COc1cc2nccc(Oc3ccc(NC(=O)c4c(C)n(C)n(-c5ccccc5)c4=O)cc3F)c2cc1OC,Ki,7.8,1
VEGFR2,CHEMBL279,CHEMBL404881,COc1cc2nccc(Oc3ccc(NC(=S)NC(=O)Cc4ccccc4)cc3F)c2cc1OC,Ki,103.0,1
VEGFR2,CHEMBL279,CHEMBL2032032,COc1ccc2c(Oc3ccc(NC(=O)c4c(C)n(CC5CNC(=O)O5)n(-c5ccccc5)c4=O)cc3F)ccnc2c1,Ki,519.0,1
VEGFR2,CHEMBL279,CHEMBL2032031,COc1ccc2c(Oc3ccc(NC(=O)c4c(C)n(CC(O)CN)n(-c5ccccc5)c4=O)cc3F)ccnc2c1,Ki,382.0,1
VEGFR2,CHEMBL279,CHEMBL2032030,COc1ccc2c(Oc3ccc(NC(=O)c4c(C)n(CC(O)C(C)C)n(-c5ccccc5)c4=O)cc3F)ccnc2c1,Ki,389.0,1
VEGFR2,CHEMBL279,CHEMBL2029375,CC[C@H](O)Cn1c(C)c(C(=O)Nc2ccc(Oc3ccnc4cc(OC)ccc34)c(F)c2)c(=O)n1-c1ccccc1,Ki,246.0,1
VEGFR2,CHEMBL279,CHEMBL2032029,COc1ccc2c(Oc3ccc(NC(=O)c4c(C)n(CC(C)O)n(-c5ccccc5)c4=O)nc3)ccnc2c1,Ki,932.0,1
VEGFR2,CHEMBL279,CHEMBL2032028,COc1ccc2c(Oc3ccc(NC(=O)c4c(C)n(CC(C)O)n(-c5ccccc5)c4=O)cc3F)ccnc2c1,Ki,257.0,1
VEGFR2,CHEMBL279,CHEMBL2032027,COCCn1c(C)c(C(=O)Nc2ccc(Oc3ccnc4cc(OC)ccc34)cn2)c(=O)n1-c1ccccc1,Ki,325.0,1
VEGFR2,CHEMBL279,CHEMBL2032026,COc1ccc2c(Oc3ccc(NC(=O)c4c(C)n(CCO)n(-c5ccccc5)c4=O)nc3)ccnc2c1,Ki,234.0,1
VEGFR2,CHEMBL279,CHEMBL2032025,COc1ccc2c(Oc3ccc(NC(=O)c4c(C)n(CCO)n(-c5ccccc5)c4=O)cc3F)ccnc2c1,Ki,191.0,1
VEGFR2,CHEMBL279,CHEMBL2032024,COc1ccc2c(Oc3ccc(NC(=O)c4c(C)n(CCN)n(-c5ccccc5)c4=O)cc3F)ccnc2c1,Ki,452.0,1
VEGFR2,CHEMBL279,CHEMBL2069625,Cc1oc(-c2ccccc2)nc1COc1cccc(CO)c1,Ki,25000.0,0
VEGFR2,CHEMBL279,CHEMBL2087875,c1ccc(-c2c(-c3ccc(OCCN4CCCC4)cc3)[nH]c3ncnc(NCC4SCCS4)c23)cc1,Ki,380.0,1
VEGFR2,CHEMBL279,CHEMBL2205426,CC(C)(C)Nc1c(Nc2ccnc(Nc3ccc(-c4ccncc4)cc3)n2)c(=O)c1=O,Ki,98.0,1
VEGFR2,CHEMBL279,CHEMBL3288854,Cc1[nH]c(/C=C2\C(=O)Nc3ccc(F)cc32)c(C)c1NC(=O)CCN1CCN(C)CC1,Ki,3.8,1
VEGFR2,CHEMBL279,CHEMBL3401983,NS(=O)(=O)[C@H]1C2CCC(CC2)[C@@H]1Nc1nc(-c2c[nH]c3ncc(F)cc23)ncc1F,Ki,1900.0,0
VEGFR2,CHEMBL279,CHEMBL3401984,OCC(O)[C@H]1C2CCC(CC2)[C@@H]1Nc1nc(-c2c[nH]c3ncc(F)cc23)ncc1F,Ki,2400.0,0
VEGFR2,CHEMBL279,CHEMBL3401987,CC(O)[C@H]1C2CCC(CC2)[C@@H]1Nc1nc(-c2c[nH]c3ncc(F)cc23)ncc1F,Ki,2000.0,0
VEGFR2,CHEMBL279,CHEMBL3401990,CS(=O)(=O)[C@H]1C2CCC(CC2)[C@@H]1Nc1nc(-c2c[nH]c3ncc(F)cc23)ncc1F,Ki,1500.0,0
VEGFR2,CHEMBL279,CHEMBL3813969,O=C(Nc1ccc(Cn2cncn2)cc1)c1ccccc1NCc1ccncc1,Ki,64.0,1
VEGFR2,CHEMBL279,CHEMBL3893914,Cc1ccc(OCCNc2nc(Nc3cc(C)[nH]n3)cc(C)c2C#N)cn1,Ki,590.0,1
VEGFR2,CHEMBL279,CHEMBL3947303,COc1cc(-c2ccc3c(-c4cc(OC)c(OC)c(OC)c4)n[nH]c3c2)ccc1O,Ki,2600.0,0
VEGFR2,CHEMBL279,CHEMBL3896803,COc1cc(-c2ccc3c(-c4ccccc4)n[nH]c3c2)ccc1O,Ki,300.0,1
VEGFR2,CHEMBL279,CHEMBL3923888,COc1cc(-c2ccc3c(/C=C/c4ccc(OC)c(OC)c4)n[nH]c3c2)ccc1O,Ki,0.3,1
VEGFR2,CHEMBL279,CHEMBL3891392,COc1cc(-c2ccc3c(-c4cc5ccccc5[nH]4)n[nH]c3c2)ccc1O,Ki,3.7,1
VEGFR2,CHEMBL279,CHEMBL3975092,C(=C/c1n[nH]c2cc(Oc3ccccc3)ccc12)\c1ccccc1,Ki,3.2,1
VEGFR2,CHEMBL279,CHEMBL3926057,COCOc1ccc(Oc2ccc3c(/C=C/c4ccccc4)n[nH]c3c2)cc1,Ki,72.0,1
VEGFR2,CHEMBL279,CHEMBL3935733,C=CCOc1cc(-c2ccc3c(/C=C/c4ccc(OC)c(OC)c4)n[nH]c3c2)ccc1O,Ki,1.4,1
VEGFR2,CHEMBL279,CHEMBL3895731,COc1cc(-c2ccc3c(-c4ccc5ccccc5c4)n[nH]c3c2)ccc1O,Ki,40.0,1
VEGFR2,CHEMBL279,CHEMBL3898428,Oc1ccc(-c2ccc3c(/C=C/c4ccccc4)n[nH]c3c2)cc1OCc1ccccc1,Ki,2.2,1
VEGFR2,CHEMBL279,CHEMBL3915562,C(=C/c1n[nH]c2cc(Sc3ccccc3)ccc12)\c1ccccc1,Ki,2.6,1
VEGFR2,CHEMBL279,CHEMBL3912858,Oc1cccc(Oc2ccc3c(/C=C/c4ccccc4)n[nH]c3c2)c1,Ki,2.4,1
VEGFR2,CHEMBL279,CHEMBL3946793,Oc1ccc(Oc2ccc3c(/C=C/c4ccccc4)n[nH]c3c2)cc1,Ki,24.0,1
VEGFR2,CHEMBL279,CHEMBL3967039,Oc1ccc(-c2ccc3c(-c4cc5ccccc5o4)n[nH]c3c2)cc1OCc1ccccc1,Ki,40.0,1
VEGFR2,CHEMBL279,CHEMBL3901866,C=C(c1ccccc1)c1ccc2c(/C=C/c3ccccc3)n[nH]c2c1,Ki,9.0,1
VEGFR2,CHEMBL279,CHEMBL3899067,CC(=O)Nc1cccc(Sc2ccc3c(/C=C/c4ccccc4)n[nH]c3c2)c1,Ki,29.0,1
VEGFR2,CHEMBL279,CHEMBL3960801,O=C(Nc1cccc(Sc2ccc3c(/C=C/c4ccccc4)n[nH]c3c2)c1)c1ccccc1,Ki,1.6,1
VEGFR2,CHEMBL279,CHEMBL3958130,CN(c1ccccc1)c1ccc2c(/C=C/c3ccccc3)n[nH]c2c1,Ki,15.0,1
VEGFR2,CHEMBL279,CHEMBL3978209,Nc1cccc(Oc2ccc3c(/C=C/c4ccccc4)n[nH]c3c2)c1,Ki,18.0,1
VEGFR2,CHEMBL279,CHEMBL3975705,O=C(c1ccccc1)c1ccc2c(/C=C/c3ccccc3)n[nH]c2c1,Ki,11.0,1
VEGFR2,CHEMBL279,CHEMBL3980816,Brc1cccc(Oc2ccc3c(/C=C/c4ccccc4)n[nH]c3c2)c1,Ki,11.0,1
VEGFR2,CHEMBL279,CHEMBL3961315,O=C(Nc1cccc(Oc2ccc3c(/C=C/c4ccccc4)n[nH]c3c2)c1)c1ccccc1,Ki,0.65,1
VEGFR2,CHEMBL279,CHEMBL3927752,C=C(c1cccc(NC(C)=O)c1)c1ccc2c(/C=C/c3ccccc3)n[nH]c2c1,Ki,1.6,1
VEGFR2,CHEMBL279,CHEMBL3930504,C=C(c1cccc(N)c1)c1ccc2c(/C=C/c3ccccc3)n[nH]c2c1,Ki,4.6,1
VEGFR2,CHEMBL279,CHEMBL3939894,CN(c1cccc(N)c1)c1ccc2c(/C=C/c3ccccc3)n[nH]c2c1,Ki,12.0,1
VEGFR2,CHEMBL279,CHEMBL3915043,C=C(c1cccc(NC(=O)c2ccccc2)c1)c1ccc2c(/C=C/c3ccccc3)n[nH]c2c1,Ki,0.63,1
VEGFR2,CHEMBL279,CHEMBL3914057,C=C(c1cccc(NC(=O)c2ncc(C)s2)c1)c1ccc2c(/C=C/c3ccccc3)n[nH]c2c1,Ki,0.22,1
VEGFR2,CHEMBL279,CHEMBL3947822,C=C(c1cccc(NC(=O)OCc2ccccc2)c1)c1ccc2c(/C=C/c3ccccc3)n[nH]c2c1,Ki,0.64,1
VEGFR2,CHEMBL279,CHEMBL3944307,CC(=O)Nc1cccc(Oc2ccc3c(/C=C/c4ccccc4)n[nH]c3c2)c1,Ki,0.48,1
VEGFR2,CHEMBL279,CHEMBL3953791,CC(=O)Nc1cccc(N(C)c2ccc3c(/C=C/c4ccccc4)n[nH]c3c2)c1,Ki,1.8,1
VEGFR2,CHEMBL279,CHEMBL3944594,Nc1cccc(C(=O)c2ccc3c(/C=C/c4ccccc4)n[nH]c3c2)c1,Ki,12.5,1
VEGFR2,CHEMBL279,CHEMBL3941907,O=C(Nc1cccc(C(=O)c2ccc3c(/C=C/c4ccccc4)n[nH]c3c2)c1)c1ccccc1,Ki,0.49,1
VEGFR2,CHEMBL279,CHEMBL3983004,CC(=O)Nc1cccc(C(=O)c2ccc3c(/C=C/c4ccccc4)n[nH]c3c2)c1,Ki,13.8,1
VEGFR2,CHEMBL279,CHEMBL3930218,CN(c1cccc(NC(=O)OCc2ccccc2)c1)c1ccc2c(/C=C/c3ccccc3)n[nH]c2c1,Ki,1.6,1
VEGFR2,CHEMBL279,CHEMBL3948411,Cc1cnc(C(=O)Nc2cccc(C(=O)c3ccc4c(/C=C/c5ccccc5)n[nH]c4c3)c2)s1,Ki,0.72,1
VEGFR2,CHEMBL279,CHEMBL3898789,Cc1cnc(C(=O)Nc2cccc(Oc3ccc4c(/C=C/c5ccccc5)n[nH]c4c3)c2)s1,Ki,0.03,1
VEGFR2,CHEMBL279,CHEMBL3896103,Cc1cnc(C(=O)Nc2cccc(N(C)c3ccc4c(/C=C/c5ccccc5)n[nH]c4c3)c2)s1,Ki,0.39,1
VEGFR2,CHEMBL279,CHEMBL3985867,O=C(Nc1cccc(Nc2ccc3c(/C=C/c4ccccc4)n[nH]c3c2)c1)c1ccccc1,Ki,1.3,1
VEGFR2,CHEMBL279,CHEMBL3889841,CN(c1cccc(NC(=O)c2ccccc2)c1)c1ccc2c(/C=C/c3ccc4c(c3)OCO4)n[nH]c2c1,Ki,0.08,1
VEGFR2,CHEMBL279,CHEMBL3892583,O=C(Nc1cccc(Oc2ccc3c(/C=C/c4ccc(Cl)cc4)n[nH]c3c2)c1)c1ccccc1,Ki,0.74,1
VEGFR2,CHEMBL279,CHEMBL3942288,Cc1cccc(C(=O)Nc2cccc(Oc3ccc4c(/C=C/c5ccccc5)n[nH]c4c3)c2)c1,Ki,0.9,1
VEGFR2,CHEMBL279,CHEMBL3951790,Cc1cccc(C(=O)Nc2cccc(N(C)c3ccc4c(/C=C/c5ccc6c(c5)OCO6)n[nH]c4c3)c2)c1,Ki,0.34,1
VEGFR2,CHEMBL279,CHEMBL3906996,CN(c1cccc(NC(=O)c2cccc(C(F)(F)F)c2)c1)c1ccc2c(/C=C/c3ccc4c(c3)OCO4)n[nH]c2c1,Ki,0.43,1
VEGFR2,CHEMBL279,CHEMBL3984623,CC(=O)c1cccc(C(=O)Nc2cccc(N(C)c3ccc4c(/C=C/c5ccc6c(c5)OCO6)n[nH]c4c3)c2)c1,Ki,1.3,1
VEGFR2,CHEMBL279,CHEMBL3959522,O=C(Nc1cccc(Oc2ccc3c(/C=C/c4cccs4)n[nH]c3c2)c1)c1ccccc1,Ki,1.7,1
VEGFR2,CHEMBL279,CHEMBL3956824,O=C(c1cccc(NC(=O)c2cccc3[nH]ccc23)c1)c1ccc2c(/C=C/c3ccccc3)n[nH]c2c1,Ki,0.18,1
VEGFR2,CHEMBL279,CHEMBL3907574,O=C(Nc1cccc(Oc2ccc3c(/C=C/c4ccco4)n[nH]c3c2)c1)c1ccccc1,Ki,0.83,1
VEGFR2,CHEMBL279,CHEMBL3966821,Cc1ccc2cc(NC(=O)c3ccccc3Sc3ccc4c(/C=C/c5ccccc5)n[nH]c4c3)ccc2n1,Ki,0.22,1
VEGFR2,CHEMBL279,CHEMBL3984370,O=C(c1cccc(NC(=O)c2cccc3[nH]ccc23)c1)c1ccc2c(/C=N/n3cccc3)n[nH]c2c1,Ki,0.062,1
VEGFR2,CHEMBL279,CHEMBL3952496,O=C(Nc1cccc(C(=O)c2ccc3c(/C=C/c4ccccn4)n[nH]c3c2)c1)c1ccccc1,Ki,0.046,1
VEGFR2,CHEMBL279,CHEMBL3954085,O=C(Nc1cccc(C(=O)c2ccc3c(-c4nc5ccccc5[nH]4)n[nH]c3c2)c1)c1ccccc1,Ki,0.35,1
VEGFR2,CHEMBL279,CHEMBL3938361,Cc1ccc2cc(NC(=O)c3ccccc3Sc3ccc4c(/C=C/c5ccccn5)n[nH]c4c3)ccc2n1,Ki,0.66,1
VEGFR2,CHEMBL279,CHEMBL3922509,O=C(c1cccc(NC(=O)c2ccno2)c1)c1ccc2c(/C=C/c3ccccc3)n[nH]c2c1,Ki,0.33,1
VEGFR2,CHEMBL279,CHEMBL3907378,O=C(c1cccc(NC(=O)c2cccc(Cl)n2)c1)c1ccc2c(/C=C/c3ccccc3)n[nH]c2c1,Ki,0.68,1
VEGFR2,CHEMBL279,CHEMBL1289926,CNC(=O)c1ccccc1Sc1ccc2c(/C=C/c3ccccn3)n[nH]c2c1,Ki,3.8,1
VEGFR2,CHEMBL279,CHEMBL3945318,O=C(c1cccc(NC(=O)c2cc(Cl)ccn2)c1)c1ccc2c(/C=C/c3ccccc3)n[nH]c2c1,Ki,0.54,1
VEGFR2,CHEMBL279,CHEMBL3963347,O=C(Nc1ccccc1)c1ccccc1Sc1ccc2c(/C=C/c3ccccn3)n[nH]c2c1,Ki,0.28,1
VEGFR2,CHEMBL279,CHEMBL3972140,O=C(Nc1cccc(Cl)c1)c1ccccc1Sc1ccc2c(/C=C/c3ccccn3)n[nH]c2c1,Ki,0.14,1
VEGFR2,CHEMBL279,CHEMBL3959310,O=C(c1cccc(NC(=O)c2ccccn2)c1)c1ccc2c(/C=C/c3ccccn3)n[nH]c2c1,Ki,0.11,1
VEGFR2,CHEMBL279,CHEMBL3956618,O=C(Nc1cccc(C(=O)c2ccc3c(/C=C/c4ccccn4)n[nH]c3c2)c1)c1ccncc1,Ki,0.26,1
VEGFR2,CHEMBL279,CHEMBL3899567,O=C(Nc1cccc(C(=O)c2ccc3c(/C=N/n4cnnc4)n[nH]c3c2)c1)c1ccccc1,Ki,1.1,1
VEGFR2,CHEMBL279,CHEMBL3889849,O=C(Nc1cccc(C(=O)c2ccc3c(-c4nc5cccnc5[nH]4)n[nH]c3c2)c1)c1ccccc1,Ki,1.7,1
VEGFR2,CHEMBL279,CHEMBL3986713,O=CNc1ccccc1/C=C/c1n[nH]c2cc(C(=O)c3cccc(NC(=O)c4ccccc4)c3)ccc12,Ki,2.6,1
VEGFR2,CHEMBL279,CHEMBL3891979,C/C=C/C(=O)Nc1cccc(C(=O)c2ccc3c(/C=C/c4ccccn4)n[nH]c3c2)c1,Ki,0.22,1
VEGFR2,CHEMBL279,CHEMBL3894732,O=C(c1cccc(NC(=O)c2cccc3[nH]ccc23)c1)c1ccc2c(/C=C/c3ccccn3)n[nH]c2c1,Ki,0.093,1
VEGFR2,CHEMBL279,CHEMBL3915607,CCn1nc(C)cc1C(=O)Nc1cccc(C(=O)c2ccc3c(/C=C/c4ccccn4)n[nH]c3c2)c1,Ki,0.03,1
VEGFR2,CHEMBL279,CHEMBL3933094,CNC(C(=O)Nc1cccc(C(=O)c2ccc3c(/C=C/c4ccccc4)n[nH]c3c2)c1)c1ccccc1,Ki,1.5,1
VEGFR2,CHEMBL279,CHEMBL3899200,CC(=O)c1ccc(C(=O)Nc2cccc(C(=O)c3ccc4c(/C=C/c5ccccn5)n[nH]c4c3)c2)s1,Ki,0.22,1
VEGFR2,CHEMBL279,CHEMBL3978730,O=C(Cc1cc(F)cc(F)c1)Nc1cccc(C(=O)c2ccc3c(/C=C/c4ccccn4)n[nH]c3c2)c1,Ki,0.11,1
VEGFR2,CHEMBL279,CHEMBL3891135,Cc1cc(C(=O)Nc2cccc(C(=O)c3ccc4c(/C=C/c5ccccn5)n[nH]c4c3)c2)n[nH]1,Ki,0.1,1
VEGFR2,CHEMBL279,CHEMBL3925024,O=C(Nc1cccc(Oc2ccc3c(/C=C/c4ccccc4)n[nH]c3c2)c1)c1cccc2[nH]ccc12,Ki,0.37,1
VEGFR2,CHEMBL279,CHEMBL3925826,CCn1nc(C)cc1C(=O)Nc1cccc(Oc2ccc3c(/C=C/c4ccccc4)n[nH]c3c2)c1,Ki,0.37,1
VEGFR2,CHEMBL279,CHEMBL3907423,O=C(NC1CC1)c1ccccc1Sc1ccc2c(/C=C/c3ccccn3)n[nH]c2c1,Ki,1.7,1
VEGFR2,CHEMBL279,CHEMBL3972427,O=C(NCC(F)(F)F)c1ccccc1Sc1ccc2c(/C=C/c3ccccn3)n[nH]c2c1,Ki,8.0,1
VEGFR2,CHEMBL279,CHEMBL3919150,O=C(Nc1cc(Nc2ccc3c(/C=C/c4ccccc4)n[nH]c3c2)ccc1F)c1ccccc1,Ki,0.25,1
VEGFR2,CHEMBL279,CHEMBL3921873,O=C(Nc1cccc(Oc2ccc3c(/C=C/c4ccccn4)n[nH]c3c2)c1)c1ccccc1,Ki,0.29,1
VEGFR2,CHEMBL279,CHEMBL3959357,O=C(Nc1cccc(Oc2ccc3c(/C=C/c4c[nH]cn4)n[nH]c3c2)c1)c1ccccc1,Ki,0.1,1
VEGFR2,CHEMBL279,CHEMBL3891951,O=C(c1cccc(NC(=O)C2CC2)c1)c1ccc2[nH]nc(/C=C/c3ccccn3)c2c1,Ki,2.95,1
VEGFR2,CHEMBL279,CHEMBL3899609,O=C(c1cccc(NC(=O)C2C[C@H]2c2ccccc2)c1)c1ccc2c(/C=C/c3ccccn3)n[nH]c2c1,Ki,0.04,1
VEGFR2,CHEMBL279,CHEMBL3918357,Cc1cc(C(=O)Nc2cccc(C(=O)c3ccc4c(/C=C/c5ccccn5)n[nH]c4c3)c2)on1,Ki,0.75,1
VEGFR2,CHEMBL279,CHEMBL3915626,Cn1nc(C(C)(C)C)cc1C(=O)Nc1cccc(C(=O)c2ccc3c(/C=C/c4ccccn4)n[nH]c3c2)c1,Ki,0.2,1
VEGFR2,CHEMBL279,CHEMBL3949546,Cc1cc(C(=O)Nc2cccc(Oc3ccc4c(/C=C/c5ccccn5)n[nH]c4c3)c2)nn1C,Ki,0.1,1
VEGFR2,CHEMBL279,CHEMBL3969695,O=C(c1cccc(NC(=O)c2ccc(Cl)s2)c1)c1ccc2c(/C=C/c3ccccn3)n[nH]c2c1,Ki,0.05,1
VEGFR2,CHEMBL279,CHEMBL3904637,CS(=O)(=O)c1ccc(C(=O)Nc2cccc(Oc3ccc4c(/C=C/c5ccccn5)n[nH]c4c3)c2)s1,Ki,0.1,1
VEGFR2,CHEMBL279,CHEMBL3930485,CCn1nc(C)cc1C(=O)Nc1cc(C(=O)c2ccc3c(/C=C/c4ccccn4)n[nH]c3c2)ccc1C,Ki,0.13,1
VEGFR2,CHEMBL279,CHEMBL3967940,O=C(NCc1cccc(F)c1)c1ccccc1Sc1ccc2c(/C=C/c3ccccn3)n[nH]c2c1,Ki,0.11,1
VEGFR2,CHEMBL279,CHEMBL3963146,CCONC(=O)c1ccccc1Sc1ccc2c(/C=C/c3ccccn3)n[nH]c2c1,Ki,0.6,1
VEGFR2,CHEMBL279,CHEMBL3954818,CCn1nc(C)cc1C(=O)Nc1cccc(Oc2ccc3c(/C=C/c4c[nH]cn4)n[nH]c3c2)c1,Ki,0.08,1
VEGFR2,CHEMBL279,CHEMBL3915544,O=C(NNC(=O)c1ccccc1Sc1ccc2c(/C=C/c3ccccn3)n[nH]c2c1)c1cccs1,Ki,0.04,1
VEGFR2,CHEMBL279,CHEMBL3982880,CCn1nc(C)cc1C(=O)Nc1cc(Nc2ccc3c(/C=C/c4ccccn4)n[nH]c3c2)c(F)cc1C,Ki,0.37,1
VEGFR2,CHEMBL279,CHEMBL3931953,O=C(NNc1ccccn1)c1ccccc1Sc1ccc2c(/C=C/c3ccccn3)n[nH]c2c1,Ki,0.83,1
VEGFR2,CHEMBL279,CHEMBL3922242,CC(C)(C)c1ccc(C(=O)Nc2cccc(C(=O)c3ccc4c(/C=C/c5ccccn5)n[nH]c4c3)c2)cc1,Ki,0.23,1
VEGFR2,CHEMBL279,CHEMBL3904168,C=CCn1nc(C)cc1C(=O)Nc1cccc(C(=O)c2ccc3c(/C=C/c4ccccn4)n[nH]c3c2)c1,Ki,0.06,1
VEGFR2,CHEMBL279,CHEMBL3965764,CCn1nc(C)cc1C(=O)Nc1cccc(Oc2ccc3c(/C=C/c4c[nH]c(C)n4)n[nH]c3c2)c1,Ki,0.27,1
VEGFR2,CHEMBL279,CHEMBL3912174,COc1cc(C(=O)Nc2cccc(C(=O)c3ccc4c(/C=C/c5ccccn5)n[nH]c4c3)c2)cc(Cl)n1,Ki,0.08,1
VEGFR2,CHEMBL279,CHEMBL3960830,CONC(=O)c1ccccc1Sc1ccc2c(/C=C/c3ccccn3)n[nH]c2c1,Ki,0.11,1
VEGFR2,CHEMBL279,CHEMBL3925855,Cn1ccnc1C(=O)Nc1cccc(Oc2ccc3c(/C=C/c4ccccn4)n[nH]c3c2)c1,Ki,0.02,1
VEGFR2,CHEMBL279,CHEMBL3913600,C#CCNC(=O)c1ccccc1Nc1ccc2c(/C=C/c3ccccn3)n[nH]c2c1,Ki,2.8,1
VEGFR2,CHEMBL279,CHEMBL3545335,Cc1cc(C(=O)Nc2cc(Nc3ccc4c(/C=C/c5ccccn5)n[nH]c4c3)ccc2F)n(C)n1,Ki,0.04,1
VEGFR2,CHEMBL279,CHEMBL3944638,O=C(Nc1cccc(C(=O)c2ccc3c(/C=C/c4ccccc4)n[nH]c3c2)c1)OCc1ccccc1,Ki,5.9,1
VEGFR2,CHEMBL279,CHEMBL3934111,CN(c1cccc(N)c1)c1ccc2c(/C=C/c3ccc4c(c3)OCO4)n[nH]c2c1,Ki,15.0,1
VEGFR2,CHEMBL279,CHEMBL3904228,CN(C)c1cccc(C(=O)Nc2cccc(N(C)c3ccc4c(/C=C/c5ccc6c(c5)OCO6)n[nH]c4c3)c2)c1,Ki,1.1,1
VEGFR2,CHEMBL279,CHEMBL3938388,Cc1cccc(C(=O)Nc2cccc(Oc3ccc4c(-c5cc6ccccc6[nH]5)n[nH]c4c3)c2)c1,Ki,0.15,1
VEGFR2,CHEMBL279,CHEMBL3897567,CN(c1cccc(NC(=O)c2ccc(C(C)(C)C)c(O)c2)c1)c1ccc2c(/C=C/c3ccc4c(c3)OCO4)n[nH]c2c1,Ki,2.8,1
VEGFR2,CHEMBL279,CHEMBL3900345,Cc1cncc(C(=O)Nc2cccc(C(=O)c3ccc4c(/C=C/c5ccccc5)n[nH]c4c3)c2)c1,Ki,20.0,1
VEGFR2,CHEMBL279,CHEMBL3893896,Nc1cccc(Nc2ccc3c(/C=C/c4ccccc4)n[nH]c3c2)c1,Ki,3.5,1
VEGFR2,CHEMBL279,CHEMBL3945525,CC(=O)N1CCC(C(=O)Nc2cccc(Oc3ccc4c(/C=C/c5ccc(Cl)cc5)n[nH]c4c3)c2)CC1,Ki,2.2,1
VEGFR2,CHEMBL279,CHEMBL3897763,CC(C)C(=O)Nc1cccc(C(=O)c2ccc3c(/C=C/c4ccccc4)n[nH]c3c2)c1,Ki,5.9,1
VEGFR2,CHEMBL279,CHEMBL3969393,Nc1cccc(C(=O)c2ccc3c(/C=N/n4cccc4)n[nH]c3c2)c1,Ki,9.6,1
VEGFR2,CHEMBL279,CHEMBL3949835,O=C(Nc1cccc(C(=O)c2ccc3c(/C=C/c4ccccc4)n[nH]c3c2)c1)c1ccncc1,Ki,4.7,1
VEGFR2,CHEMBL279,CHEMBL3919791,COc1cc(-c2ccc3c(/C=C/c4ccc(NC(=O)CN)cc4)n[nH]c3c2)ccc1O,Ki,1.1,1
VEGFR2,CHEMBL279,CHEMBL3919107,Nc1cccc(C(=O)c2ccc3c(/C=C/c4ccccn4)n[nH]c3c2)c1,Ki,17.9,1
VEGFR2,CHEMBL279,CHEMBL3937879,COc1cc(-c2ccc3c(-c4nc5ccccc5[nH]4)n[nH]c3c2)c(C)cc1O,Ki,98.3,1
VEGFR2,CHEMBL279,CHEMBL538361,Cc1cc(O)ccc1-c1ccc2c(-c3nc4ccccc4[nH]3)n[nH]c2c1,Ki,33.1,1
VEGFR2,CHEMBL279,CHEMBL3924544,Cc1cc(O)c(Cl)cc1-c1ccc2c(-c3nc4ccccc4[nH]3)n[nH]c2c1,Ki,14.2,1
VEGFR2,CHEMBL279,CHEMBL3914503,COc1cc(O)ccc1-c1ccc2c(-c3nc4ccccc4[nH]3)n[nH]c2c1,Ki,125.0,1
VEGFR2,CHEMBL279,CHEMBL3944193,Oc1ccc(-c2ccc3c(-c4nc5ccccc5[nH]4)n[nH]c3c2)c(Oc2ccccc2)c1,Ki,194.0,1
VEGFR2,CHEMBL279,CHEMBL3891895,Cc1cc(C(=O)Nc2cccc(C(=O)c3ccc4c(/C=C/c5ccccn5)n[nH]c4c3)c2)n(C)n1,Ki,0.06,1
VEGFR2,CHEMBL279,CHEMBL3901827,CCCn1nc(C)cc1C(=O)Nc1cccc(C(=O)c2ccc3c(/C=C/c4ccccn4)n[nH]c3c2)c1,Ki,100.0,1
VEGFR2,CHEMBL279,CHEMBL3715932,Nc1nc(NCc2ccccc2)c2c(n1)[nH]c1ccc(O)cc12,Ki,2760.0,0
VEGFR2,CHEMBL279,CHEMBL4094157,Cc1cc2[nH]c3nc(N)nc(NCc4ccccc4)c3c2cc1O,Ki,4830.0,0
VEGFR2,CHEMBL279,CHEMBL4073523,COc1cc2[nH]c3nc(N)nc(NCc4ccccc4)c3c2cc1O,Ki,13410.0,0
VEGFR2,CHEMBL279,CHEMBL4080640,Cc1ccc(CNc2nc(N)nc3[nH]c4ccc(O)cc4c23)cc1,Ki,3260.0,0
VEGFR2,CHEMBL279,CHEMBL4061297,Nc1nc(NCc2ccc(Cl)cc2)c2c(n1)[nH]c1ccc(O)cc12,Ki,3240.0,0
VEGFR2,CHEMBL279,CHEMBL4084090,COc1cccc(CNc2nc(N)nc3[nH]c4ccc(O)cc4c23)c1,Ki,3990.0,0
VEGFR2,CHEMBL279,CHEMBL4102074,COc1ccccc1CNc1nc(N)nc2[nH]c3ccc(O)cc3c12,Ki,850.0,1
VEGFR2,CHEMBL279,CHEMBL4091355,COc1ccccc1CNc1nc(N)nc2[nH]c3cc(C)c(O)cc3c12,Ki,7240.0,0
VEGFR2,CHEMBL279,CHEMBL4061797,COc1ccc(CNc2nc(N)nc3[nH]c4ccc(O)cc4c23)cc1OC,Ki,11070.0,0
VEGFR2,CHEMBL279,CHEMBL4060727,Nc1nc(NCCc2ccccc2)c2c(n1)[nH]c1ccc(O)cc12,Ki,4470.0,0
VEGFR2,CHEMBL279,CHEMBL4088941,C[C@@H](Nc1nc(N)nc2[nH]c3ccc(O)cc3c12)c1ccccc1,Ki,1930.0,0
VEGFR2,CHEMBL279,CHEMBL4099089,C[C@H](Nc1nc(N)nc2[nH]c3ccc(O)cc3c12)c1ccccc1,Ki,4150.0,0
VEGFR2,CHEMBL279,CHEMBL3990456,Cn1cc(-c2[nH]c3cc(NC(=O)[C@H](N)C4CCCCC4)cc4c3c2C=NNC4=O)cn1,Ki,16.0,1
VEGFR2,CHEMBL279,CHEMBL5786084,Cc1ccoc1C(=O)Nc1cccc(C#Cc2cncc(-c3nnn(CCCO)n3)c2)c1,Ki,5.0,1
VEGFR2,CHEMBL279,CHEMBL5984271,Cc1cccc(C(=O)Nc2cccc(C#Cc3cncc(-c4nnn(CCCO)n4)c3)c2)c1,Ki,7.0,1
VEGFR2,CHEMBL279,CHEMBL5779157,O=C(Nc1ccc(C#Cc2cncc(-c3nnn(CCCO)n3)c2)cc1)Nc1cc(C(F)(F)F)ccc1F,Ki,8.0,1
VEGFR2,CHEMBL279,CHEMBL3702601,Nc1ncc2c(n1)CCN(c1cccc(C(=O)Nc3ccccc3)c1)C2,Ki,2980.0,0
VEGFR2,CHEMBL279,CHEMBL3702602,CC(C)c1cccc(NC(=O)c2cccc(N3CCc4nc(N)ncc4C3)c2)c1,Ki,12.0,1
VEGFR2,CHEMBL279,CHEMBL3702603,Cc1cccc(NC(=O)c2cccc(N3CCc4nc(N)ncc4C3)c2)c1,Ki,114.0,1
VEGFR2,CHEMBL279,CHEMBL3702604,CC(C)(C)c1ccc(NC(=O)c2cccc(N3CCc4nc(N)ncc4C3)c2)cc1,Ki,41.0,1
VEGFR2,CHEMBL279,CHEMBL3702605,Nc1ncc2c(n1)CCN(c1cccc(C(=O)Nc3cccc(C(F)(F)F)c3)c1)C2,Ki,12.0,1
VEGFR2,CHEMBL279,CHEMBL3702606,Cc1ccc(NC(=O)c2cccc(N3CCc4nc(N)ncc4C3)c2)cc1,Ki,783.0,1
VEGFR2,CHEMBL279,CHEMBL3702607,COc1cccc(NC(=O)c2cccc(N3CCc4nc(N)ncc4C3)c2)c1,Ki,102.0,1
VEGFR2,CHEMBL279,CHEMBL3702608,CCc1ccc(NC(=O)c2cccc(N3CCc4nc(N)ncc4C3)c2)cc1,Ki,145.0,1
VEGFR2,CHEMBL279,CHEMBL3702609,CCc1cccc(NC(=O)c2cccc(N3CCc4nc(N)ncc4C3)c2)c1,Ki,22.0,1
VEGFR2,CHEMBL279,CHEMBL3702610,CCCc1ccc(NC(=O)c2cccc(N3CCc4nc(N)ncc4C3)c2)cc1,Ki,67.0,1
VEGFR2,CHEMBL279,CHEMBL3702611,CN1CCC(Oc2ccc(NC(=O)c3cccc(N4CCc5nc(N)ncc5C4)c3)cc2)CC1,Ki,1180.0,0
VEGFR2,CHEMBL279,CHEMBL3702612,CC(C)c1ccc(NC(=O)c2cccc(N3CCc4nc(N)ncc4C3)c2)cc1,Ki,27.0,1
VEGFR2,CHEMBL279,CHEMBL3702617,CC(C)(C)C1CCC(NC(=O)c2cccc(N3CCc4nc(N)ncc4C3)c2)CC1,Ki,307.0,1
VEGFR2,CHEMBL279,CHEMBL3702618,Nc1ncc2c(n1)CCN(c1cccc(C(=O)NCC3CCCCC3)c1)C2,Ki,2130.0,0
VEGFR2,CHEMBL279,CHEMBL3702620,CC(C)(C)CCNC(=O)c1cccc(N2CCc3nc(N)ncc3C2)c1,Ki,566.0,1
VEGFR2,CHEMBL279,CHEMBL3702621,CCN(CC)C(=O)c1cccc(N2CCc3nc(N)ncc3C2)c1,Ki,1250.0,0
VEGFR2,CHEMBL279,CHEMBL3702642,CC(C)c1cccc(NC(=O)c2cccc(N3Cc4cnc(N)nc4C3)c2)c1,Ki,6360.0,0
VEGFR2,CHEMBL279,CHEMBL3702643,Nc1ncc2c(n1)CN(c1cccc(C(=O)Nc3cccc(C(F)(F)F)c3)c1)C2,Ki,2129.0,0
VEGFR2,CHEMBL279,CHEMBL3702656,O=C(Nc1cccc(C(F)(F)F)c1)c1cccc(N2CCc3nc(CS)ncc3C2)c1,Ki,764.0,1
VEGFR2,CHEMBL279,CHEMBL3702657,Cc1ccc(C(=O)Nc2cccc(C(F)(F)F)c2)cc1N1CCc2nc(CS)ncc2C1,Ki,71.0,1
VEGFR2,CHEMBL279,CHEMBL3702659,Cc1ccc(C(=O)Nc2cccc(C(C)C)c2)cc1N1CCc2nc(CS)ncc2C1,Ki,31.0,1
VEGFR2,CHEMBL279,CHEMBL3702661,Cc1ccc(C(=O)Nc2cccc(C(F)(F)F)c2)cc1N1CCc2nc(N)ncc2C1,Ki,8.0,1
VEGFR2,CHEMBL279,CHEMBL3702662,Cc1cc(C(=O)Nc2cccc(C(F)(F)F)c2)cc(N2CCc3nc(N)ncc3C2)c1,Ki,27.0,1
VEGFR2,CHEMBL279,CHEMBL3702663,Cc1ccc(C(=O)Nc2cccc(C(C)C)c2)cc1N1CCc2nc(N)ncc2C1,Ki,14.0,1
VEGFR2,CHEMBL279,CHEMBL3702664,Cc1cc(C(=O)Nc2cccc(C(C)C)c2)cc(N2CCc3nc(N)ncc3C2)c1,Ki,17.0,1
VEGFR2,CHEMBL279,CHEMBL3702665,O=C(Nc1cccc(C(F)(F)F)c1)c1cccc(N2CCc3ncncc3C2)c1,Ki,19.0,1
VEGFR2,CHEMBL279,CHEMBL3702666,Cc1ccc(C(=O)Nc2cccc(C(F)(F)F)c2)cc1N1CCc2ncncc2C1,Ki,104.0,1
VEGFR2,CHEMBL279,CHEMBL3702667,Cc1cc(C(=O)Nc2cccc(C(F)(F)F)c2)cc(N2CCc3ncncc3C2)c1,Ki,638.0,1
VEGFR2,CHEMBL279,CHEMBL3702668,Cc1ccc(C(=O)Nc2cccc(C(C)C)c2)cc1N1CCc2ncncc2C1,Ki,11.0,1
VEGFR2,CHEMBL279,CHEMBL3702669,Cc1cc(C(=O)Nc2cccc(C(C)C)c2)cc(N2CCc3ncncc3C2)c1,Ki,159.0,1
VEGFR2,CHEMBL279,CHEMBL3644544,Nc1ncc2c(n1)CCN(c1cncc(C(=O)Nc3cccc(C(F)(F)F)c3)c1)C2,Ki,584.0,1
VEGFR2,CHEMBL279,CHEMBL3644545,CC(C)c1cccc(NC(=O)c2cncc(N3CCc4nc(N)ncc4C3)c2)c1,Ki,149.0,1
VEGFR2,CHEMBL279,CHEMBL3644547,Cc1cccc(NC(=O)Nc2ccc(N3CCc4ccncc4C3)cc2)c1,Ki,2200.0,0
VEGFR2,CHEMBL279,CHEMBL3644550,Cc1cccc(NC(=O)Nc2ccc(N3CCc4ccncc4C3)c(C)c2)c1,Ki,308.0,1
VEGFR2,CHEMBL279,CHEMBL3644551,Cc1cccc(NC(=O)Nc2ccc(N3CCc4ccncc4C3)cc2C)c1,Ki,454.0,1
VEGFR2,CHEMBL279,CHEMBL3644552,CC(C)c1cccc(NC(=O)c2cccc(N3CCc4ccncc4C3)c2)c1,Ki,39.0,1
VEGFR2,CHEMBL279,CHEMBL3644553,COC(=O)c1cncc2c1CCN(c1cccc(C(=O)Nc3cccc(C(C)C)c3)c1)C2,Ki,12.0,1
VEGFR2,CHEMBL279,CHEMBL3644554,CC(C)c1cccc(NC(=O)c2cccc(N3CCc4c(cncc4C(=O)O)C3)c2)c1,Ki,54.0,1
VEGFR2,CHEMBL279,CHEMBL3644555,COC(=O)c1cncc2c1CCN(c1cccc(C(=O)Nc3cccc(C(F)(F)F)c3)c1)C2,Ki,8.0,1
VEGFR2,CHEMBL279,CHEMBL3644556,CC(C)c1cccc(NC(=O)c2cccc(N3CCc4c(cncc4C(=O)NCCCN4CCOCC4)C3)c2)c1,Ki,367.0,1
VEGFR2,CHEMBL279,CHEMBL3644557,CC(C)c1cccc(NC(=O)c2cccc(N3CCc4c(cncc4C(=O)NCCCO)C3)c2)c1,Ki,220.0,1
VEGFR2,CHEMBL279,CHEMBL3644558,COC(=O)CNC(=O)c1cncc2c1CCN(c1cccc(C(=O)Nc3cccc(C(C)C)c3)c1)C2,Ki,49.0,1
VEGFR2,CHEMBL279,CHEMBL3644559,CC(C)c1cccc(NC(=O)c2cccc(N3CCc4c(cncc4C(=O)NCCCN4CCCC4)C3)c2)c1,Ki,230.0,1
VEGFR2,CHEMBL279,CHEMBL3644560,Nc1ncc2c(n1)CCN(c1cccc(C(=O)Nc3ccc(F)c(C(F)(F)F)c3)c1)C2,Ki,27.0,1
VEGFR2,CHEMBL279,CHEMBL2105717,COc1cc2nccc(Oc3ccc(NC(=O)C4(C(=O)Nc5ccc(F)cc5)CC4)cc3)c2cc1OC,Ki,0.035,1
VEGFR2,CHEMBL279,CHEMBL491473,COc1cc2c(Oc3ccc4[nH]c(C)cc4c3F)ncnc2cc1OCCCN1CCCC1,Ki,0.5,1
VEGFR2,CHEMBL279,CHEMBL1171837,Cc1ccc(C(=O)Nc2ccc(CN3CCN(C)CC3)c(C(F)(F)F)c2)cc1C#Cc1cnc2cccnn12,Ki,1.5,1
VEGFR2,CHEMBL279,CHEMBL1230609,COc1cc2c(Oc3ccc(NC(=O)C4(C(=O)Nc5ccc(F)cc5)CC4)cc3F)ccnc2cc1OCCCN1CCOCC1,Ki,2.8,1
VEGFR2,CHEMBL279,CHEMBL254760,Cn1cnc(-c2cc3nccc(Oc4ccc(NC(=S)NC(=O)Cc5ccccc5)cc4F)c3s2)c1,Ki,3.0,1
VEGFR2,CHEMBL279,CHEMBL572881,CC1(C)CNc2cc(NC(=O)c3cccnc3NCc3ccncc3)ccc21,Ki,3.0,1
VEGFR2,CHEMBL279,CHEMBL1946170,CNC(=O)c1cc(Oc2ccc(NC(=O)Nc3ccc(Cl)c(C(F)(F)F)c3)c(F)c2)ccn1,Ki,4.2,1
VEGFR2,CHEMBL279,CHEMBL1289494,COc1cc2nccc(Oc3ccc(NC(=O)Nc4cc(C)on4)c(Cl)c3)c2cc1OC,Ki,6.5,1
VEGFR2,CHEMBL279,CHEMBL502835,COC(=O)c1ccc2c(c1)NC(=O)/C2=C(\Nc1ccc(N(C)C(=O)CN2CCN(C)CC2)cc1)c1ccccc1,Ki,3.8,1
VEGFR2,CHEMBL279,CHEMBL6020412,COC(=O)c1cc2c(cc1C)/C(=C(/Nc1ccc(S(=O)(=O)NCCN3CCN(C)CC3)cc1)c1ccccc1)C(=O)N2,Ki,22.9,1
VEGFR2,CHEMBL279,CHEMBL5780945,COC(=O)c1cc2c(cc1C)/C(=C(/Nc1ccc(C(=O)NCCN(C)C)cc1)c1ccccc1)C(=O)N2,Ki,28.8,1
VEGFR2,CHEMBL279,CHEMBL6028974,COC(=O)c1cc2c(cc1C)/C(=C(/Nc1ccc(C(=O)NCC3CCN(C)CC3)cc1)c1ccccc1)C(=O)N2,Ki,27.7,1
VEGFR2,CHEMBL279,CHEMBL6058213,COC(=O)c1cc2c(cc1C)/C(=C(/Nc1ccc(C(=O)NCCN3CCN(C)CC3)cc1)c1ccccc1)C(=O)N2,Ki,16.7,1
VEGFR2,CHEMBL279,CHEMBL6033462,COC(=O)c1cc2c(cc1C)/C(=C(/Nc1ccc(C(=O)NCCN3CCCN(C)CC3)cc1)c1ccccc1)C(=O)N2,Ki,36.0,1
VEGFR2,CHEMBL279,CHEMBL5770439,COC(=O)c1cc2c(cc1C)/C(=C(/Nc1ccc(C(=O)NCCN3CCC(N(C)C)CC3)cc1)c1ccccc1)C(=O)N2,Ki,21.2,1
VEGFR2,CHEMBL279,CHEMBL5785162,COC(=O)c1cc2c(cc1C)/C(=C(/Nc1ccc(C(=O)NCC(=O)N3CCN(CCO)CC3)cc1)c1ccccc1)C(=O)N2,Ki,23.0,1
VEGFR2,CHEMBL279,CHEMBL5782903,COC(=O)c1cc2c(cc1C)/C(=C(/Nc1ccc(C(=O)NCC(=O)N3CCN(C)CC3)cc1)c1ccccc1)C(=O)N2,Ki,18.8,1
VEGFR2,CHEMBL279,CHEMBL5851926,COC(=O)c1cc2c(cc1C)/C(=C(/Nc1ccc(C(=O)NCCN3CCNC(=O)C3)cc1)c1ccccc1)C(=O)N2,Ki,17.3,1
VEGFR2,CHEMBL279,CHEMBL5983117,COC(=O)c1cc2c(cc1C)/C(=C(/Nc1ccc(C(=O)NCCC(=O)N3CCN(C)CC3)cc1)c1ccccc1)C(=O)N2,Ki,34.2,1
VEGFR2,CHEMBL279,CHEMBL5759219,CNC(=O)CN1CCN(C(=O)c2ccc(N/C(=C3\C(=O)Nc4cc(C(=O)OC)c(C)cc43)c3ccccc3)cc2)CC1,Ki,5.06,1
VEGFR2,CHEMBL279,CHEMBL6011659,COC(=O)c1cc2c(cc1C)/C(=C(/Nc1ccc(C(=O)NCCN3CCC(O)CC3)cc1)c1ccccc1)C(=O)N2,Ki,6.38,1
VEGFR2,CHEMBL279,CHEMBL5770010,COC(=O)c1cc2c(cc1C)/C(=C(/Nc1ccc(C(=O)NC3CCN(CCO)CC3)cc1)c1ccccc1)C(=O)N2,Ki,19.5,1
VEGFR2,CHEMBL279,CHEMBL5897053,COC(=O)c1cc2c(cc1C)/C(=C(/Nc1ccc(C(=O)NCC3CCN(CCO)CC3)cc1)c1ccccc1)C(=O)N2,Ki,15.3,1
VEGFR2,CHEMBL279,CHEMBL5794260,COC(=O)c1cc2c(cc1C)/C(=C(/Nc1ccc(C(=O)N3CCN(CC(=O)NCCO)CC3)cc1)c1ccccc1)C(=O)N2,Ki,5.0,1
VEGFR2,CHEMBL279,CHEMBL5854915,COC(=O)c1cc2c(cc1C)/C(=C(/Nc1cccc(C(=O)N(C)CCN(C)C)c1)c1ccccc1)C(=O)N2,Ki,45.6,1
VEGFR2,CHEMBL279,CHEMBL6008313,COC(=O)c1cc2c(cc1C)/C(=C(/Nc1ccc(C(=O)N3CCN(C)CC3)cc1)c1ccccc1)C(=O)N2,Ki,6.4,1
VEGFR2,CHEMBL279,CHEMBL5915626,COC(=O)c1cc2c(cc1C)/C(=C(/Nc1ccc(C(=O)NC3CCN(C)CC3)cc1)c1ccccc1)C(=O)N2,Ki,25.7,1
VEGFR2,CHEMBL279,CHEMBL6026951,COC(=O)c1cc2c(cc1C)/C(=C(/Nc1ccc(C(=O)N3CCN(CCO)CC3)cc1)c1ccccc1)C(=O)N2,Ki,8.35,1
VEGFR2,CHEMBL279,CHEMBL103667,Cc1ccc(-n2nc(C(C)(C)C)cc2NC(=O)Nc2ccc(OCCN3CCOCC3)c3ccccc23)cc1,Kd,3200.0,0
VEGFR2,CHEMBL279,CHEMBL452679,CC(C)CN(CC(=O)N(CCCCN)CC(=O)N(CCCCN)CC(N)=O)C(=O)CN(CCCCN)C(=O)CN(CC(C)C)C(=O)CN(CCCCN)C(=O)CN(Cc1ccco1)C(=O)CN(CCCCN)C(=O)CNCCc1c[nH]c2ccccc12,Kd,1000.0,0
VEGFR2,CHEMBL279,CHEMBL467132,CC(C)CN(CC(=O)N(CCCCN)CC(=O)N(CC(=O)N(CC(=O)N(CCCCN)CC(=O)N(CC(=O)N(CCCCN)CC(=O)N(CCCCN)CC(N)=O)CC(C)C)Cc1ccc2c(c1)OCO2)C(C)c1ccccc1)C(=O)CNCCCCN,Kd,1000.0,0
VEGFR2,CHEMBL279,CHEMBL504075,Cc1cccc(C(=O)Nc2cccc([C@H](C)Nc3cncc(Cl)n3)c2)c1,Kd,9.1,1
VEGFR2,CHEMBL279,CHEMBL223360,Cc1ccc(F)c(NC(=O)Nc2ccc(-c3cccc4[nH]nc(N)c34)cc2)c1,Kd,8.1,1
VEGFR2,CHEMBL279,CHEMBL574738,CCN1CCN(Cc2ccc(NC(=O)Nc3ccc(Oc4cc(NC)ncn4)cc3)cc2C(F)(F)F)CC1,Kd,200.0,1
VEGFR2,CHEMBL279,CHEMBL522892,CN1CCN(c2ccc3nc(-c4c(N)c5c(F)cccc5[nH]c4=O)[nH]c3c2)CC1,Kd,68.0,1
VEGFR2,CHEMBL279,CHEMBL558752,Cn1c(Nc2ccc(C(F)(F)F)cc2)nc2cc(Oc3ccnc(-c4ncc(C(F)(F)F)[nH]4)c3)ccc21,Kd,1300.0,0
VEGFR2,CHEMBL279,CHEMBL477772,Cc1ccc(Nc2nccc(N(C)c3ccc4c(C)n(C)nc4c3)n2)cc1S(N)(=O)=O,Kd,14.0,1
VEGFR2,CHEMBL279,CHEMBL191003,Nc1nc(Nc2ccc(S(N)(=O)=O)cc2)nn1C(=O)c1c(F)cccc1F,Kd,3700.0,0
VEGFR2,CHEMBL279,CHEMBL608533,CO[C@@H]1[C@H](N(C)C(=O)c2ccccc2)C[C@H]2O[C@]1(C)n1c3ccccc3c3c4c(c5c6ccccc6n2c5c31)C(=O)NC4,Kd,3200.0,0
VEGFR2,CHEMBL279,CHEMBL1721885,Cc1[nH]c(/C=C2\C(=O)Nc3ccc(F)cc32)c(C)c1C(=O)NC[C@H](O)CN1CCOCC1,Kd,2.3,1
VEGFR2,CHEMBL279,CHEMBL572878,Cc1cc(Nc2cc(N3CCN(C)CC3)nc(Sc3ccc(NC(=O)C4CC4)cc3)n2)n[nH]1,Kd,2000.0,0
VEGFR2,CHEMBL279,CHEMBL576982,CC(C)(C)c1cc(NC(=O)Nc2ccc(-c3cn4c(n3)sc3cc(OCCN5CCOCC5)ccc34)cc2)no1,Kd,87.0,1
VEGFR2,CHEMBL279,CHEMBL1088796,Cc1ccc(C(=O)NC2CC2)cc1-c1ccc2c(-c3ccccc3F)nncc2c1,Kd,320.0,1
VEGFR2,CHEMBL279,CHEMBL1091199,Cc1ccc(C(=O)NC2CC2)cc1-c1cc2cnn(-c3ccc(F)cc3F)c2n(C)c1=O,Kd,40000.0,0
VEGFR2,CHEMBL279,CHEMBL1092013,Cc1ccc(C(=O)NC2CC2)cc1-c1cc2cnn(-c3ccccc3F)c2n(C)c1=O,Kd,40000.0,0
VEGFR2,CHEMBL279,CHEMBL603469,C[C@]12O[C@H](C[C@]1(O)CO)n1c3ccccc3c3c4c(c5c6ccccc6n2c5c31)CNC4=O,Kd,220.0,1
VEGFR2,CHEMBL279,CHEMBL5416410,Cc1nc(Nc2ncc(C(=O)Nc3c(C)cccc3Cl)s2)cc(N2CCN(CCO)CC2)n1.O,Kd,2900.0,0
VEGFR2,CHEMBL279,CHEMBL509032,COc1cc(N2CCC(N3CCN(C)CC3)CC2)ccc1Nc1ncc(Cl)c(Nc2ccccc2S(=O)(=O)C(C)C)n1,Kd,940.0,1
VEGFR2,CHEMBL279,CHEMBL1908395,CN(C)CC(=O)N1CCC(c2ccc(NC(=O)c3nc(C#N)c[nH]3)c(C3=CCCCC3)c2)CC1.Cl,Kd,460.0,1
VEGFR2,CHEMBL279,CHEMBL553,C#Cc1cccc(Nc2ncnc3cc(OCCOC)c(OCCOC)cc23)c1,Kd,5700.0,0
VEGFR2,CHEMBL279,CHEMBL1908396,COc1cc(Oc2ccnc3cc(OC)c(OC)cc23)ccc1NC(=O)NC(C)c1nccs1,Kd,18.0,1
VEGFR2,CHEMBL279,CHEMBL1230020,CCCS(=O)(=O)Nc1ccc(F)c(C(=O)c2c[nH]c3ncc(Cl)cc23)c1F,Kd,2100.0,0
VEGFR2,CHEMBL279,CHEMBL1287853,Cc1cnc(Nc2ccc(OCCN3CCCC3)cc2)nc1Nc1cccc(S(=O)(=O)NC(C)(C)C)c1,Kd,5200.0,0
VEGFR2,CHEMBL279,CHEMBL1908397,O=C(c1ccc(/C=C/c2n[nH]c3ccccc23)cc1)N1CCNCC1,Kd,120.0,1
VEGFR2,CHEMBL279,CHEMBL1241674,CC(C)n1nc(-c2cc3cc(O)ccc3[nH]2)c2c(N)ncnc21,Kd,1200.0,0
VEGFR2,CHEMBL279,CHEMBL475251,COc1cc(Nc2ncc(F)c(Nc3ccc4c(n3)NC(=O)C(C)(C)O4)n2)cc(OC)c1OC,Kd,40.0,1
VEGFR2,CHEMBL279,CHEMBL386051,CSc1cccc(Nc2ncc3cc(-c4c(Cl)cccc4Cl)c(=O)n(C)c3n2)c1,Kd,690.0,1
VEGFR2,CHEMBL279,CHEMBL2029988,COc1cc2ncnc(Oc3cccc(NC(=O)Nc4cc(C(C)(C)C(F)(F)F)on4)c3)c2cc1OC,Kd,8.0,1
VEGFR2,CHEMBL279,CHEMBL2063878,CCN(CC)CCNC(=O)c1c(C)[nH]c(/C=C2\C(=O)Nc3ccc(I)cc32)c1C,Kd,16.0,1
VEGFR2,CHEMBL279,CHEMBL2153823,CCN(CC)CCNC(=O)c1c(C)[nH]c(/C=C2\C(=O)Nc3ccc(OC)cc32)c1C,Kd,20.0,1
VEGFR2,CHEMBL279,CHEMBL3989516,COc1cc(Nc2ncc(F)c(Nc3ccc4c(n3)N(COP(=O)([O-])[O-])C(=O)C(C)(C)O4)n2)cc(OC)c1OC.O.O.O.O.O.O.[Na+].[Na+],Kd,70.0,1
VEGFR2,CHEMBL279,CHEMBL1289601,COc1cc2nccc(Oc3ccc(NC(=O)NC4CC4)c(Cl)c3)c2cc1C(N)=O,Kd,2.1,1
VEGFR2,CHEMBL279,CHEMBL2148124,CCN1CCN(Cc2ccc(NC(=O)c3cccc(-c4ccc5nc(NC(=O)C6CC6)sc5n4)c3)cc2C(F)(F)F)CC1,Kd,58.0,1
VEGFR2,CHEMBL279,CHEMBL3957061,Cn1ccc(-c2ccc3c(c2)ncn3-c2ccc(CC(=O)Nc3cc(C(C)(C)C)on3)cc2)c1,Kd,1.0,1
VEGFR2,CHEMBL279,CHEMBL3703194,Cc1c(C(=O)Nc2ccc(Oc3ccnc(NC(=O)C4CC4)c3)cn2)c(=O)n(-c2ccccc2)n1C,Kd,3.2,1
VEGFR2,CHEMBL279,CHEMBL3703195,Cc1c(C(=O)Nc2ccc(Oc3ccnc(C(N)=O)c3)c(F)c2)c(=O)n(-c2ccccc2)n1C,Kd,450.0,1
VEGFR2,CHEMBL279,CHEMBL3703196,Cc1c(C(=O)Nc2ccc(Oc3ccnc(NC(=O)C4CC4)c3)c(F)c2)c(=O)n(-c2ccccc2)n1C,Kd,6.3,1
VEGFR2,CHEMBL279,CHEMBL3703197,Cc1c(C(=O)Nc2ccc(Oc3ccnc(NC(=O)C4CC4)c3)cc2)c(=O)n(-c2ccccc2)n1C,Kd,2.9,1
VEGFR2,CHEMBL279,CHEMBL3951686,Cc1ccc(F)c(NC(=O)Nc2ccc(-c3cccn4nnc(N)c34)cc2)c1,Kd,2300.0,0
VEGFR2,CHEMBL279,CHEMBL3959956,Cc1ccc(F)c(NC(=O)Nc2ccc(-c3cccc4nnc(N)n34)cc2)c1,Kd,2800.0,0
VEGFR2,CHEMBL279,CHEMBL4465866,CO[C@@H]1[C@H](NCCOCCOCCOCCNC(=O)CCC2=[N+]3C(=Cc4c(C)cc(C)n4[B-]3(F)F)C=C2)C[C@H]2O[C@]1(C)n1c3ccccc3c3c4c(c5c6ccccc6n2c5c31)C(=O)NC4,Kd,193.0,1
VEGFR2,CHEMBL279,CHEMBL4576489,CO[C@@H]1[C@H](N(C)CCOCCOCCOCCNC(=O)CCC2=[N+]3C(=Cc4c(C)cc(C)n4[B-]3(F)F)C=C2)C[C@H]2O[C@]1(C)n1c3ccccc3c3c4c(c5c6ccccc6n2c5c31)C(=O)NC4,Kd,135.0,1
VEGFR2,CHEMBL279,CHEMBL3907057,Cc1cc(C)c(-n2ccn3nc(-c4cccnc4)cc23)cc1NC(=O)c1cc(C#N)cc(S(F)(F)(F)(F)F)c1,Kd,1600.0,0
VEGFR2,CHEMBL279,CHEMBL6038472,COc1cc(OC)c2c(c1)N(c1ccc3ncc(-c4cn[nH]c4)nc3c1)CCN(C(C)C)C2,Kd,741.0,1
VEGFR2,CHEMBL279,CHEMBL5890679,CCn1cc(-c2cnc3ccc(N4CCN(C(C)C)Cc5c(OC)cc(OC)cc54)cc3n2)cn1,Kd,1700.0,0
VEGFR2,CHEMBL279,CHEMBL5923157,COc1cc(OC)c2c(c1)N(c1ccc3ncc(-c4cnn(C)c4)nc3c1)CCCN(C(C)C)C2,Kd,922.0,1
VEGFR2,CHEMBL279,CHEMBL5770531,Cc1ccc(F)c(NC(=O)Nc2ccc(-c3cccn4nncc34)cc2)c1,Kd,2300.0,0
VEGFR2,CHEMBL279,CHEMBL6003324,Cc1ccc(F)c(NC(=O)Nc2cnn(-c3cccc4[nH]nc(N)c34)c2)c1,Kd,510000.0,0
VEGFR2,CHEMBL279,CHEMBL5957117,Cc1cc(C(=O)Nc2cc(OC3=CC=C4NC(NC(=O)CC5COC5)=CN4N3)ccc2C)n(C)n1,Kd,1100.0,0
VEGFR2,CHEMBL279,CHEMBL5905916,Cc1cc(C(=O)Nc2cc(OC3=CC=C4NC(NC(=O)CN5CC[C@H](N(C)C)C5)=CN4N3)ccc2C)n(C)n1,Kd,1600.0,0
VEGFR2,CHEMBL279,CHEMBL6054639,Cc1cc(C(=O)Nc2cc(OC3=CC=C4NC(NC(=O)CCCN5CCC6(CC5)COC6)=CN4N3)ccc2C)n(C)n1,Kd,1300.0,0
VEGFR2,CHEMBL279,CHEMBL5917006,Cc1cc(C(=O)Nc2cc(OC3=CC=C4NC(NC(=O)NC5COC5)=CN4N3)ccc2C)n(C)n1,Kd,1100.0,0
VEGFR2,CHEMBL279,CHEMBL5902985,Cc1ccc(OC2=CC=C3NC(NC(=O)NC4COC4)=CN3N2)cc1NC(=O)c1cccc(F)c1,Kd,410.0,1
VEGFR2,CHEMBL279,CHEMBL5844452,Cc1ccc(OC2=CC=C3NC(NC(=O)OC(C)(C)C)=CN3N2)cc1NC(=O)c1cccc(CN2CCCCC2)c1,Kd,2500.0,0
VEGFR2,CHEMBL279,CHEMBL5926910,Cc1ccc(OC2=CC=C3NC(NC(=O)C4CC4)=CN3N2)cc1NC(=O)c1cccc(CN2CCCCC2)c1,Kd,1900.0,0
VEGFR2,CHEMBL279,CHEMBL5852897,COCCOc1cccc(C(=O)Nc2cc(OC3=CC=C4NC(NC(=O)C5CC5)=CN4N3)ccc2C)c1,Kd,440.0,1
VEGFR2,CHEMBL279,CHEMBL6062718,Cc1ccc(OC2=CC=C3NC(NC(=O)C4CC4)=CN3N2)cc1NC(=O)c1cccc(Oc2ccccc2)c1,Kd,6100.0,0
VEGFR2,CHEMBL279,CHEMBL5950958,Cc1ccc(OC2=CC=C3NC(NC(=O)C4CC4)=CN3N2)cc1NC(=O)c1cccc(OCCN2CCCC2)c1,Kd,1000.0,0
VEGFR2,CHEMBL279,CHEMBL5743792,COc1cc2c(Oc3ccc(NC(=O)Nc4cc(C)on4)c(Cl)c3)ncnc2cc1OCCCN1CCC2(CC1)COC2,Kd,490.0,1
VEGFR2,CHEMBL279,CHEMBL5871535,COc1cc2c(Oc3ccc(NC(=O)Nc4cc(C)ccc4F)c(Cl)c3)ncnc2cc1OCCCN1CCC2(CC1)COC2,Kd,3200.0,0
VEGFR2,CHEMBL279,CHEMBL6063089,COc1cc2c(Oc3ccc(NC(=O)c4cc(C)nn4C)c(Cl)c3)ncnc2cc1OCCCN1CCC2(CC1)COC2,Kd,37000.0,0
VEGFR2,CHEMBL279,CHEMBL5801104,COc1cc2c(Oc3ccc(NC(=O)Nc4ccc(Cl)c(C(F)(F)F)c4)c(Cl)c3)ncnc2cc1OCCCN1CCC2(CC1)COC2,Kd,20000.0,0
VEGFR2,CHEMBL279,CHEMBL6036544,COc1cc2c(Oc3ccc(NC(=O)Nc4ccsc4)c(Cl)c3)ncnc2cc1OCCCN1CCC2(CC1)COC2,Kd,520.0,1
VEGFR2,CHEMBL279,CHEMBL6059028,CCCNC(=O)Nc1ccc(Oc2ncnc3cc(OCCCN4CCC5(CC4)COC5)c(OC)cc23)cc1Cl,Kd,1000.0,0
VEGFR2,CHEMBL279,CHEMBL5763542,COc1cc2c(Oc3ccc(NC(=O)c4cc(C)nn4C)c(C)c3)ncnc2cc1OCCCN1CCC2(CC1)COC2,Kd,58000.0,0
VEGFR2,CHEMBL279,CHEMBL5896658,COc1cc2c(Oc3ccc(NC(=O)Nc4cc(C)ccc4F)c(Cl)c3)ccnc2cc1OCCCN1CCC2(CC1)COC2,Kd,4800.0,0
VEGFR2,CHEMBL279,CHEMBL5960738,COc1cc2c(Oc3ccc(NC(=O)Nc4cc(C)on4)c(Cl)c3)ccnc2cc1OCCCN1CCC2(CC1)COC2,Kd,690.0,1
VEGFR2,CHEMBL279,CHEMBL5871499,COc1cc2c(Oc3ccc(NC(=O)Nc4cc(C)on4)c(Cl)c3)ncnc2cc1OCCCC(=O)N1CCC2(CC1)COC2,Kd,1300.0,0
VEGFR2,CHEMBL279,CHEMBL5990588,COc1cc2c(Oc3ccc(NC(=O)Nc4cc(C)ccc4F)c(Cl)c3)ncnc2cc1OCCCC(=O)N1CCC2(CC1)COC2,Kd,10000.0,0
VEGFR2,CHEMBL279,CHEMBL5883046,COc1cc2c(Oc3ccc(NC(=O)Nc4cc(C)ccc4F)c(Cl)c3)ccnc2cc1OCCCC(=O)N1CCC2(CC1)COC2,Kd,31000.0,0
VEGFR2,CHEMBL279,CHEMBL5837285,COc1cc2c(Oc3ccc(NC(=O)Nc4cc(C)ccc4F)cc3)ccnc2cc1OCCCC(=O)N1CCC2(CC1)COC2,Kd,8700.0,0
VEGFR2,CHEMBL279,CHEMBL6049587,COc1cc2c(Oc3ccc(NC(=O)Nc4cc(C)ccc4F)c(Cl)c3)ncnc2cc1OCCCOC1COC1,Kd,14000.0,0
VEGFR2,CHEMBL279,CHEMBL6031842,COc1cc2c(Oc3ccc(NC(=O)Nc4cc(C)on4)c(Cl)c3)ncnc2cc1OCCCOC1COC1,Kd,980.0,1
VEGFR2,CHEMBL279,CHEMBL5944659,COc1cc2c(Oc3ccc(NC(=O)Nc4cc(C)ccc4F)c(Cl)c3)ccnc2cc1OCCCOC1COC1,Kd,25000.0,0
VEGFR2,CHEMBL279,CHEMBL6056347,COc1cc2ncnc(Oc3ccc(NC(=O)Nc4ccccc4CN4CCOCC4)c(Cl)c3)c2cc1OC,Kd,120000.0,0
VEGFR2,CHEMBL279,CHEMBL5875556,COc1cc2ncnc(Oc3ccc(NC(=O)Nc4ccc(CN5CCOCC5)cc4)c(Cl)c3)c2cc1OC,Kd,3300.0,0
VEGFR2,CHEMBL279,CHEMBL5825940,COc1cc2ncnc(Oc3ccc(NC(=O)Nc4ccccc4CN4CCN(C)CC4)c(Cl)c3)c2cc1OC,Kd,27000.0,0
VEGFR2,CHEMBL279,CHEMBL6021947,COc1cc2ncnc(Oc3ccc(NC(=O)Nc4ccc(CN5CCN(C)CC5)cc4)c(Cl)c3)c2cc1OC,Kd,1700.0,0
VEGFR2,CHEMBL279,CHEMBL5902413,COc1cc2ncnc(Oc3ccc(NC(=O)Nc4ccc(OCCCN(C)C)cc4)c(Cl)c3)c2cc1OC,Kd,2400.0,0
VEGFR2,CHEMBL279,CHEMBL6049098,COc1cc2ncnc(Oc3ccc(NC(=O)Nc4cccc(CN(C)CCO)c4)c(Cl)c3)c2cc1OC,Kd,1300.0,0
VEGFR2,CHEMBL279,CHEMBL5863304,CCN1CCN(c2ccc(Cl)cc2NC(=O)Nc2ccc(Oc3ncnc4cc(OC)c(OC)cc34)cc2Cl)CC1,Kd,10000.0,0
VEGFR2,CHEMBL279,CHEMBL5979726,Cc1cc(C(=O)Nc2cc(Oc3ccc4nc(NC(=O)CC5COC5)cn4n3)ccc2C)n(C)n1,Kd,1100.0,0
VEGFR2,CHEMBL279,CHEMBL5958664,Cc1cc(C(=O)Nc2cc(Oc3ccc4nc(NC(=O)CN5CC[C@H](N(C)C)C5)cn4n3)ccc2C)n(C)n1,Kd,1600.0,0
VEGFR2,CHEMBL279,CHEMBL5969024,Cc1cc(C(=O)Nc2cc(Oc3ccc4nc(NC(=O)CCCN5CCC6(CC5)COC6)cn4n3)ccc2C)n(C)n1,Kd,1300.0,0
VEGFR2,CHEMBL279,CHEMBL5966813,Cc1cc(C(=O)Nc2cc(Oc3ccc4nc(NC(=O)NC5COC5)cn4n3)ccc2C)n(C)n1,Kd,1100.0,0
VEGFR2,CHEMBL279,CHEMBL5763317,Cc1ccc(Oc2ccc3nc(NC(=O)CC4COC4)cn3n2)cc1NC(=O)c1cccc(F)c1,Kd,410.0,1
VEGFR2,CHEMBL279,CHEMBL5765070,Cc1ccc(Oc2ccc3nc(NC(=O)C4CC4)cn3n2)cc1NC(=O)c1cccc(CN2CCCCC2)c1,Kd,2500.0,0
VEGFR2,CHEMBL279,CHEMBL5845743,Cc1ccc(Oc2ccc3nc(NC(=O)C4CC4)cn3n2)cc1NC(=O)c1ccc(CN2CCCCC2)cc1,Kd,1900.0,0
VEGFR2,CHEMBL279,CHEMBL6058340,Cc1ccc(Oc2ccc3nc(NC(=O)C4CC4)cn3n2)cc1NC(=O)c1ccccc1CN1CCCCC1,Kd,110000.0,0
VEGFR2,CHEMBL279,CHEMBL5788480,COCCOc1cccc(C(=O)Nc2cc(Oc3ccc4nc(NC(=O)C5CC5)cn4n3)ccc2C)c1,Kd,440.0,1
VEGFR2,CHEMBL279,CHEMBL6054473,Cc1ccc(Oc2ccc3nc(NC(=O)C4CC4)cn3n2)cc1NC(=O)c1cccc(OCc2ccccc2)c1,Kd,6100.0,0
VEGFR2,CHEMBL279,CHEMBL6031560,Cc1ccc(Oc2ccc3nc(NC(=O)C4CC4)cn3n2)cc1NC(=O)c1cccc(OCCN2CCCC2)c1,Kd,1000.0,0
VEGFR2,CHEMBL279,CHEMBL5990110,COc1cc2c(Oc3ccc4[nH]c(C)cc4c3F)ncnc2cc1OCCCN1CCC2(CC1)COC2,Kd,330.0,1
VEGFR2,CHEMBL279,CHEMBL5953830,COc1cc2c(Oc3ccc4[nH]c(C)cc4c3F)ncnc2cc1OCCCC(=O)C1OCC12CCNCC2,Kd,730.0,1
VEGFR2,CHEMBL279,CHEMBL5784464,COc1cc2ncnc(Oc3ccc4c(cc(C)n4C(=O)Nc4ccc(Cl)c(C(F)(F)F)c4)c3F)c2cc1OC,Kd,380000.0,0
VEGFR2,CHEMBL279,CHEMBL6054587,COc1cc2ncnc(Oc3ccc4c(cc(C)n4C(=O)Nc4ccccc4C(F)(F)F)c3F)c2cc1OC,Kd,56000.0,0
VEGFR2,CHEMBL279,CHEMBL6024971,Cc1cc(C(=O)Nc2cc(Oc3ccc4nc(NC(=O)CN5CC[C@H](C(C)C)C5)cn4n3)ccc2C)n(C)n1,Kd,1600.0,0
VEGFR2,CHEMBL279,CHEMBL5780675,Cc1cc(C(=O)Nc2cc(Oc3ccc4nc(NC(=O)CN5CCC6(CC5)COC6)cn4n3)ccc2C)n(C)n1,Kd,1300.0,0
VEGFR2,CHEMBL279,CHEMBL5768938,Cc1ccc(Oc2ccc3nc(NC(=O)C4CC4)cn3n2)cc1NC(=O)C1CCCCC1,Kd,2500.0,0
VEGFR2,CHEMBL279,CHEMBL5799643,COCCOc1ccccc1C(=O)Nc1cc(Oc2ccc3nc(NC(=O)C4CC4)cn3n2)ccc1C,Kd,440.0,1
VEGFR2,CHEMBL279,CHEMBL5834942,CCCCOc1ccccc1C(=O)Nc1cc(Oc2ccc3nc(NC(=O)C4CC4)cn3n2)ccc1C,Kd,6100.0,0
VEGFR2,CHEMBL279,CHEMBL5857087,Cc1ccc(Oc2ccc3nc(NC(=O)C4CC4)cn3n2)cc1NC(=O)c1ccccc1OCCN1CCCC1,Kd,1000.0,0
VEGFR2,CHEMBL279,CHEMBL5773212,COc1cc2c(Oc3ccc4[nH]c(C)cc4c3F)ncnc2cc1OCCCC(=O)N1CCC2(CC1)COC2,Kd,730.0,1
VEGFR2,CHEMBL279,CHEMBL5822822,COc1ccc(NC(=O)n2c(C)cc3c(F)c(Oc4ncnc5cc(OC)c(OC)cc45)ccc32)cc1,Kd,380000.0,0
VEGFR2,CHEMBL279,CHEMBL5795824,COc1cc(CO)c2c(c1)N(c1ccc3ncc(-c4cnn(C)c4)nc3n1)CCN(C(C)C)C2,Kd,269.0,1
VEGFR2,CHEMBL279,CHEMBL5940490,COc1cc(CO)c2c(c1)N(c1ccc3ncc(-c4cnn(C)c4)cc3n1)CCN(C(C)C)C2,Kd,1047.0,0
CDK2,CHEMBL301,CHEMBL101052,COc1ccc(Nc2ccnc(Nc3ccc(OCC(O)CN(C)C)cc3)n2)cc1,IC50,36000.0,0
CDK2,CHEMBL301,CHEMBL260416,O=C(Nc1n[nH]c2nc(-c3ccc(O)c(Br)c3)ccc12)C1CC1,IC50,2.0,1
CDK2,CHEMBL301,CHEMBL84944,CC(C)C(CO)Nc1nc(NCc2cccc(O)c2)c2ncn(C(C)C)c2n1,IC50,30.0,1
CDK2,CHEMBL301,CHEMBL419720,CN(C)CC(O)COc1ccc(Nc2ncc(Br)c(N(CCCC(F)(F)F)c3ccccc3)n2)cc1,IC50,200.0,1
CDK2,CHEMBL301,CHEMBL260929,O=C(Nc1n[nH]c2cc(-c3ccc[nH]3)ccc12)C1CC1,IC50,497.0,1
CDK2,CHEMBL301,CHEMBL86066,CC(C)n1cnc2c(NCc3ccccc3)nc(NCCO)nc21,IC50,8000.0,0
CDK2,CHEMBL301,CHEMBL101311,CN(C)CC(O)COc1ccc(Nc2nccc(Nc3cc(Cl)ccc3Cl)n2)cc1,IC50,1000.0,0
CDK2,CHEMBL301,CHEMBL100675,Cc1ccc(Cl)c(Nc2cc(Nc3ccc(OCC(O)CN(C)C)cc3)ncn2)c1,IC50,22000.0,0
CDK2,CHEMBL301,CHEMBL260231,O=C(Nc1n[nH]c2nc(-c3cccs3)c(Br)cc12)C1CC1,IC50,639.0,1
CDK2,CHEMBL301,CHEMBL99689,CN(C)CC(O)COc1ccc(Nc2nccc(Nc3ccccc3C#N)n2)cc1,IC50,4000.0,0
CDK2,CHEMBL301,CHEMBL100811,CN(C)CC(O)COc1ccc(Nc2cc(Nc3ccccc3Br)ncn2)cc1,IC50,28000.0,0
CDK2,CHEMBL301,CHEMBL328623,Cc1ccc(F)c(Nc2cc(Nc3ccc(OCC(O)CN(C)C)cc3)ncn2)c1,IC50,81000.0,0
CDK2,CHEMBL301,CHEMBL260163,O=C(Nc1n[nH]c2cc(-c3ccc(O)cc3)ccc12)C1CC1,IC50,5.0,1
CDK2,CHEMBL301,CHEMBL421207,O=C(Nc1n[nH]c2cc(-c3ccco3)ccc12)C1CC1,IC50,631.0,1
CDK2,CHEMBL301,CHEMBL427909,O=C(Nc1n[nH]c2nc(-c3ccc(O)cc3)c(-c3ccccc3)cc12)C1CC1,IC50,5.0,1
CDK2,CHEMBL301,CHEMBL315837,CC(C)n1cnc2c(NC3CCCC3)nc(NCCCO)nc21,IC50,900.0,1
CDK2,CHEMBL301,CHEMBL83980,CC(C)n1cnc2c(NCc3ccccc3)nc(NCCCO)nc21,IC50,800.0,1
CDK2,CHEMBL301,CHEMBL101156,CN(C)CC(O)COc1ccc(Nc2nccc(N(CCC#N)c3cc(Cl)ccc3Cl)n2)cc1,IC50,3000.0,0
CDK2,CHEMBL301,CHEMBL101473,Cc1cnc(Nc2ccc(OCC(O)CN(C)C)cc2)nc1Nc1ccccc1,IC50,8000.0,0
CDK2,CHEMBL301,CHEMBL260928,O=C(Nc1n[nH]c2cc(-c3ccsc3)ccc12)C1CC1,IC50,484.0,1
CDK2,CHEMBL301,CHEMBL99687,Cc1ccc(Nc2ccnc(Nc3ccc(OCC(O)CN(C)C)cc3)n2)cc1,IC50,26000.0,0
CDK2,CHEMBL301,CHEMBL84140,CC(C)n1cnc2c(N)nc(NCCCO)nc21,IC50,2400.0,0
CDK2,CHEMBL301,CHEMBL101887,CN(C)CC(O)COc1ccc(Nc2nccc(N(CCCC(F)(F)F)c3cc(Cl)ccc3Cl)n2)cc1,IC50,12000.0,0
CDK2,CHEMBL301,CHEMBL407981,CCN1CCN(CCCC(=O)Nc2n[nH]c3nc(-c4ccc(O)cc4)c(Br)cc23)CC1,IC50,60.0,1
CDK2,CHEMBL301,CHEMBL259838,O=C(Nc1n[nH]c2nc(-c3ccc(O)c(Cl)c3)ccc12)C1CC1,IC50,2.0,1
CDK2,CHEMBL301,CHEMBL101868,COc1ccccc1Nc1cc(Nc2ccc(OCC(O)CN(C)C)cc2)ncn1,IC50,85000.0,0
CDK2,CHEMBL301,CHEMBL322640,CN(C)CC(O)COc1ccc(Nc2cc(Nc3cc(Cl)ccc3Cl)ncn2)cc1,IC50,22000.0,0
CDK2,CHEMBL301,CHEMBL430507,CN(C)CC(O)COc1ccc(Nc2nccc(N(CC#N)c3cc(Cl)ccc3Cl)n2)cc1,IC50,700.0,1
CDK2,CHEMBL301,CHEMBL100391,CN(C)CC(O)COc1ccc(Nc2ncc(Cl)c(Nc3ccccc3)n2)cc1,IC50,500.0,1
CDK2,CHEMBL301,CHEMBL408019,O=C(Nc1n[nH]c2nc(-c3cccc(O)c3)ccc12)C1CC1,IC50,62.0,1
CDK2,CHEMBL301,CHEMBL99647,CN(C)CC(O)COc1ccc(Nc2cc(Nc3ccccc3Cl)ncn2)cc1,IC50,95000.0,0
CDK2,CHEMBL301,CHEMBL280074,Cn1cnc2c(NCc3ccccc3)nc(NCCO)nc21,IC50,1200.0,0
CDK2,CHEMBL301,CHEMBL101679,CN(C)CC(O)COc1ccc(Nc2nccc(Nc3ccccc3Cl)n2)cc1,IC50,6000.0,0
CDK2,CHEMBL301,CHEMBL322019,C#CCN(c1ccnc(Nc2ccc(OCC(O)CN(C)C)cc2)n1)c1cc(Cl)ccc1Cl,IC50,2000.0,0
CDK2,CHEMBL301,CHEMBL99948,Cc1ccc(Cl)c(Nc2ccnc(Nc3ccc(OCC(O)CN(C)C)cc3)n2)c1,IC50,5000.0,0
CDK2,CHEMBL301,CHEMBL260417,O=C(Nc1n[nH]c2nc(-c3ccc(O)cc3)c(Br)cc12)C1CC1,IC50,5.0,1
CDK2,CHEMBL301,CHEMBL84436,CC(C)n1cnc2c(NCc3ccccc3)nc(NC[C@@H](C)O)nc21,IC50,200.0,1
CDK2,CHEMBL301,CHEMBL101019,CN(C)CC(O)COc1ccc(Nc2nccc(Nc3ccccc3F)n2)cc1,IC50,7000.0,0
CDK2,CHEMBL301,CHEMBL103633,CN(C)CC(O)COc1ccc(Nc2nccc(Nc3ccccc3Br)n2)cc1,IC50,7000.0,0
CDK2,CHEMBL301,CHEMBL317629,CN(C)CC(O)COc1ccc(Nc2nccc(Nc3cccc(Cl)c3)n2)cc1,IC50,5000.0,0
CDK2,CHEMBL301,CHEMBL100664,COc1ccccc1Nc1ccnc(Nc2ccc(OCC(O)CN(C)C)cc2)n1,IC50,15000.0,0
CDK2,CHEMBL301,CHEMBL318522,O=C(Nc1n[nH]c2cc(-c3cccs3)ccc12)C1CC1,IC50,341.0,1
CDK2,CHEMBL301,CHEMBL430854,CN(C)CC(O)COc1ccc(Nc2nccc(Nc3ccc(Cl)cc3)n2)cc1,IC50,18000.0,0
CDK2,CHEMBL301,CHEMBL101468,Cc1ccc(F)c(Nc2ccnc(Nc3ccc(OCC(O)CN(C)C)cc3)n2)c1,IC50,2000.0,0
CDK2,CHEMBL301,CHEMBL101810,CN(C)CC(O)COc1ccc(Nc2nccc(Nc3cc(C(F)(F)F)ccc3F)n2)cc1,IC50,1000.0,0
CDK2,CHEMBL301,CHEMBL101557,CN(C)CC(O)COc1ccc(Nc2cc(Nc3cc(C(F)(F)F)ccc3F)ncn2)cc1,IC50,35000.0,0
CDK2,CHEMBL301,CHEMBL102047,CN(C)CC(O)COc1ccc(Nc2nccc(Nc3ccccc3)n2)cc1,IC50,34000.0,0
CDK2,CHEMBL301,CHEMBL419534,CN(C)CC(O)COc1ccc(Nc2ncc(Br)c(Nc3ccccc3)n2)cc1,IC50,300.0,1
CDK2,CHEMBL301,CHEMBL85015,CC(C)n1cnc2c(NCc3ccccc3)ncnc21,IC50,4500.0,0
CDK2,CHEMBL301,CHEMBL405145,O=C(Nc1n[nH]c2nc(-c3ccc(O)cc3)ccc12)C1CC1,IC50,13.0,1
CDK2,CHEMBL301,CHEMBL270054,NS(=O)(=O)c1ccc(N/N=C2\C(=O)Nc3ccc(Cl)cc32)cc1,IC50,30.0,1
CDK2,CHEMBL301,CHEMBL421583,Cc1ccc(N(CC#N)c2cc(Nc3ccc(OCC(O)CN(C)C)cc3)ncn2)c(Br)c1,IC50,3000.0,0
CDK2,CHEMBL301,CHEMBL317281,CN(C)CC(O)COc1ccc(Nc2cc(Nc3ccc(F)cc3F)ncn2)cc1,IC50,93000.0,0
CDK2,CHEMBL301,CHEMBL101119,CN(C)CC(O)COc1ccc(Nc2cc(N(CC#N)c3cc(Cl)ccc3Cl)ncn2)cc1,IC50,1000.0,0
CDK2,CHEMBL301,CHEMBL317378,CN(C)CC(O)COc1ccc(Nc2cc(N(CCC#N)c3cc(Cl)ccc3Cl)ncn2)cc1,IC50,5000.0,0
CDK2,CHEMBL301,CHEMBL418793,Cc1ccccc1Nc1cc(Nc2ccc(OCC(O)CN(C)C)cc2)ncn1,IC50,39000.0,0
CDK2,CHEMBL301,CHEMBL100945,C#CCN(c1cc(Nc2ccc(OCC(O)CN(C)C)cc2)ncn1)c1cc(Cl)ccc1Cl,IC50,19000.0,0
CDK2,CHEMBL301,CHEMBL99699,CC(C)c1ccccc1Nc1cc(Nc2ccc(OCC(O)CN(C)C)cc2)ncn1,IC50,24000.0,0
CDK2,CHEMBL301,CHEMBL101558,CN(C)CC(O)COc1ccc(Nc2cc(Nc3c(F)cccc3F)ncn2)cc1,IC50,38000.0,0
CDK2,CHEMBL301,CHEMBL316887,CN(C)CC(O)COc1ccc(Nc2cc(Nc3ccccc3[N+](=O)[O-])ncn2)cc1,IC50,25000.0,0
CDK2,CHEMBL301,CHEMBL405042,C/C(Nc1ccc(S(N)(=O)=O)cc1)=C1/C(=O)Nc2ccccc21,IC50,360.0,1
CDK2,CHEMBL301,CHEMBL48362,CN1CCC(c2c(O)cc(O)c3c2O/C(=C\c2ccc(S(N)(=O)=O)cc2)C3=O)CC1,IC50,30.0,1
CDK2,CHEMBL301,CHEMBL271822,COc1ccc2c(c1Cl)/C(=N/Nc1ccc(S(N)(=O)=O)cc1)C(=O)N2,IC50,54.0,1
CDK2,CHEMBL301,CHEMBL1276446,O=C1Nc2ccc3ncsc3c2/C1=C/Nc1ccc(S(=O)(=O)Nc2ccccn2)cc1,IC50,9.7,1
CDK2,CHEMBL301,CHEMBL45477,CN1CCC(c2c(O)cc(O)c3c2O/C(=C\c2ccc([N+](=O)[O-])cc2)C3=O)CC1,IC50,310.0,1
CDK2,CHEMBL301,CHEMBL1964242,O=C1Nc2ccc3ncsc3c2/C1=C/Nc1ccc(S(=O)(=O)NCc2ccccc2)cc1,IC50,5.6,1
CDK2,CHEMBL301,CHEMBL1964246,O=C1Nc2ccc3ncsc3c2/C1=C/Nc1ccc(S(=O)(=O)NCCO)cc1,IC50,4.7,1
CDK2,CHEMBL301,CHEMBL412097,C/C(Nc1ccc(S(N)(=O)=O)cc1)=C1/C(=O)Nc2ccc(Cl)cc21,IC50,22.0,1
CDK2,CHEMBL301,CHEMBL409731,COC(=O)c1ccc2c(c1)/C(=C/Nc1ccc(S(N)(=O)=O)cc1)C(=O)N2,IC50,2.1,1
CDK2,CHEMBL301,CHEMBL1964247,CN(C)S(=O)(=O)c1ccc(N/C=C2\C(=O)Nc3ccc4ncsc4c32)cc1,IC50,4.6,1
CDK2,CHEMBL301,CHEMBL272414,CN(C)c1ccc2c(c1)/C(=C/Nc1ccc(S(N)(=O)=O)cc1)C(=O)N2,IC50,310.0,1
CDK2,CHEMBL301,CHEMBL51709,CN1CCC(c2c(O)cc(O)c3c2O/C(=C\c2ccccc2)C3=O)CC1,IC50,1280.0,0
CDK2,CHEMBL301,CHEMBL411490,Cc1ccc2c(c1Cl)/C(=N/Nc1ccc(S(N)(=O)=O)cc1)C(=O)N2,IC50,13.0,1
CDK2,CHEMBL301,CHEMBL1964245,CNS(=O)(=O)c1ccc(N/C=C2\C(=O)Nc3ccc4ncsc4c32)cc1,IC50,5.6,1
CDK2,CHEMBL301,CHEMBL1964244,O=C1Nc2ccc3ncsc3c2/C1=C/Nc1ccc(S(=O)(=O)Nc2ccccc2)cc1,IC50,4.3,1
CDK2,CHEMBL301,CHEMBL410293,NS(=O)(=O)c1ccc(N/C=C2\C(=O)Nc3cc(CO)ccc32)cc1,IC50,61.0,1
CDK2,CHEMBL301,CHEMBL1794055,NS(=O)(=O)c1ccc(NC=C2C(=O)Nc3ccc4ncsc4c32)cc1,IC50,2.8,1
CDK2,CHEMBL301,CHEMBL271137,NS(=O)(=O)c1ccc(N/C=C2\C(=O)Nc3cccc(CO)c32)cc1,IC50,54.0,1
CDK2,CHEMBL301,CHEMBL272667,Cc1c([N+](=O)[O-])ccc2c1/C(=N/Nc1ccc(S(N)(=O)=O)cc1)C(=O)N2,IC50,4.6,1
CDK2,CHEMBL301,CHEMBL269850,NS(=O)(=O)c1ccc(N/C=C2\C(=O)Nc3ccccc32)cc1,IC50,690.0,1
CDK2,CHEMBL301,CHEMBL48614,CN1CCC(c2c(O)cc(O)c3c2O/C(=C\c2ccccc2Cl)C3=O)CC1,IC50,3970.0,0
CDK2,CHEMBL301,CHEMBL1964243,CC(=O)NS(=O)(=O)c1ccc(N/C=C2\C(=O)Nc3ccc4ncsc4c32)cc1,IC50,75.0,1
CDK2,CHEMBL301,CHEMBL58466,O=C1Nc2cccc(C3CCNCC3)c2/C1=C/c1[nH]cc2c1CCNC2=O,IC50,49.0,1
CDK2,CHEMBL301,CHEMBL272389,CS(=O)(=O)c1ccc2c(c1)/C(=N/Nc1ccc(S(N)(=O)=O)cc1)C(=O)N2,IC50,16.0,1
CDK2,CHEMBL301,CHEMBL300767,COc1ccc2c(c1)/C(=C/c1[nH]cc3c1CCOC3=O)C(=O)N2,IC50,40.0,1
CDK2,CHEMBL301,CHEMBL57325,O=C1Nc2cc(-c3ccccc3)ccc2/C1=C/c1[nH]cc2c1CCNC2=O,IC50,5700.0,0
CDK2,CHEMBL301,CHEMBL432491,NS(=O)(=O)c1ccc2c(c1)/C(=C/c1[nH]cc3c1CCOC3=O)C(=O)N2,IC50,12.0,1
CDK2,CHEMBL301,CHEMBL312273,CC(=O)NCCNc1cc(-c2ccc[nH]2)c2c3c(ccc(F)c13)NC2=O,IC50,127.0,1
CDK2,CHEMBL301,CHEMBL411865,NS(=O)(=O)c1ccc(N/N=C2\C(=O)Nc3cccc(CCc4ccc(O)cc4)c32)cc1,IC50,12.0,1
CDK2,CHEMBL301,CHEMBL272684,NS(=O)(=O)c1ccc(N/N=C2\C(=O)Nc3cccc(-c4cc[nH]n4)c32)cc1,IC50,19.0,1
CDK2,CHEMBL301,CHEMBL269827,NS(=O)(=O)c1ccc(N/N=C2\C(=O)Nc3ccc(-c4cnco4)cc32)cc1,IC50,2.3,1
CDK2,CHEMBL301,CHEMBL60541,CNS(=O)(=O)c1ccc2c(c1)/C(=C/c1[nH]cc3c1CCOC3=O)C(=O)N2,IC50,4.0,1
CDK2,CHEMBL301,CHEMBL311992,NCCOc1cc(-c2ccc[nH]2)c2c3c(ccc(F)c13)NC2=O,IC50,12.0,1
CDK2,CHEMBL301,CHEMBL82603,Cc1cc(-c2ccc[nH]2)c2c3c(ccc(F)c13)NC2=O,IC50,376.0,1
CDK2,CHEMBL301,CHEMBL410883,NC(=O)c1ccc2c(c1)/C(=N/Nc1ccc(S(N)(=O)=O)cc1)C(=O)N2,IC50,4.5,1
CDK2,CHEMBL301,CHEMBL294884,CNS(=O)(=O)c1ccc2c(c1)/C(=C/c1[nH]cc3c1CCNC3=O)C(=O)N2,IC50,9.0,1
CDK2,CHEMBL301,CHEMBL409619,NS(=O)(=O)c1ccc(N/N=C2\C(=O)Nc3cccc([N+](=O)[O-])c32)cc1,IC50,2400.0,0
CDK2,CHEMBL301,CHEMBL272165,NS(=O)(=O)c1ccc(N/N=C2\C(=O)Nc3ccc(C(=O)NCc4ccncc4)cc32)cc1,IC50,8.9,1
CDK2,CHEMBL301,CHEMBL409690,NS(=O)(=O)c1ccc(N/N=C2\C(=O)Nc3ccc(O)cc32)cc1,IC50,10.0,1
CDK2,CHEMBL301,CHEMBL301639,O=C1Nc2ccc(Cl)cc2/C1=C/c1[nH]cc2c1CCOC2=O,IC50,88.0,1
CDK2,CHEMBL301,CHEMBL79364,O=C1Nc2ccc(F)c3c(OCCCO)cc(-c4ccc[nH]4)c1c23,IC50,18.0,1
CDK2,CHEMBL301,CHEMBL83775,COc1cc(-c2ccc[nH]2)c2c3c(ccc(F)c13)NC2=O,IC50,18.0,1
CDK2,CHEMBL301,CHEMBL83443,CC(C)Cc1cc(-c2ccc[nH]2)c2c3c(ccc(F)c13)NC2=O,IC50,124.0,1
CDK2,CHEMBL301,CHEMBL83499,O=C1Nc2ccc(F)c3c(NCCO)cc(-c4ccc[nH]4)c1c23,IC50,54.0,1
CDK2,CHEMBL301,CHEMBL84284,CC(C)(C)OC(=O)NCCNc1cc(-c2ccc[nH]2)c2c3c(ccc(F)c13)NC2=O,IC50,5500.0,0
CDK2,CHEMBL301,CHEMBL311464,NCCSc1cc(-c2ccc[nH]2)c2c3c(ccc(F)c13)NC2=O,IC50,3.0,1
CDK2,CHEMBL301,CHEMBL271843,Cc1ccc2c(c1)/C(=N/Nc1ccc(S(N)(=O)=O)cc1)C(=O)N2,IC50,46.0,1
CDK2,CHEMBL301,CHEMBL58224,O=C1Nc2cccc(C3CCNCC3)c2/C1=C/c1[nH]cc2c1CCOC2=O,IC50,9.0,1
CDK2,CHEMBL301,CHEMBL84347,CCN(CC)CCNc1cc(-c2ccc[nH]2)c2c3c(ccc(F)c13)NC2=O,IC50,294.0,1
CDK2,CHEMBL301,CHEMBL82251,CCc1cc(-c2ccc[nH]2)c2c3c(ccc(F)c13)NC2=O,IC50,72.0,1
CDK2,CHEMBL301,CHEMBL411491,NS(=O)(=O)c1ccc(N/N=C2\C(=O)Nc3ccc(Br)cc32)cc1,IC50,60.0,1
CDK2,CHEMBL301,CHEMBL83369,O=C1Nc2ccc(F)c3c(SCCO)cc(-c4ccc[nH]4)c1c23,IC50,14.0,1
CDK2,CHEMBL301,CHEMBL79498,O=C1Nc2ccc(F)c3c(S[C@H]4CCNC4)cc(-c4ccc[nH]4)c1c23,IC50,5.0,1
CDK2,CHEMBL301,CHEMBL271160,CC(C)Oc1cccc2c1/C(=N/Nc1ccc(S(N)(=O)=O)cc1)C(=O)N2,IC50,3.4,1
CDK2,CHEMBL301,CHEMBL272387,NS(=O)(=O)c1ccc(N/N=C2\C(=O)Nc3ccc(S(N)(=O)=O)cc32)cc1,IC50,43.0,1
CDK2,CHEMBL301,CHEMBL79356,NCC[S+]([O-])c1cc(-c2ccc[nH]2)c2c3c(ccc(F)c13)NC2=O,IC50,28.0,1
CDK2,CHEMBL301,CHEMBL309767,NCCS(=O)(=O)c1cc(-c2ccc[nH]2)c2c3c(ccc(F)c13)NC2=O,IC50,23.0,1
CDK2,CHEMBL301,CHEMBL58139,CN(C)S(=O)(=O)c1ccc2c(c1)/C(=C/c1[nH]cc3c1CCNC3=O)C(=O)N2,IC50,68.0,1
CDK2,CHEMBL301,CHEMBL270544,CC(C)=Cc1cccc2c1/C(=N/Nc1ccc(S(N)(=O)=O)cc1)C(=O)N2,IC50,1.5,1
CDK2,CHEMBL301,CHEMBL258805,COc1ccc2c(c1)/C(=C/c1cnc[nH]1)C(=O)N2,IC50,110.0,1
CDK2,CHEMBL301,CHEMBL415471,N#CCCc1cc(-c2ccc[nH]2)c2c3c(ccc(F)c13)NC2=O,IC50,5.0,1
CDK2,CHEMBL301,CHEMBL273060,NS(=O)(=O)c1ccc(N/N=C2\C(=O)Nc3ccc(I)cc32)cc1,IC50,11.0,1
CDK2,CHEMBL301,CHEMBL57446,Cc1cccc2c1/C(=C/c1[nH]cc3c1CCOC3=O)C(=O)N2,IC50,270.0,1
CDK2,CHEMBL301,CHEMBL59073,COc1ccc2c(c1)NC(=O)/C2=C\c1[nH]cc2c1CCOC2=O,IC50,1500.0,0
CDK2,CHEMBL301,CHEMBL82767,NCCNc1cc(-c2ccc[nH]2)c2c3c(ccc(F)c13)NC2=O,IC50,12.0,1
CDK2,CHEMBL301,CHEMBL438721,NS(=O)(=O)c1ccc(N/N=C2\C(=O)Nc3ccccc32)cc1,IC50,120.0,1
CDK2,CHEMBL301,CHEMBL293068,O=C1Nc2ccc(C(=O)O)cc2/C1=C/c1[nH]cc2c1CCOC2=O,IC50,4.0,1
CDK2,CHEMBL301,CHEMBL292864,O=C1Nc2ccc(Br)cc2/C1=C/c1[nH]cc2c1CCOC2=O,IC50,190.0,1
CDK2,CHEMBL301,CHEMBL314397,NS(=O)(=O)c1ccc(/N=N/c2c(O)[nH]c3cccc(I)c23)cc1,IC50,4.6,1
CDK2,CHEMBL301,CHEMBL411426,CC(C)c1cccc2c1/C(=N/Nc1ccc(S(N)(=O)=O)cc1)C(=O)N2,IC50,2.5,1
CDK2,CHEMBL301,CHEMBL271842,Nc1ccc2c(c1)/C(=N/Nc1ccc(S(N)(=O)=O)cc1)C(=O)N2,IC50,74.0,1
CDK2,CHEMBL301,CHEMBL1794054,NS(=O)(=O)c1ccc(N/N=C2\C(=O)Nc3cccc(CCc4ccncc4)c32)cc1,IC50,21.0,1
CDK2,CHEMBL301,CHEMBL271183,NS(=O)(=O)c1ccc(N/N=C2\C(=O)Nc3cc(Br)ccc32)cc1,IC50,43.0,1
CDK2,CHEMBL301,CHEMBL273061,NS(=O)(=O)c1ccc(N/N=C2\C(=O)Nc3ccc(F)cc32)cc1,IC50,34.0,1
CDK2,CHEMBL301,CHEMBL409868,CN(C)C(=O)c1ccc2c(c1)/C(=N/Nc1ccc(S(N)(=O)=O)cc1)C(=O)N2,IC50,17.0,1
CDK2,CHEMBL301,CHEMBL417228,COc1ccc2c(c1)/C(=C/c1[nH]cc3c1CCNC3=O)C(=O)N2,IC50,250.0,1
CDK2,CHEMBL301,CHEMBL312018,O=C1Nc2ccc(F)c3ccc(-c4ccc[nH]4)c1c23,IC50,204.0,1
CDK2,CHEMBL301,CHEMBL312726,NCCCc1cc(-c2ccc[nH]2)c2c3c(ccc(F)c13)NC2=O,IC50,7.0,1
CDK2,CHEMBL301,CHEMBL299032,CC(C)NS(=O)(=O)c1ccc2c(c1)/C(=C/c1[nH]cc3c1CCOC3=O)C(=O)N2,IC50,64.0,1
CDK2,CHEMBL301,CHEMBL310755,CCOc1cc(-c2ccc[nH]2)c2c3c(ccc(F)c13)NC2=O,IC50,77.0,1
CDK2,CHEMBL301,CHEMBL79848,O=C1Nc2ccc(F)c3c(OCCO)cc(-c4ccc[nH]4)c1c23,IC50,62.0,1
CDK2,CHEMBL301,CHEMBL411696,CCOc1cccc2c1/C(=N/Nc1ccc(S(N)(=O)=O)cc1)C(=O)N2,IC50,93.0,1
CDK2,CHEMBL301,CHEMBL271953,NS(=O)(=O)c1ccc(N/N=C2\C(=O)Nc3ccc(C(=O)NCc4cccnc4)cc32)cc1,IC50,2.1,1
CDK2,CHEMBL301,CHEMBL442186,O=C1Nc2ccc(F)c3c(SC[C@@H]4CCCN4)cc(-c4ccc[nH]4)c1c23,IC50,18.0,1
CDK2,CHEMBL301,CHEMBL411425,CCc1cccc2c1/C(=N/Nc1ccc(S(N)(=O)=O)cc1)C(=O)N2,IC50,7.9,1
CDK2,CHEMBL301,CHEMBL60990,O=C1Nc2ccc(C(=O)O)cc2/C1=C/c1[nH]cc2c1CCNC2=O,IC50,68.0,1
CDK2,CHEMBL301,CHEMBL411224,CC(C)Cc1cccc2c1/C(=N/Nc1ccc(S(N)(=O)=O)cc1)C(=O)N2,IC50,1.2,1
CDK2,CHEMBL301,CHEMBL271594,CC(C)c1ccc2c(c1)NC(=O)/C2=N/Nc1ccc(S(N)(=O)=O)cc1,IC50,75.0,1
CDK2,CHEMBL301,CHEMBL57256,CN(C)S(=O)(=O)c1ccc2c(c1)/C(=C/c1[nH]cc3c1CCOC3=O)C(=O)N2,IC50,33.0,1
CDK2,CHEMBL301,CHEMBL57639,O=C1Nc2ccc(Br)cc2/C1=C/c1[nH]cc2c1CCNC2=O,IC50,530.0,1
CDK2,CHEMBL301,CHEMBL310529,O=C1Nc2ccc(F)c3c(S(=O)(=O)CCO)cc(-c4ccc[nH]4)c1c23,IC50,15.0,1
CDK2,CHEMBL301,CHEMBL21156,CC(C)(C)c1nc2c3ccc(F)cc3c3c(=O)[nH]ccc3c2[nH]1,IC50,3300.0,0
CDK2,CHEMBL301,CHEMBL271182,CCc1ccc2c(c1)NC(=O)/C2=N\Nc1ccc(S(N)(=O)=O)cc1,IC50,21.0,1
CDK2,CHEMBL301,CHEMBL58483,O=C1Nc2cccc(CCO)c2/C1=C/c1[nH]cc2c1CCOC2=O,IC50,30.0,1
CDK2,CHEMBL301,CHEMBL445607,O=C1Nc2cccc(CCO)c2/C1=C/c1[nH]cc2c1CCNC2=O,IC50,340.0,1
CDK2,CHEMBL301,CHEMBL409104,NS(=O)(=O)c1ccc(N/N=C2\C(=O)Nc3cccc(Oc4ccccc4)c32)cc1,IC50,13.0,1
CDK2,CHEMBL301,CHEMBL81196,NCCCNc1cc(-c2ccc[nH]2)c2c3c(ccc(F)c13)NC2=O,IC50,48.0,1
CDK2,CHEMBL301,CHEMBL82768,CC(C)(N)CNc1cc(-c2ccc[nH]2)c2c3c(ccc(F)c13)NC2=O,IC50,65.0,1
CDK2,CHEMBL301,CHEMBL411886,NS(=O)(=O)c1ccc(N/N=C2\C(=O)Nc3ccc([N+](=O)[O-])cc32)cc1,IC50,15.0,1
CDK2,CHEMBL301,CHEMBL59110,O=C1Nc2ccc(F)cc2/C1=C/c1[nH]cc2c1CCOC2=O,IC50,82.0,1
CDK2,CHEMBL301,CHEMBL293113,O=C1Nc2ccc(F)cc2/C1=C/c1[nH]cc2c1CCNC2=O,IC50,300.0,1
CDK2,CHEMBL301,CHEMBL260103,COc1ccc2c(c1)/C(=N/Nc1ccc(S(N)(=O)=O)cc1)C(=O)N2,IC50,12.0,1
CDK2,CHEMBL301,CHEMBL418203,CN1CCC(c2c(O)cc(O)c3c(=O)cc(-c4ccccc4Cl)oc23)[C@@H](O)C1,IC50,220.0,1
CDK2,CHEMBL301,CHEMBL46181,CN1CCC(c2c(O)cc(O)c3c2O/C(=C\c2ccc(N4CCN(C)CC4)cc2)C3=O)CC1,IC50,2980.0,0
CDK2,CHEMBL301,CHEMBL308853,CNS(=O)(=O)c1ccc(Nc2nccc(-c3cnc4ccccn34)n2)cc1,IC50,3.0,1
CDK2,CHEMBL301,CHEMBL72672,c1ccc(Nc2nccc(-c3cnc4ccccn34)n2)cc1,IC50,3.0,1
CDK2,CHEMBL301,CHEMBL307808,COCCNS(=O)(=O)c1ccc(Nc2nccc(-c3cnc4ccc(Sc5ccccc5)cn34)n2)cc1,IC50,16.0,1
CDK2,CHEMBL301,CHEMBL309573,COCCNS(=O)(=O)c1ccc(Nc2nccc(-c3cnc4ccccn34)n2)cc1,IC50,12.0,1
CDK2,CHEMBL301,CHEMBL72548,CN(C)CCNS(=O)(=O)c1ccc(Nc2nccc(-c3cnc4ccccn34)n2)cc1,IC50,5.0,1
CDK2,CHEMBL301,CHEMBL73645,Cc1nc2ccccn2c1-c1ccnc(Nc2ccc(Cl)cc2)n1,IC50,620.0,1
CDK2,CHEMBL301,CHEMBL72464,COCCNS(=O)(=O)c1ccc(Nc2ncc(Cl)c(-c3cnc4ccccn34)n2)cc1,IC50,3.0,1
CDK2,CHEMBL301,CHEMBL73189,Cc1nc2ccccn2c1-c1ccnc(Nc2cccc(Cl)c2)n1,IC50,150.0,1
CDK2,CHEMBL301,CHEMBL73303,NS(=O)(=O)c1ccc(Nc2nccc(-c3cnc4ccccn34)n2)cc1,IC50,3.0,1
CDK2,CHEMBL301,CHEMBL308848,Cc1nc2ccccn2c1-c1ccnc(Nc2ccccc2Cl)n1,IC50,8800.0,0
CDK2,CHEMBL301,CHEMBL73214,CCSc1ccc2ncc(-c3ccnc(Nc4ccc(S(=O)(=O)NCCOC)cc4)n3)n2c1,IC50,3.0,1
CDK2,CHEMBL301,CHEMBL14762,CC[C@H](CO)Nc1nc(NCc2ccccc2)c2ncn(C(C)C)c2n1,IC50,600.0,1
CDK2,CHEMBL301,CHEMBL72461,Cc1nc2ccccn2c1-c1ccnc(Nc2ccccc2)n1,IC50,210.0,1
CDK2,CHEMBL301,CHEMBL74680,Clc1cccc(Nc2nccc(-n3cnc4ccccc43)n2)c1,IC50,680.0,1
CDK2,CHEMBL301,CHEMBL71044,CN(C)CCCNS(=O)(=O)c1ccc(Nc2nccc(-c3cnc4ccccn34)n2)cc1,IC50,3.0,1
CDK2,CHEMBL301,CHEMBL73243,COCCCNS(=O)(=O)c1ccc(Nc2nccc(-c3cnc4ccccn34)n2)cc1,IC50,4.0,1
CDK2,CHEMBL301,CHEMBL72510,Cc1nc2ccccn2c1-c1ccnc(Nc2ccc(S(N)(=O)=O)cc2)n1,IC50,38.0,1
CDK2,CHEMBL301,CHEMBL73038,COCCNS(=O)(=O)c1ccc(Nc2nccc(-c3cnc4ccc(Br)cn34)n2)cc1,IC50,3.0,1
CDK2,CHEMBL301,CHEMBL70824,CN(C)CCCN(C)S(=O)(=O)c1ccc(Nc2nccc(-c3cnc4ccccn34)n2)cc1,IC50,5.0,1
CDK2,CHEMBL301,CHEMBL72509,Clc1cccc(Nc2nccc(-c3cnc4ccccn34)n2)c1,IC50,5.0,1
CDK2,CHEMBL301,CHEMBL70808,COCCNS(=O)(=O)c1ccc(Nc2ncc(Br)c(-c3cnc4ccccn34)n2)cc1,IC50,3.0,1
CDK2,CHEMBL301,CHEMBL419634,COCCNS(=O)(=O)c1ccc(Nc2nccc(-c3cnc4ccc(C#N)cn34)n2)cc1,IC50,3.0,1
CDK2,CHEMBL301,CHEMBL23327,CC(C)[C@H](CO)Nc1nc(Nc2cccc(Cl)c2)c2ncn(C(C)C)c2n1,IC50,4.0,1
CDK2,CHEMBL301,CHEMBL29197,COc1cc2ncnc(Nc3cccc(Br)c3)c2cc1OC,IC50,250000.0,0
CDK2,CHEMBL301,CHEMBL323015,Cc1cc(C)nc(Sc2cc(=O)c3c(O)cc(O)c(C4CCN(C)CC4O)c3o2)n1,IC50,40400.0,0
CDK2,CHEMBL301,CHEMBL102622,Cc1nc2ccccn2c1-c1ccnc(NC(=O)C(F)(F)F)n1,IC50,95000.0,0
CDK2,CHEMBL301,CHEMBL112050,CN1CCC(c2c(O)cc(O)c3c(=O)cc(Sc4ccccc4)oc23)C(O)C1,IC50,6590.0,0
CDK2,CHEMBL301,CHEMBL113544,CN1CCC(c2c(O)cc(O)c3c(=O)cc(Sc4ccccc4Cl)oc23)C(O)C1,IC50,2100.0,0
CDK2,CHEMBL301,CHEMBL112582,CN1CCC(c2c(O)cc(O)c3c(=O)cc(SC(C)(C)C)oc23)C(O)C1,IC50,1070.0,0
CDK2,CHEMBL301,CHEMBL102926,Cc1nc2ccccn2c1-c1ccnc(Nc2ccc(OCC(O)CN(C)C)cc2)n1,IC50,32.0,1
CDK2,CHEMBL301,CHEMBL326843,CCSc1cc(=O)c2c(O)cc(O)c(C3CCN(C)CC3O)c2o1,IC50,3930.0,0
CDK2,CHEMBL301,CHEMBL99842,CC(=O)Nc1nccc(-c2c(C)nc3ccccn23)n1,IC50,2900.0,0
CDK2,CHEMBL301,CHEMBL100979,Cc1nc2ccccn2c1-c1ccnc(N)n1,IC50,4000.0,0
CDK2,CHEMBL301,CHEMBL326275,CN1CCC(c2c(O)cc(O)c3c(=O)cc(Oc4ccccc4Cl)oc23)C(O)C1,IC50,2110.0,0
CDK2,CHEMBL301,CHEMBL103355,Cc1ccc(F)c(Nc2ccnc(Nc3ccc(S(N)(=O)=O)cc3)n2)c1,IC50,6.0,1
CDK2,CHEMBL301,CHEMBL319831,Nc1cccc(-c2cc(Nc3ccc(S(N)(=O)=O)cc3)[nH]n2)c1,IC50,166.0,1
CDK2,CHEMBL301,CHEMBL103104,NS(=O)(=O)c1ccc(Nc2cc(-c3cccc(O)c3)n[nH]2)cc1,IC50,9.1,1
CDK2,CHEMBL301,CHEMBL321517,Nc1ccc(-c2cc(Nc3ccc(S(N)(=O)=O)cc3)[nH]n2)cc1,IC50,0.34,1
CDK2,CHEMBL301,CHEMBL319685,COc1cccc(-c2cc(Nc3ccc(S(N)(=O)=O)cc3)[nH]n2)c1,IC50,24.5,1
CDK2,CHEMBL301,CHEMBL319903,NS(=O)(=O)c1ccc(Nc2cc(-c3ccc(Br)cc3)[nH]n2)cc1,IC50,10.0,1
CDK2,CHEMBL301,CHEMBL103039,NS(=O)(=O)c1ccc(Nc2cc(-c3cccc(N4CCOCC4)c3)[nH]n2)cc1,IC50,490.0,1
CDK2,CHEMBL301,CHEMBL319103,NS(=O)(=O)c1ccc(Nc2cc(-c3cccc(NS(=O)(=O)c4ccccc4)c3)[nH]n2)cc1,IC50,10.7,1
CDK2,CHEMBL301,CHEMBL103285,NS(=O)(=O)c1ccc(Nc2cc(-c3cccc(Br)c3)[nH]n2)cc1,IC50,23.4,1
CDK2,CHEMBL301,CHEMBL102241,COc1ccc(-c2cc(Nc3ccc(S(N)(=O)=O)cc3)[nH]n2)cc1F,IC50,407.0,1
CDK2,CHEMBL301,CHEMBL418985,CS(=O)(=O)Nc1ccc(Nc2cc(-c3cccc(Br)c3)[nH]n2)cc1,IC50,602.0,1
CDK2,CHEMBL301,CHEMBL103382,NS(=O)(=O)c1ccc(Nc2cc(-c3ccc(F)cc3)[nH]n2)cc1,IC50,17.4,1
CDK2,CHEMBL301,CHEMBL103115,NS(=O)(=O)c1ccc(Nc2cc(-c3ccc(O)c(F)c3)n[nH]2)cc1,IC50,12.6,1
CDK2,CHEMBL301,CHEMBL421578,CS(=O)(=O)Nc1cccc(-c2cc(Nc3ccc(S(N)(=O)=O)cc3)[nH]n2)c1,IC50,10.7,1
CDK2,CHEMBL301,CHEMBL329040,NS(=O)(=O)c1cccc(Nc2cc(-c3ccc(F)cc3)n[nH]2)c1,IC50,871.0,1
CDK2,CHEMBL301,CHEMBL317703,NS(=O)(=O)c1ccc(Nc2cc(-c3ccc([N+](=O)[O-])cc3)[nH]n2)cc1,IC50,0.33,1
CDK2,CHEMBL301,CHEMBL321939,NS(=O)(=O)c1ccc(Nc2cc(-c3cccc(NC(=O)Nc4cc(C(F)(F)F)ccc4F)c3)[nH]n2)cc1,IC50,61.6,1
CDK2,CHEMBL301,CHEMBL340935,O=C1NC(=O)C2=C1c1cn(c3ccccc13)CCOCCOCCOCCn1cc2c2cccnc21,IC50,2439.0,0
CDK2,CHEMBL301,CHEMBL340259,O=C1NC(=O)C2=C1c1cn(c3ccccc13)CCOCCOCCOCCn1cc2c2ccccc21,IC50,992.0,1
CDK2,CHEMBL301,CHEMBL303958,Nc1nc(N)c(N=O)c(OCC2CCCCC2)n1,IC50,2200.0,0
CDK2,CHEMBL301,CHEMBL101801,NC(=O)c1ccc(Nc2nc(N)c(N=O)c(OCC3CCCCC3)n2)cc1,IC50,34.0,1
CDK2,CHEMBL301,CHEMBL319709,NC(=O)c1ccc(Nc2nc(N)cc(OCC3CCCCC3)n2)cc1,IC50,59000.0,0
CDK2,CHEMBL301,CHEMBL322568,CSc1ccc(Nc2nc(N)c(N=O)c(OCC3CCCCC3)n2)cc1,IC50,120.0,1
CDK2,CHEMBL301,CHEMBL318999,Nc1nc(Nc2ccc(S(N)(=O)=O)cc2)nc(OCC2CCCCC2)c1N=O,IC50,1.1,1
CDK2,CHEMBL301,CHEMBL319467,NS(=O)(=O)c1ccc(Nc2nc(OCC3CCCCC3)c3nc[nH]c3n2)cc1,IC50,5.4,1
CDK2,CHEMBL301,CHEMBL269881,Nc1nc(OCC2CCCCC2)c2nc[nH]c2n1,IC50,17000.0,0
CDK2,CHEMBL301,CHEMBL104467,Nc1cc(OCC2CCCCC2)nc(Nc2ccc(S(N)(=O)=O)cc2)n1,IC50,2900.0,0
CDK2,CHEMBL301,CHEMBL107530,Nc1nc(Nc2cccc(Br)c2)nc(OCC2CCCCC2)c1N=O,IC50,500.0,1
CDK2,CHEMBL301,CHEMBL102636,COc1ccc(Nc2nc(N)c(N=O)c(OCC3CCCCC3)n2)cc1,IC50,220.0,1
CDK2,CHEMBL301,CHEMBL1276127,O=C1Nc2ccccc2/C1=C1/Nc2ccccc2C1=O,IC50,2200.0,0
CDK2,CHEMBL301,CHEMBL599552,O=C1/C(=C2\Nc3ccccc3C2=O)Nc2ccccc21,IC50,70000.0,0
CDK2,CHEMBL301,CHEMBL289422,O=C1NC(=O)c2c1c1c3ccccc3n3c1c1c2c2ccccc2n1[C@H]1CC[C@@H]3O1,IC50,540.0,1
CDK2,CHEMBL301,CHEMBL405551,c1nc(OCC2CCCCC2)c2nc[nH]c2n1,IC50,13000.0,0
CDK2,CHEMBL301,CHEMBL1234085,CNS(=O)(=O)c1ccc(N/C=C2\C(=O)Nc3ccccc32)cc1,IC50,560.0,1
CDK2,CHEMBL301,CHEMBL270132,NS(=O)(=O)c1ccc(N/C=C2\C(=O)Nc3ccc(-c4cnco4)cc32)cc1,IC50,2.5,1
CDK2,CHEMBL301,CHEMBL1234086,CNS(=O)(=O)Cc1ccc(N/N=C2\C(=O)Nc3ccc4ncsc4c32)cc1,IC50,5.7,1
CDK2,CHEMBL301,CHEMBL1964249,COCCOCCOCCOCCN(C)S(=O)(=O)c1ccc(N/C=C2\C(=O)Nc3ccc4ncsc4c32)cc1,IC50,1.0,1
CDK2,CHEMBL301,CHEMBL272026,NS(=O)(=O)c1ccc(N/N=C2\C(=O)Nc3ccc(C(=O)NCCCn4ccnc4)cc32)cc1,IC50,25.0,1
CDK2,CHEMBL301,CHEMBL429142,CC(C)CC(=O)c1ccc2c(c1)/C(=C/Nc1ccc(S(N)(=O)=O)cc1)C(=O)N2,IC50,1.9,1
CDK2,CHEMBL301,CHEMBL272833,NS(=O)(=O)c1ccc(N/N=C2\C(=O)Nc3ccc4[nH]ncc4c32)cc1,IC50,13.0,1
CDK2,CHEMBL301,CHEMBL2112297,O=C1Nc2ccc3ncsc3c2/C1=C/Nc1ccc(S(=O)(=O)N[n+]2ccc3ccccc3c2)cc1,IC50,9.5,1
CDK2,CHEMBL301,CHEMBL1964248,CN(C)CCNS(=O)(=O)c1ccc(N/C=C2\C(=O)Nc3ccccc32)cc1,IC50,1000.0,0
CDK2,CHEMBL301,CHEMBL271136,COc1cccc(OC)c1CNC(=O)c1ccc2c(c1)/C(=N/Nc1ccc(S(N)(=O)=O)cc1)C(=O)N2,IC50,1.7,1
CDK2,CHEMBL301,CHEMBL272380,NS(=O)(=O)c1ccc(N/N=C2\C(=O)Nc3cccc(/C=C/c4ccc(O)cc4)c32)cc1,IC50,9.3,1
CDK2,CHEMBL301,CHEMBL1964251,O=C1Nc2ccc3ncsc3c2/C1=C/Nc1ccc(S(=O)(=O)NCCc2c[nH]cn2)cc1,IC50,3.6,1
CDK2,CHEMBL301,CHEMBL445945,NS(=O)(=O)c1ccc(N/C=C2\C(=O)Nc3ccc4ncccc4c32)cc1,IC50,1.5,1
CDK2,CHEMBL301,CHEMBL412091,NS(=O)(=O)c1ccc(N/N=C2\C(=O)Nc3ccc(S(=O)(=O)O)cc32)cc1,IC50,15.0,1
CDK2,CHEMBL301,CHEMBL1964260,CS(=O)(=O)c1ccc(N/C=C2\C(=O)Nc3ccc4ncsc4c32)cc1,IC50,5.7,1
CDK2,CHEMBL301,CHEMBL1964258,O=C1Nc2ccc3ncsc3c2/C1=C/Nc1ccc(CS(=O)(=O)NCCO)cc1,IC50,13.0,1
CDK2,CHEMBL301,CHEMBL408210,CCOC(=O)c1cccc2c1/C(=C/Nc1ccc(S(N)(=O)=O)cc1)C(=O)N2,IC50,8.9,1
CDK2,CHEMBL301,CHEMBL409892,NS(=O)(=O)c1ccc(N/N=C2\C(=O)Nc3ccc4ncccc4c32)cc1,IC50,1.6,1
CDK2,CHEMBL301,CHEMBL1964259,O=C1Nc2ccc3ncsc3c2/C1=C/Nc1ccc(S(=O)(=O)NCCOCCO)cc1,IC50,0.54,1
CDK2,CHEMBL301,CHEMBL1234087,O=C1Nc2ccc(-c3cnco3)cc2/C1=C/Nc1ccc2c(c1)CS(=O)(=O)C2,IC50,8.9,1
CDK2,CHEMBL301,CHEMBL1234088,O=C1Nc2ccccc2/C1=C/Nc1ccc(S(=O)(=O)Nc2nccs2)cc1,IC50,1000.0,0
CDK2,CHEMBL301,CHEMBL1964256,CNS(=O)(=O)Cc1ccc(N/C=C2\C(=O)Nc3ccc4ncsc4c32)cc1,IC50,26.0,1
CDK2,CHEMBL301,CHEMBL271952,NS(=O)(=O)c1ccc(N/N=C2\C(=O)Nc3ccc4[nH]nnc4c32)cc1,IC50,9.5,1
CDK2,CHEMBL301,CHEMBL269882,NS(=O)(=O)c1ccc(N/N=C2\C(=O)Nc3ccc4[nH]nc(Cl)c4c32)cc1,IC50,2.2,1
CDK2,CHEMBL301,CHEMBL1234089,N=C(N)NS(=O)(=O)c1ccc(N/C=C2\C(=O)Nc3ccccc32)cc1,IC50,660.0,1
CDK2,CHEMBL301,CHEMBL272028,NS(=O)(=O)c1ccc(N/N=C2\C(=O)Nc3ccc(C(=O)NCCc4c[nH]cn4)cc32)cc1,IC50,12.0,1
CDK2,CHEMBL301,CHEMBL235849,CS(=O)(=O)Cc1ccc(N/C=C2\C(=O)Nc3ccc4ncsc4c32)cc1,IC50,50.0,1
CDK2,CHEMBL301,CHEMBL1964252,Cc1cccc(C)c1NS(=O)(=O)c1ccc(N/C=C2\C(=O)Nc3ccc4ncsc4c32)cc1,IC50,281.0,1
CDK2,CHEMBL301,CHEMBL1964257,NS(=O)(=O)Cc1ccc(N/C=C2\C(=O)Nc3ccc4ncsc4c32)cc1,IC50,7.5,1
CDK2,CHEMBL301,CHEMBL1964253,CN(c1ccccn1)S(=O)(=O)c1ccc(N/C=C2\C(=O)Nc3ccc4ncsc4c32)cc1,IC50,5.6,1
CDK2,CHEMBL301,CHEMBL269883,CC(C)COC(=O)c1ccc2c(c1)/C(=C/Nc1ccc(S(N)(=O)=O)cc1)C(=O)N2,IC50,3.0,1
CDK2,CHEMBL301,CHEMBL391229,O=C1Nc2ccc3ncsc3c2/C1=C/Nc1ccc2c(c1)CS(=O)(=O)C2,IC50,14.0,1
CDK2,CHEMBL301,CHEMBL272668,NS(=O)(=O)c1ccc(N/C=C2\C(=O)Nc3ccc(C(=O)O)cc32)cc1,IC50,28.0,1
CDK2,CHEMBL301,CHEMBL411887,C/C(Nc1ccc(S(N)(=O)=O)cc1)=C1/C(=O)Nc2ccc(-c3cnco3)cc21,IC50,2.0,1
CDK2,CHEMBL301,CHEMBL407709,NS(=O)(=O)c1ccc(N/N=C2\C(=O)Nc3ccc4ncsc4c32)cc1,IC50,7.1,1
CDK2,CHEMBL301,CHEMBL1964255,N=C(N)NS(=O)(=O)c1ccc(N/C=C2\C(=O)Nc3ccc4ncsc4c32)cc1,IC50,3.3,1
CDK2,CHEMBL301,CHEMBL410072,CC(C)(CO)CNC(=O)c1ccc2c(c1)/C(=N/Nc1ccc(S(N)(=O)=O)cc1)C(=O)N2,IC50,6.8,1
CDK2,CHEMBL301,CHEMBL1964250,COCCOCCOCCOCCNS(=O)(=O)c1ccc(N/C=C2\C(=O)Nc3ccc4ncsc4c32)cc1,IC50,4.5,1
CDK2,CHEMBL301,CHEMBL360573,CN(C)S(=O)(=O)c1ccc(Nc2cc(N[C@H]3CC[C@H](N)CC3)nc3c(C#N)cnn23)cc1,IC50,7.0,1
CDK2,CHEMBL301,CHEMBL367150,CN(C)S(=O)(=O)c1ccc(Nc2cc(N[C@H]3CC[C@H](N)CC3)nc3c(Cl)cnn23)cc1,IC50,8.0,1
CDK2,CHEMBL301,CHEMBL178785,CN(C)S(=O)(=O)c1ccc(Nc2cc(N[C@H]3CC[C@H](N)CC3)nc3c(Br)cnn23)cc1,IC50,10.0,1
CDK2,CHEMBL301,CHEMBL181293,CCN[C@H]1CC[C@H](Nc2cc(Nc3ccc(S(=O)(=O)N(C)C)cc3)n3ncc(C(C)C)c3n2)CC1,IC50,61.0,1
CDK2,CHEMBL301,CHEMBL180714,CCN(CC)[C@H]1CC[C@H](Nc2cc(Nc3ccc(S(=O)(=O)N(C)C)cc3)n3ncc(C(C)C)c3n2)CC1,IC50,92.0,1
CDK2,CHEMBL301,CHEMBL180814,CC(C)c1cnn2c(Nc3ccc(S(=O)(=O)N(C)C)cc3)cc(O[C@H]3CC[C@H](N)CC3)nc12,IC50,17.0,1
CDK2,CHEMBL301,CHEMBL181606,CC(C)c1cnn2c(Nc3ccc(S(=O)(=O)N(C)C)cc3)cc(NC3CCCC(N)C3)nc12,IC50,2100.0,0
CDK2,CHEMBL301,CHEMBL361231,CC(C)COc1cc(Nc2ccc(S(=O)(=O)N(C)C)cc2)n2ncc(C(C)C)c2n1,IC50,1200.0,0
CDK2,CHEMBL301,CHEMBL178268,CC(C)COc1cc(Nc2ccc(S(C)(=O)=O)cc2)n2ncc(C(C)C)c2n1,IC50,1200.0,0
CDK2,CHEMBL301,CHEMBL178769,CN(C)S(=O)(=O)c1ccc(Nc2cc(N[C@H]3CC[C@H](N)CC3)nc3c(Br)cnn23)cc1Cl,IC50,2.0,1
CDK2,CHEMBL301,CHEMBL181114,N[C@H]1CC[C@H](Nc2cc(Nc3ccc(S(=O)(=O)c4cccs4)cc3)n3ncc(Cl)c3n2)CC1,IC50,11.0,1
CDK2,CHEMBL301,CHEMBL361833,N[C@H]1CC[C@H](Nc2cc(Nc3ccc(S(=O)(=O)c4ccccc4)cc3)n3ncc(Br)c3n2)CC1,IC50,16.0,1
CDK2,CHEMBL301,CHEMBL361348,CC(C)c1cnn2c(Nc3ccc(S(=O)(=O)N(C)C)cc3)cc(N[C@H]3CC[C@H](N)CC3)nc12,IC50,59.0,1
CDK2,CHEMBL301,CHEMBL178179,CN(C)S(=O)(=O)c1ccc(Nc2cc(N[C@H]3CC[C@H](N)CC3)nc3c(C4CCCC4)cnn23)cc1,IC50,4.0,1
CDK2,CHEMBL301,CHEMBL361196,O=C(Nc1ncnc2oc(-c3cccnc3)cc12)C1CC1,IC50,440.0,1
CDK2,CHEMBL301,CHEMBL182419,O=C(Nc1ncnc2oc(-c3cccnc3)cc12)C1CCCC1,IC50,450.0,1
CDK2,CHEMBL301,CHEMBL189136,Nc1nc2ccc(C(=O)c3c(F)cccc3F)cn2c1C(=O)c1c(F)cccc1F,IC50,122.0,1
CDK2,CHEMBL301,CHEMBL362774,Nc1nc2ccc(C(=O)c3ccccc3)cn2c1C(=O)c1c(F)cccc1F,IC50,1927.0,0
CDK2,CHEMBL301,CHEMBL365209,Nc1nc2ccc(C(=O)c3ccccc3Cl)cn2c1C(=O)c1c(F)cccc1F,IC50,428.0,1
CDK2,CHEMBL301,CHEMBL186401,Nc1nc2ccc(C(=O)c3ccccc3C(F)(F)F)cn2c1C(=O)c1c(F)cccc1F,IC50,1068.0,0
CDK2,CHEMBL301,CHEMBL186204,Cc1ccccc1C(=O)c1ccc2nc(N)c(C(=O)c3c(F)cccc3F)n2c1,IC50,1294.0,0
CDK2,CHEMBL301,CHEMBL188673,COc1ccccc1C(=O)c1ccc2nc(N)c(C(=O)c3c(F)cccc3F)n2c1,IC50,603.0,1
CDK2,CHEMBL301,CHEMBL189512,Nc1nc2ccc(C(=O)c3ccccc3OC(F)(F)F)cn2c1C(=O)c1c(F)cccc1F,IC50,2171.0,0
CDK2,CHEMBL301,CHEMBL189350,Nc1nc2ccc(C(=O)c3c(Cl)cccc3Cl)cn2c1C(=O)c1c(F)cccc1F,IC50,53.0,1
CDK2,CHEMBL301,CHEMBL183941,Nc1nc2ccc(C(=O)c3c(F)cccc3Cl)cn2c1C(=O)c1c(F)cccc1F,IC50,33.0,1
CDK2,CHEMBL301,CHEMBL365608,C=C(c1ccc2nc(N)c(C(=O)c3c(F)cccc3F)n2c1)c1c(F)cccc1F,IC50,63.0,1
CDK2,CHEMBL301,CHEMBL364172,N#C/C=C(/c1ccc2nc(N)c(C(=O)c3c(F)cccc3F)n2c1)c1c(F)cccc1F,IC50,160.0,1
CDK2,CHEMBL301,CHEMBL189440,N#C/C=C(\c1ccc2nc(N)c(C(=O)c3c(F)cccc3F)n2c1)c1c(F)cccc1F,IC50,896.0,1
CDK2,CHEMBL301,CHEMBL185914,Nc1nc2ccc(/C(=C/c3nn[nH]n3)c3c(F)cccc3F)cn2c1C(=O)c1c(F)cccc1F,IC50,1691.0,0
CDK2,CHEMBL301,CHEMBL189607,Nc1nc2ccc(C(=O)c3c(F)cccc3F)cn2c1C(=O)c1ccccc1,IC50,324.0,1
CDK2,CHEMBL301,CHEMBL184115,COc1ccccc1C(=O)c1c(N)nc2ccc(C(=O)c3c(F)cccc3F)cn12,IC50,68.0,1
CDK2,CHEMBL301,CHEMBL185854,Nc1nc2ccc(C(=O)c3c(F)cccc3F)cn2c1C(=O)c1c(F)cccc1Cl,IC50,102.0,1
CDK2,CHEMBL301,CHEMBL363058,CC(C)OC(=O)N1CCn2cc(C3=C(c4cnc5ccccn45)C(=O)NC3=O)c3cccc(c32)C1,IC50,3400.0,0
CDK2,CHEMBL301,CHEMBL360596,COc1cc(F)c(C(=O)c2c(N)nc3ccc(C(=O)c4c(F)cccc4F)cn23)c(F)c1,IC50,91.0,1
CDK2,CHEMBL301,CHEMBL362588,O=C1NC(=O)C(c2cnc3ccccn23)=C1c1cn2c3c(cccc13)CN(C(=O)N1CCCCC1)CC2,IC50,5400.0,0
CDK2,CHEMBL301,CHEMBL178737,O=C1NC(=O)C(c2cnc3ccccn23)=C1c1cn2c3c(cccc13)CN(C(=O)N1CCOCC1)CC2,IC50,5300.0,0
CDK2,CHEMBL301,CHEMBL362814,CN(C)C(=O)N1CCn2cc(C3=C(c4cnc5ccccn45)C(=O)NC3=O)c3cccc(c32)C1,IC50,2100.0,0
CDK2,CHEMBL301,CHEMBL362558,O=C1NC(=O)C(c2cnc3ccccn23)=C1c1cn2c3c(cc(F)cc13)CN(C(=O)N1CCCCC1)CC2,IC50,2800.0,0
CDK2,CHEMBL301,CHEMBL365046,Nc1nc2ccc(C(=O)c3c(F)cccc3F)cn2c1C(=S)c1ccccc1,IC50,214.0,1
CDK2,CHEMBL301,CHEMBL186163,Nc1nc2ccc(C(=O)c3c(F)cccc3F)cn2c1C(=S)c1c(F)cccc1F,IC50,26.0,1
CDK2,CHEMBL301,CHEMBL185971,COc1cc(F)c(C(=S)c2c(N)nc3ccc(C(=O)c4c(F)cccc4F)cn23)c(F)c1,IC50,29.0,1
CDK2,CHEMBL301,CHEMBL363069,Nc1nc2ccc(C(=O)c3c(Cl)cccc3Cl)cn2c1C(=O)c1c(F)cc(O)cc1F,IC50,52.0,1
CDK2,CHEMBL301,CHEMBL187969,CN(C)CCOc1cc(F)c(C(=O)c2c(N)nc3ccc(C(=O)c4c(Cl)cccc4Cl)cn23)c(F)c1,IC50,984.0,1
CDK2,CHEMBL301,CHEMBL186396,CN1CCN(CCOc2cc(F)c(C(=O)c3c(N)nc4ccc(C(=O)c5c(Cl)cccc5Cl)cn34)c(F)c2)CC1,IC50,812.0,1
CDK2,CHEMBL301,CHEMBL364631,Nc1nc2ccc(C(=O)c3c(Cl)cccc3Cl)cn2c1C(=O)c1c(F)cc(C(=O)O)cc1F,IC50,95.0,1
CDK2,CHEMBL301,CHEMBL188074,COc1cccc(OC)c1C(=S)c1c(N)nc2ccc(C(=O)c3c(F)cccc3F)cn12,IC50,462.0,1
CDK2,CHEMBL301,CHEMBL188392,NC(=O)c1cc(F)c(C(=O)c2c(N)nc3ccc(C(=O)c4c(Cl)cccc4Cl)cn23)c(F)c1,IC50,46.0,1
CDK2,CHEMBL301,CHEMBL186952,Nc1nc2ccc(C(=O)c3c(F)cccc3F)cn2c1C(=O)c1cccs1,IC50,547.0,1
CDK2,CHEMBL301,CHEMBL183362,Nc1nc2ccc(C(=O)c3c(F)cccc3F)cn2c1C(=O)c1ccc(Cl)cc1,IC50,1711.0,0
CDK2,CHEMBL301,CHEMBL363037,Nc1nc2ccc(C(=O)c3c(F)cccc3F)cn2c1C(=O)c1ccncc1,IC50,2538.0,0
CDK2,CHEMBL301,CHEMBL186800,Nc1nc2ccc(C(=O)c3c(F)cccc3F)cn2c1C(=O)c1c(Cl)cccc1Cl,IC50,121.0,1
CDK2,CHEMBL301,CHEMBL189657,CCn1c(-c2nonc2N)nc2cnccc21,IC50,169.0,1
CDK2,CHEMBL301,CHEMBL191845,O=C1NC2C=CC=CC2/C1=C/Nc1ccc(S(=O)(=O)Nc2nccs2)cc1,IC50,1000.0,0
CDK2,CHEMBL301,CHEMBL193456,CN(C)S(=O)(=O)c1ccc(Nc2ccc(C(=O)c3c(F)cccc3F)c(N)n2)cc1,IC50,500.0,1
CDK2,CHEMBL301,CHEMBL193643,Nc1nc(Nc2ccc(S(N)(=O)=O)cc2)ccc1C(=O)c1c(F)cccc1F,IC50,180.0,1
CDK2,CHEMBL301,CHEMBL2113092,CCCCOc1cc(Nc2ccc(S(N)(=O)=O)cc2)nc(N)c1C(=O)c1c(F)cccc1F,IC50,84.0,1
CDK2,CHEMBL301,CHEMBL197077,NC1=NONC1N1N=NC(C(=O)N/N=C/c2ccncc2)C1CN1CCCCC1,IC50,96000.0,0
CDK2,CHEMBL301,CHEMBL201307,COc1cc2c(Nc3ncc(CC(=O)Nc4cccc(F)c4)s3)ncnc2cc1OCCCN1CCC(CO)CC1,IC50,62000.0,0
CDK2,CHEMBL301,CHEMBL204054,Brc1cccc(-c2cc(NCc3ccncc3)n3nccc3n2)c1,IC50,1800.0,0
CDK2,CHEMBL301,CHEMBL382607,N[C@H]1CC[C@H](Nc2cc(Nc3ccc(S(=O)(=O)c4ccccc4)cc3)n3ncnc3n2)CC1,IC50,260.0,1
CDK2,CHEMBL301,CHEMBL442957,Cc1nc(C)c(-c2ccnc(Nc3ccc(O)cc3)n2)s1,Ki,140.0,1
CDK2,CHEMBL301,CHEMBL47302,Cc1nc(C)c(-c2ccnc(N)n2)s1,Ki,6500.0,0
CDK2,CHEMBL301,CHEMBL297447,Cc1nc(C)c(-c2ccnc(Nc3ccccc3F)n2)s1,Ki,1200.0,0
CDK2,CHEMBL301,CHEMBL44119,CNc1nc(C)c(-c2ccnc(Nc3cccc(O)c3)n2)s1,Ki,110.0,1
CDK2,CHEMBL301,CHEMBL47132,Cc1nc(C)c(-c2ccnc(Nc3cccc(C#N)c3)n2)s1,Ki,300.0,1
CDK2,CHEMBL301,CHEMBL47636,Cc1nc(C)c(-c2ccnc(Nc3cccc(N)c3)n2)s1,Ki,400.0,1
CDK2,CHEMBL301,CHEMBL433068,Cc1nc(C)c(-c2ccnc(Nc3ccc(N(C)C)c(Cl)c3)n2)s1,Ki,100.0,1
CDK2,CHEMBL301,CHEMBL431336,Cc1nc(N)sc1-c1ccnc(Nc2ccc(O)cc2)n1,Ki,30.0,1
CDK2,CHEMBL301,CHEMBL47527,Cc1nc(C)c(-c2ccnc(Nc3cccc(O)c3)n2)s1,Ki,60.0,1
CDK2,CHEMBL301,CHEMBL46817,Cc1nc(C)c(-c2ccnc(Nc3ccc(N(C)C)cc3)n2)s1,Ki,220.0,1
CDK2,CHEMBL301,CHEMBL298445,Cc1nc(N)sc1-c1ccnc(Nc2cccc([N+](=O)[O-])c2)n1,Ki,2.0,1
CDK2,CHEMBL301,CHEMBL295398,Cc1nc(N)sc1-c1ccnc(Nc2ccc(N(C)C)cc2)n1,Ki,700.0,1
CDK2,CHEMBL301,CHEMBL46429,CNc1nc(C)c(-c2ccnc(Nc3cccc([N+](=O)[O-])c3)n2)s1,Ki,800.0,1
CDK2,CHEMBL301,CHEMBL295127,Cc1nc(C)c(-c2ccnc(Nc3ccccc3)n2)s1,Ki,80.0,1
CDK2,CHEMBL301,CHEMBL47590,CNc1nc(C)c(-c2ccnc(Nc3ccc(O)cc3)n2)s1,Ki,70.0,1
CDK2,CHEMBL301,CHEMBL295484,Cc1nc(C)c(-c2ccnc(Nc3ccc(N(C)C)c([N+](=O)[O-])c3)n2)s1,Ki,20.0,1
CDK2,CHEMBL301,CHEMBL48109,Cc1nc(C)c(-c2ccnc(Nc3ccc(C(F)(F)F)cc3)n2)s1,Ki,290.0,1
CDK2,CHEMBL301,CHEMBL432116,Cc1nc(C)c(-c2ccnc(Nc3cccc(F)c3)n2)s1,Ki,100.0,1
CDK2,CHEMBL301,CHEMBL46401,Cc1nc(N(C)C)sc1-c1ccnc(Nc2cccc([N+](=O)[O-])c2)n1,Ki,60.0,1
CDK2,CHEMBL301,CHEMBL45001,Cc1nc(C)c(-c2ccnc(Nc3ccc(Cl)cc3)n2)s1,Ki,2500.0,0
CDK2,CHEMBL301,CHEMBL47690,Cc1nc(C)c(-c2ccnc(Nc3ccc([N+](=O)[O-])cc3)n2)s1,Ki,4100.0,0
CDK2,CHEMBL301,CHEMBL297412,Cc1nc(C)c(-c2ccnc(Nc3ccc(F)cc3)n2)s1,Ki,40.0,1
CDK2,CHEMBL301,CHEMBL47249,C=CCNc1nc(C)c(-c2ccnc(Nc3cccc([N+](=O)[O-])c3)n2)s1,Ki,160.0,1
CDK2,CHEMBL301,CHEMBL44712,Cc1nc(C)c(-c2ccnc(Nc3cccc(Cl)c3)n2)s1,Ki,670.0,1
CDK2,CHEMBL301,CHEMBL45408,Cc1nc(C)c(-c2ccnc(Nc3cccc([N+](=O)[O-])c3)n2)s1,Ki,110.0,1
CDK2,CHEMBL301,CHEMBL362296,c1ccc(Nc2nccc(-c3c(C4CC4)nn4ncccc34)n2)cc1,Ki,3980.0,0
CDK2,CHEMBL301,CHEMBL362722,Cc1[nH]c(C(N)=O)c(C)c1-c1ccnc(Nc2ccc(F)cc2)n1,Ki,80.0,1
CDK2,CHEMBL301,CHEMBL364767,Cc1[nH]c([N+](=O)[O-])c(C)c1-c1ccnc(Nc2ccc(F)cc2)n1,Ki,30.0,1
CDK2,CHEMBL301,CHEMBL365245,Cc1[nH]c(Cl)c(C)c1-c1ccnc(Nc2ccc(F)cc2)n1,Ki,360.0,1
CDK2,CHEMBL301,CHEMBL185099,Cc1[nH]c(Br)c(C)c1-c1ccnc(Nc2ccc(F)cc2)n1,Ki,270.0,1
CDK2,CHEMBL301,CHEMBL364408,Cc1c[nH]c(C)c1-c1ccnc(Nc2cccc([N+](=O)[O-])c2)n1,Ki,50.0,1
CDK2,CHEMBL301,CHEMBL264345,Cc1[nH]c(C#N)c(C)c1-c1ccnc(Nc2cccc([N+](=O)[O-])c2)n1,Ki,140.0,1
CDK2,CHEMBL301,CHEMBL183158,Cc1ccc(Nc2nccc(-c3c(C)[nH]c(C#N)c3C)n2)cc1[N+](=O)[O-],Ki,50.0,1
CDK2,CHEMBL301,CHEMBL184253,Cc1[nH]c(C#N)c(C)c1-c1ccnc(Nc2ccc(O)cc2)n1,Ki,50.0,1
CDK2,CHEMBL301,CHEMBL360530,Cc1[nH]c(C#N)c(C)c1-c1ccnc(Nc2cccc(O)c2)n1,Ki,30.0,1
CDK2,CHEMBL301,CHEMBL359623,Cc1ccc(Nc2nccc(-c3c(C)[nH]c(C#N)c3C)n2)cc1O,Ki,130.0,1
CDK2,CHEMBL301,CHEMBL185310,Cc1cc(Nc2nccc(-c3c(C)[nH]c(C#N)c3C)n2)ccc1F,Ki,90.0,1
CDK2,CHEMBL301,CHEMBL185323,Cc1[nH]c(C#N)c(C)c1-c1ccnc(Nc2ccc(F)cc2)n1,Ki,100.0,1
CDK2,CHEMBL301,CHEMBL189617,Cc1ccc2c(-c3ccnc(Nc4ccc5c(c4)OCCO5)n3)c(-c3cccc(C(F)(F)F)c3)nn2n1,Ki,5000.0,0
CDK2,CHEMBL301,CHEMBL359554,c1ccc(Nc2nccc(-c3cnn4ncccc34)n2)cc1,Ki,5.0,1
CDK2,CHEMBL301,CHEMBL360866,CN(c1ccccc1)c1nccc(-c2cnn3ncccc23)n1,Ki,19900.0,0
CDK2,CHEMBL301,CHEMBL187081,COc1cccc(Nc2nccc(-c3cnn4ncccc34)n2)c1,Ki,2.0,1
CDK2,CHEMBL301,CHEMBL359794,N#Cc1ccc(Nc2nccc(-c3cnn4ncccc34)n2)cc1,Ki,1.0,1
CDK2,CHEMBL301,CHEMBL188938,O=[N+]([O-])c1ccc(Nc2nccc(-c3cnn4ncccc34)n2)cc1,Ki,20.0,1
CDK2,CHEMBL301,CHEMBL359963,CC(C)c1ccc(Nc2nccc(-c3cnn4ncccc34)n2)cc1,Ki,10.0,1
CDK2,CHEMBL301,CHEMBL185871,CCC(C)c1ccc(Nc2nccc(-c3cnn4ncccc34)n2)cc1,Ki,150.0,1
CDK2,CHEMBL301,CHEMBL364587,CC(C)(C)c1ccc(Nc2nccc(-c3cnn4ncccc34)n2)cc1,Ki,150.0,1
CDK2,CHEMBL301,CHEMBL186054,COc1ccc(Nc2nccc(-c3cnn4ncccc34)n2)cc1OC,Ki,50.0,1
CDK2,CHEMBL301,CHEMBL189455,c1cnn2ncc(-c3ccnc(Nc4ccc5c(c4)OCO5)n3)c2c1,Ki,10.0,1
CDK2,CHEMBL301,CHEMBL361894,c1cnn2ncc(-c3ccnc(Nc4ccc5c(c4)OCCO5)n3)c2c1,Ki,6.0,1
CDK2,CHEMBL301,CHEMBL364370,Fc1ccc(Nc2nccc(-c3cnn4ncccc34)n2)cc1F,Ki,2.0,1
CDK2,CHEMBL301,CHEMBL186708,c1cnn2ncc(-c3ccnc(Nc4ccc5c(c4)OCCCO5)n3)c2c1,Ki,6.0,1
CDK2,CHEMBL301,CHEMBL186890,Clc1ccc(Nc2nccc(-c3cnn4ncccc34)n2)cc1Cl,Ki,1.0,1
CDK2,CHEMBL301,CHEMBL188665,FC(F)(F)c1cc(Nc2nccc(-c3cnn4ncccc34)n2)ccc1Cl,Ki,10.0,1
CDK2,CHEMBL301,CHEMBL359999,COc1cc(Nc2nccc(-c3cnn4ncccc34)n2)cc(OC)c1,Ki,10.0,1
CDK2,CHEMBL301,CHEMBL360206,COc1cc(Nc2nccc(-c3cnn4ncccc34)n2)cc(C(F)(F)F)c1,Ki,10.0,1
CDK2,CHEMBL301,CHEMBL365229,FC(F)(F)c1cc(Br)cc(Nc2nccc(-c3cnn4ncccc34)n2)c1,Ki,10.0,1
CDK2,CHEMBL301,CHEMBL184510,Fc1cc(F)cc(Nc2nccc(-c3cnn4ncccc34)n2)c1,Ki,1.0,1
CDK2,CHEMBL301,CHEMBL361697,Clc1cc(Cl)cc(Nc2nccc(-c3cnn4ncccc34)n2)c1,Ki,310.0,1
CDK2,CHEMBL301,CHEMBL186101,Cc1cc(C)cc(Nc2nccc(-c3cnn4ncccc34)n2)c1,Ki,3.0,1
CDK2,CHEMBL301,CHEMBL187750,Oc1ccc2c(-c3ccnc(Nc4cccc(C(F)(F)F)c4)n3)cnn2n1,Ki,8.0,1
CDK2,CHEMBL301,CHEMBL189235,COc1ccc2c(-c3ccnc(Nc4cccc(C(F)(F)F)c4)n3)cnn2n1,Ki,160.0,1
CDK2,CHEMBL301,CHEMBL183993,CCOc1ccc2c(-c3ccnc(Nc4cccc(C(F)(F)F)c4)n3)cnn2n1,Ki,1990.0,0
CDK2,CHEMBL301,CHEMBL187287,CCCOc1ccc2c(-c3ccnc(Nc4cccc(C(F)(F)F)c4)n3)cnn2n1,Ki,1260.0,0
CDK2,CHEMBL301,CHEMBL188312,COc1cccc(Nc2nccc(-c3cnn4nc(OC)ccc34)n2)c1,Ki,60.0,1
CDK2,CHEMBL301,CHEMBL365248,COc1ccc2c(-c3ccnc(Nc4cccc(OC(F)(F)F)c4)n3)cnn2n1,Ki,190.0,1
CDK2,CHEMBL301,CHEMBL189352,COc1ccc2c(-c3ccnc(Nc4ccc(C#N)cc4)n3)cnn2n1,Ki,500.0,1
CDK2,CHEMBL301,CHEMBL186288,COc1ccc2c(-c3ccnc(Nc4ccc([N+](=O)[O-])cc4)n3)cnn2n1,Ki,20.0,1
CDK2,CHEMBL301,CHEMBL188417,COc1cc(Nc2nccc(-c3cnn4nc(OC)ccc34)n2)cc(OC)c1,Ki,190.0,1
CDK2,CHEMBL301,CHEMBL187139,COc1cc(Nc2nccc(-c3cnn4nc(OC)ccc34)n2)cc(C(F)(F)F)c1,Ki,790.0,1
CDK2,CHEMBL301,CHEMBL188785,COc1ccc2c(-c3ccnc(Nc4ccc5c(c4)OCCO5)n3)cnn2n1,Ki,100.0,1
CDK2,CHEMBL301,CHEMBL187006,Cc1ccc2c(-c3ccnc(Nc4cccc(C(F)(F)F)c4)n3)cnn2n1,Ki,50.0,1
CDK2,CHEMBL301,CHEMBL188303,Cc1ccc2c(-c3ccnc(Nc4ccc(C(F)(F)F)cc4)n3)cnn2n1,Ki,190.0,1
CDK2,CHEMBL301,CHEMBL186680,COc1cc(Nc2nccc(-c3cnn4nc(C)ccc34)n2)cc(C(F)(F)F)c1,Ki,20.0,1
CDK2,CHEMBL301,CHEMBL434337,Cc1ccc2c(-c3ccnc(Nc4ccc5c(c4)OCCO5)n3)cnn2n1,Ki,6.0,1
CDK2,CHEMBL301,CHEMBL189415,FC(F)(F)c1cccc(Nc2nccc(-c3cnn4nc(-c5ccccc5)ccc34)n2)c1,Ki,2500.0,0
CDK2,CHEMBL301,CHEMBL360408,c1ccc(Nc2nccc(-c3c(-c4ccccc4)nn4ncccc34)n2)cc1,Ki,3980.0,0
CDK2,CHEMBL301,CHEMBL210618,CCOc1nc(NC(=O)Cc2cc(OC)ccc2OC)cc(N)c1C#N,Ki,820.0,1
CDK2,CHEMBL301,CHEMBL210032,CC(=O)Nc1cc(N)c(C#N)c(-c2ccccc2)n1,Ki,1300.0,0
CDK2,CHEMBL301,CHEMBL379218,Cc1n[nH]c2ccc(-c3cncc(OC[C@@H](N)Cc4ccccc4)c3)cc12,Ki,46.0,1
CDK2,CHEMBL301,CHEMBL383875,COc1ccccc1C(=O)c1cnc(Nc2ccc(N3CCN(C)CC3)cc2)nc1N,Ki,5141.0,0
CDK2,CHEMBL301,CHEMBL214183,COc1c(C(=O)c2cnc(NC3CCN(S(C)(=O)=O)CC3)nc2N)cc(F)c(F)c1F,Ki,495.0,1
CDK2,CHEMBL301,CHEMBL213713,COc1cc(F)c(F)c(F)c1C(=O)c1cnc(NC2CCN(S(C)(=O)=O)CC2)nc1N,Ki,2.0,1
CDK2,CHEMBL301,CHEMBL215086,COc1cc(F)c(F)cc1C(=O)c1cnc(NC2CCN(S(C)(=O)=O)CC2)nc1N,Ki,6.0,1
CDK2,CHEMBL301,CHEMBL384304,COc1ccc(F)c(F)c1C(=O)c1cnc(NC2CCN(S(C)(=O)=O)CC2)nc1N,Ki,3.0,1
CDK2,CHEMBL301,CHEMBL265903,CS(=O)(=O)N1CCC(Nc2ncc(C(=O)c3c(F)cccc3F)c(N)n2)CC1,Ki,15.0,1
CDK2,CHEMBL301,CHEMBL385733,COc1cccc(F)c1C(=O)c1cnc(NC2CCN(S(C)(=O)=O)CC2)nc1N,Ki,13.0,1
CDK2,CHEMBL301,CHEMBL385373,COc1ccc(Cl)cc1C(=O)c1cnc(NC2CCN(S(C)(=O)=O)CC2)nc1N,Ki,451.0,1
CDK2,CHEMBL301,CHEMBL268507,COc1ccc(F)cc1C(=O)c1cnc(NC2CCN(S(C)(=O)=O)CC2)nc1N,Ki,7.0,1
CDK2,CHEMBL301,CHEMBL277351,COc1cc(F)ccc1C(=O)c1cnc(NC2CCN(S(C)(=O)=O)CC2)nc1N,Ki,84.0,1
CDK2,CHEMBL301,CHEMBL216148,CCOc1ccccc1C(=O)c1cnc(NC2CCN(C(C)=O)CC2)nc1N,Ki,2030.0,0
CDK2,CHEMBL301,CHEMBL214433,CCOC(=O)N1CCC(Nc2ncc(C(=O)c3ccccc3C)c(N)n2)CC1,Ki,2166.0,0
CDK2,CHEMBL301,CHEMBL214025,CCOC(=O)N1CCC(Nc2ncc(C(=O)c3ccccc3F)c(N)n2)CC1,Ki,3137.0,0
CDK2,CHEMBL301,CHEMBL385190,CCS(=O)(=O)N1CCC(Nc2ncc(C(=O)c3ccccc3OC)c(N)n2)CC1,Ki,51.0,1
CDK2,CHEMBL301,CHEMBL216126,COc1ccccc1C(=O)c1cnc(NC2CCN(S(C)(=O)=O)CC2)nc1N,Ki,24.0,1
CDK2,CHEMBL301,CHEMBL384356,CCCC(=O)N1CCC(Nc2ncc(C(=O)c3ccccc3OC)c(N)n2)CC1,Ki,886.0,1
CDK2,CHEMBL301,CHEMBL217537,COc1ccccc1C(=O)c1cnc(NC2CCN(C(C)=O)CC2)nc1N,Ki,327.0,1
CDK2,CHEMBL301,CHEMBL217443,CCOC(=O)N1CCC(Nc2ncc(C(=O)c3ccccc3OC)c(N)n2)CC1,Ki,597.0,1
CDK2,CHEMBL301,CHEMBL385907,CCNC(=O)N1CCC(Nc2ncc(C(=O)c3ccccc3OC)c(N)n2)CC1,Ki,1756.0,0
CDK2,CHEMBL301,CHEMBL387448,COc1ccccc1C(=O)c1cnc(NC2CCNCC2)nc1N,Ki,6266.0,0
CDK2,CHEMBL301,CHEMBL223367,N#Cc1ncc2nc1OCCCCCOc1cc(CCCO)c(Cl)cc1NC(=O)N2,Ki,5760.0,0
CDK2,CHEMBL301,CHEMBL396377,NC1=NC(=O)/C(=C/c2ccc3ncccc3c2)S1,Ki,2000.0,0
CDK2,CHEMBL301,CHEMBL393929,O=C1N=C(NCc2cccs2)S/C1=C\c1ccc2ncccc2c1,Ki,340.0,1
CDK2,CHEMBL301,CHEMBL248757,N#Cc1ncc2nc1OCCCCOc1cc(NCc3cncs3)c(Cl)cc1NC(=O)N2,Ki,3088.0,0
CDK2,CHEMBL301,CHEMBL470175,Oc1cc(Nc2nccc(-c3nccs3)n2)cc(C(F)(F)F)c1,Ki,1652.0,0
CDK2,CHEMBL301,CHEMBL485731,Cc1cc(Nc2nccc(-c3nc(CO)cs3)n2)cc(C(F)(F)F)c1,Ki,1500.0,0
CDK2,CHEMBL301,CHEMBL485730,OCc1csc(-c2ccnc(Nc3cc(O)cc(C(F)(F)F)c3)n2)n1,Ki,1500.0,0
CDK2,CHEMBL301,CHEMBL511811,Cc1cc(C)cc(Nc2nccc(-c3nc(CO)cs3)n2)c1,Ki,2400.0,0
CDK2,CHEMBL301,CHEMBL453217,Cc1cc(C)cc(Nc2nccc(-c3nc(C)cs3)n2)c1,Ki,100.0,1
CDK2,CHEMBL301,CHEMBL470780,Cc1cc(C)cc(Nc2nccc(-c3ncc(C)s3)n2)c1,Ki,1100.0,0
CDK2,CHEMBL301,CHEMBL471819,Cc1cccc(Nc2nccc(-c3nccs3)n2)c1,Ki,2452.0,0
CDK2,CHEMBL301,CHEMBL494221,O[C@H]1CC[C@H](Nc2ccc3nnc(-c4cccc(C(F)(F)F)c4)n3n2)CC1,Ki,3100.0,0
CDK2,CHEMBL301,CHEMBL571722,Cc1cnc(Nc2cccc3c2OCCO3)nc1-c1c[nH]c(C(=O)N[C@H](CO)c2cccc(Cl)c2)c1,Ki,138.0,1
CDK2,CHEMBL301,CHEMBL576683,Cc1cnc(Nc2cccc3c2OC(F)(F)O3)nc1-c1c[nH]c(C(=O)N[C@H](CO)c2cccc(Cl)c2)c1,Ki,170.0,1
CDK2,CHEMBL301,CHEMBL571484,Cc1cnc(Nc2cccc3c2OCO3)nc1-c1c[nH]c(C(=O)N[C@H](CO)c2cccc(Cl)c2)c1,Ki,209.0,1
CDK2,CHEMBL301,CHEMBL570111,Cc1cnc(Nc2cccc3c2CCCC3)nc1-c1c[nH]c(C(=O)N[C@H](CO)c2cccc(Cl)c2)c1,Ki,250.0,1
CDK2,CHEMBL301,CHEMBL568937,Cc1cnc(Nc2cccc3c2CCC3)nc1-c1c[nH]c(C(=O)N[C@H](CO)c2cccc(Cl)c2)c1,Ki,642.0,1
CDK2,CHEMBL301,CHEMBL571056,CCc1ccccc1Nc1ncc(C)c(-c2c[nH]c(C(=O)N[C@H](CO)c3cccc(Cl)c3)c2)n1,Ki,450.0,1
CDK2,CHEMBL301,CHEMBL576048,Cc1cnc(Nc2ccc(Cl)cc2F)nc1-c1c[nH]c(C(=O)N[C@H](CO)c2cccc(Cl)c2)c1,Ki,316.0,1
CDK2,CHEMBL301,CHEMBL583042,Cc1cnc(Nc2ccc(F)cc2Cl)nc1-c1c[nH]c(C(=O)N[C@H](CO)c2cccc(Cl)c2)c1,Ki,852.0,1
CDK2,CHEMBL301,CHEMBL568483,Cc1cc(Cl)ccc1Nc1ncc(C)c(-c2c[nH]c(C(=O)N[C@H](CO)c3cccc(Cl)c3)c2)n1,Ki,76.0,1
CDK2,CHEMBL301,CHEMBL582829,Cc1cnc(Nc2cccc(F)c2C)nc1-c1c[nH]c(C(=O)N[C@H](CO)c2cccc(Cl)c2)c1,Ki,150.0,1
CDK2,CHEMBL301,CHEMBL572157,Cc1cnc(Nc2cccc(C)c2C)nc1-c1c[nH]c(C(=O)N[C@H](CO)c2cccc(Cl)c2)c1,Ki,41.0,1
CDK2,CHEMBL301,CHEMBL565460,Cc1cccc([C@@H](CO)NC(=O)c2cc(-c3nc(Nc4ccccc4)ncc3C)c[nH]2)c1,Ki,69.0,1
CDK2,CHEMBL301,CHEMBL577193,Cc1cnc(Nc2ccccc2)nc1-c1c[nH]c(C(=O)N[C@H](CO)c2cccc(Cl)c2)c1,Ki,290.0,1
CDK2,CHEMBL301,CHEMBL570367,Cc1cnc(Nc2ccccc2)nc1-c1c[nH]c(C(=O)N[C@@H](CO)c2ccccc2)c1,Ki,1100.0,0
CDK2,CHEMBL301,CHEMBL570366,Cc1cnc(Nc2ccccc2O)nc1-c1c[nH]c(C(=O)N[C@H](CO)c2ccccc2)c1,Ki,100.0,1
CDK2,CHEMBL301,CHEMBL572162,Cc1cnc(Nc2ccccc2F)nc1-c1c[nH]c(C(=O)N[C@H](CO)c2ccccc2)c1,Ki,57.0,1
CDK2,CHEMBL301,CHEMBL572361,CCc1ccccc1Nc1ncc(C)c(-c2c[nH]c(C(=O)N[C@H](CO)c3ccccc3)c2)n1,Ki,210.0,1
CDK2,CHEMBL301,CHEMBL584754,Cc1ccccc1Nc1ncc(C)c(-c2c[nH]c(C(=O)N[C@H](CO)c3ccccc3)c2)n1,Ki,140.0,1
CDK2,CHEMBL301,CHEMBL571038,Cc1cnc(Nc2ccccc2Cl)nc1-c1c[nH]c(C(=O)N[C@H](CO)c2ccccc2)c1,Ki,240.0,1
CDK2,CHEMBL301,CHEMBL565459,Cc1cnc(Nc2ccccc2)nc1-c1c[nH]c(C(=O)N[C@H](CO)c2ccccc2)c1,Ki,16.0,1
CDK2,CHEMBL301,CHEMBL1080902,COc1ccc(C2=NNC(=O)/C2=N\Nc2cccc(OC)c2)cc1,Ki,95.0,1
CDK2,CHEMBL301,CHEMBL1076721,COc1ccc(C2=NNC(=O)/C2=N\Nc2cccnc2)cc1,Ki,62.0,1
CDK2,CHEMBL301,CHEMBL1086736,COc1ccncc1C1=NNC(=O)/C1=N\Nc1ccccc1,Ki,76.0,1
CDK2,CHEMBL301,CHEMBL482967,Cc1nc(N)sc1-c1ccnc(Nc2ccc(N3CCOCC3)cc2)n1,Ki,390.0,1
CDK2,CHEMBL301,CHEMBL1083484,Cc1nc(C)c(-c2ccnc(Nc3ccc(N4CCN(S(C)(=O)=O)CC4)cc3)n2)s1,Ki,3967.0,0
CDK2,CHEMBL301,CHEMBL1083786,CC(=O)N1CCN(c2ccc(Nc3nccc(-c4sc(C)nc4C)n3)cc2)CC1,Ki,432.0,1
CDK2,CHEMBL301,CHEMBL1083785,CNc1nc(C)c(-c2ccnc(Nc3ccc(N4CCN(C(C)=O)CC4)cc3)n2)s1,Ki,297.0,1
CDK2,CHEMBL301,CHEMBL1084969,CC(=O)N1CCN(c2ccc(Nc3nccc(-c4sc(N)nc4C)n3)cc2)CC1,Ki,522.0,1
CDK2,CHEMBL301,CHEMBL1084630,CCNc1nc(C)c(-c2ccnc(Nc3ccc(N4CCOCC4)cc3)n2)s1,Ki,151.0,1
CDK2,CHEMBL301,CHEMBL1084629,CNc1nc(C)c(-c2ccnc(Nc3ccc(N4CCOCC4)cc3)n2)s1,Ki,156.0,1
CDK2,CHEMBL301,CHEMBL1085626,Cc1nc(C)c(-c2ccnc(Nc3ccc(N4CCOCC4)cc3)n2)s1,Ki,1039.0,0
CDK2,CHEMBL301,CHEMBL1084715,CCNc1nc(C)c(-c2ccnc(Nc3ccc(CNC(C)=O)cc3)n2)s1,Ki,32.0,1
CDK2,CHEMBL301,CHEMBL1086088,CCNc1nc(C)c(-c2ccnc(Nc3cc(OC)c(OC)c(OC)c3)n2)s1,Ki,463.0,1
CDK2,CHEMBL301,CHEMBL1083152,CNc1nc(C)c(-c2ccnc(Nc3cc(OC)c(OC)c(OC)c3)n2)s1,Ki,256.0,1
CDK2,CHEMBL301,CHEMBL1083151,COc1cc(Nc2nccc(-c3sc(C)nc3C)n2)cc(OC)c1OC,Ki,239.0,1
CDK2,CHEMBL301,CHEMBL1084454,Cc1nc(C)c(-c2ccnc(Nc3ccc(N)cc3)n2)s1,Ki,168.0,1
CDK2,CHEMBL301,CHEMBL1083150,CNc1ccc(Nc2nccc(-c3sc(C)nc3C)n2)cc1,Ki,286.0,1
CDK2,CHEMBL301,CHEMBL2064555,CN(C)C[C@@H](NC(=O)c1ccc2[nH]nc(-c3nc4ccccc4[nH]3)c2c1)c1ccccc1,Ki,3.4,1
CDK2,CHEMBL301,CHEMBL2064558,CN(C)C[C@@H](NC(=O)N1Cc2c(NC(=O)c3ccccc3)n[nH]c2C1(C)C)c1ccccc1,Ki,1800.0,0
CDK2,CHEMBL301,CHEMBL2064561,CN(C)C[C@@H](OC(=O)N1Cc2c(NC(=O)c3ccccc3)n[nH]c2C1(C)C)c1ccccc1,Ki,2000.0,0
CDK2,CHEMBL301,CHEMBL2064562,CN(C)C[C@@H](OC(=O)N1Cc2c(NC(=O)c3ccc(F)cc3)n[nH]c2C1(C)C)c1ccccc1,Ki,1160.0,0
CDK2,CHEMBL301,CHEMBL428690,CN1CC[C@H](c2c(O)cc(O)c3c(=O)cc(-c4ccccc4Cl)oc23)[C@H](O)C1,Ki,190.0,1
CDK2,CHEMBL301,CHEMBL296468,CC(C)(C)c1cnc(CSc2cnc(NC(=O)C3CCNCC3)s2)o1,Ki,38.0,1
CDK2,CHEMBL301,CHEMBL4296686,CN1CC[C@@H](c2c(O)cc(O)c3c(=O)cc(-c4ccccc4)oc23)[C@@H]1CO.Cl,Ki,100.0,1
CDK2,CHEMBL301,CHEMBL3099753,COC[C@H](Cc1ccc(O)cc1)NC(=O)c1cc(C(=O)O)c2cc(/C=C/c3ccc(Cl)cc3)ccc2n1,Ki,100.0,1
CDK2,CHEMBL301,CHEMBL3099752,COC[C@H](Cc1ccc(O)cc1)NC(=O)c1cc(C(=O)O)c2cc(-c3cccc(C(F)(F)F)c3)ccc2n1,Ki,100.0,1
CDK2,CHEMBL301,CHEMBL3099751,CN(C)C(=O)[C@H](Cc1ccc(O)cc1)NC(=O)c1cc(C(=O)O)c2cc(/C=C/c3ccc(Cl)cc3)ccc2n1,Ki,160.0,1
CDK2,CHEMBL301,CHEMBL3099750,CNC(=O)[C@H](Cc1ccc(O)cc1)NC(=O)c1cc(C(=O)O)c2cc(/C=C/c3ccc(Cl)cc3)ccc2n1,Ki,100.0,1
CDK2,CHEMBL301,CHEMBL3099749,CCC[C@H](Cc1ccc(O)cc1)NC(=O)c1cc(C(=O)O)c2cc(-c3cccc(C(F)(F)F)c3)ccc2n1,Ki,300.0,1
CDK2,CHEMBL301,CHEMBL3099748,C[C@H](Cc1ccc(O)cc1)NC(=O)c1cc(C(=O)O)c2cc(-c3cccc(C(F)(F)F)c3)ccc2n1,Ki,2500.0,0
CDK2,CHEMBL301,CHEMBL3099747,O=C(N[C@@H](Cc1ccc(O)cc1)C(=O)O)c1cc(C(=O)O)c2cc(-c3cccc(C(F)(F)F)c3)ccc2n1,Ki,12000.0,0
CDK2,CHEMBL301,CHEMBL3099743,COC(=O)[C@H](Cc1ccc(F)cc1)NC(=O)c1cc(C(=O)O)c2cc(-c3cccc(C(F)(F)F)c3)ccc2n1,Ki,2500.0,0
CDK2,CHEMBL301,CHEMBL3099764,CCCCCCc1ccc2nc(C(=O)N[C@@H](Cc3ccc(O)cc3)C(=O)OC)cc(C(=O)O)c2c1,Ki,100.0,1
CDK2,CHEMBL301,CHEMBL3099763,COC(=O)[C@H](Cc1ccc(O)cc1)NC(=O)c1cc(C(=O)O)c2cc(/C=C/c3ccc(Cl)cc3)ccc2n1,Ki,100.0,1
CDK2,CHEMBL301,CHEMBL3099762,COC(=O)[C@H](Cc1ccc(O)cc1)NC(=O)c1cc(C(=O)O)c2cc(CCc3ccc(Cl)cc3)ccc2n1,Ki,100.0,1
CDK2,CHEMBL301,CHEMBL3099761,COC(=O)[C@H](Cc1ccc(O)cc1)NC(=O)c1cc(C(=O)O)c2cc(-c3cccc(C(F)(F)F)c3)ccc2n1,Ki,100.0,1
CDK2,CHEMBL301,CHEMBL3099760,COC(=O)[C@H](Cc1ccc(O)cc1)NC(=O)c1cc(C(=O)O)c2cc(N3CCOCC3)ccc2n1,Ki,2800.0,0
CDK2,CHEMBL301,CHEMBL3099759,COC(=O)[C@H](Cc1ccc(O)cc1)NC(=O)c1cc(C(=O)O)c2cc(-c3ccccc3)ccc2n1,Ki,10000.0,0
CDK2,CHEMBL301,CHEMBL3099758,COC(=O)[C@H](Cc1ccc(O)cc1)NC(=O)c1cc(C(=O)O)c2cc(-c3cc(Cl)cc(Cl)c3)ccc2n1,Ki,200.0,1
CDK2,CHEMBL301,CHEMBL3099757,COC(=O)[C@H](Cc1ccc(O)cc1)NC(=O)c1cc(C(=O)O)c2cc(-c3ccc(Cl)cc3)ccc2n1,Ki,900.0,1
CDK2,CHEMBL301,CHEMBL3099756,COC(=O)[C@H](Cc1ccc(O)cc1)NC(=O)c1cc(C(=O)O)c2cc(-c3ccccc3Cl)ccc2n1,Ki,700.0,1
CDK2,CHEMBL301,CHEMBL3099755,COC(=O)[C@H](Cc1ccc(O)cc1)NC(=O)c1cc(C(=O)O)c2cc(-c3cccc(Cl)c3)ccc2n1,Ki,140.0,1
CDK2,CHEMBL301,CHEMBL3099754,COC(=O)[C@H](Cc1ccc(O)cc1)NC(=O)c1cc(C(=O)O)c2cc(-c3cccs3)ccc2n1,Ki,900.0,1
CDK2,CHEMBL301,CHEMBL3401987,CC(O)[C@H]1C2CCC(CC2)[C@@H]1Nc1nc(-c2c[nH]c3ncc(F)cc23)ncc1F,Ki,1200.0,0
CDK2,CHEMBL301,CHEMBL3932121,Cc1c(-c2ccnc(Nc3ccc(N4CCNCC4)cc3)n2)sc(=O)n1C,Ki,149.0,1
CDK2,CHEMBL301,CHEMBL4076947,Cc1cc(Nc2nccc3nc(-c4c(Cl)cc(C#N)cc4Cl)[nH]c23)ncn1,Ki,89.0,1
CDK2,CHEMBL301,CHEMBL5179335,CC(C)(C)/C=C(\C#N)C(=O)Nc1cccc(-c2nn(C(C)(C)C)c3nc[nH]c(=O)c23)c1,Ki,2570.0,0
CDK2,CHEMBL301,CHEMBL5174745,CCCC/C=C(\C#N)C(=O)Nc1cccc(-c2nn(C(C)(C)C)c3nc[nH]c(=O)c23)c1,Ki,11580.0,0
CDK2,CHEMBL301,CHEMBL5207329,CC(C)(C)n1nc(-c2cccc(NC(=O)/C(C#N)=C/c3ccc(C(=O)O)cc3)c2)c2c(=O)[nH]cnc21,Ki,1400.0,0
CDK2,CHEMBL301,CHEMBL5174224,CC(C)(C)n1nc(-c2cccc(NC(=O)/C(C#N)=C/c3ccccc3)c2)c2c(=O)[nH]cnc21,Ki,2200.0,0
CDK2,CHEMBL301,CHEMBL5178045,CC(C)(C)n1nc(-c2cccc(NC(=O)/C(C#N)=C/c3cccc([N+](=O)[O-])c3)c2)c2c(=O)[nH]cnc21,Ki,2460.0,0
CDK2,CHEMBL301,CHEMBL5190359,CC(C)(C)n1nc(-c2cccc(NC(=O)/C(C#N)=C/c3cc([N+](=O)[O-])cc([N+](=O)[O-])c3)c2)c2c(=O)[nH]cnc21,Ki,1640.0,0
CDK2,CHEMBL301,CHEMBL5193468,CC(C)(C)n1nc(-c2cccc(NC(=O)/C(C#N)=C/c3ccc(Br)cc3)c2)c2c(=O)[nH]cnc21,Ki,3630.0,0
CDK2,CHEMBL301,CHEMBL5174075,CC(C)(C)n1nc(-c2cccc(NC(=O)/C(C#N)=C/c3ccccc3Br)c2)c2c(=O)[nH]cnc21,Ki,1310.0,0
CDK2,CHEMBL301,CHEMBL5181384,CC(C)(C)n1nc(-c2cccc(NC(=O)/C(C#N)=C/c3ccc(O)cc3)c2)c2c(=O)[nH]cnc21,Ki,520.0,1
CDK2,CHEMBL301,CHEMBL5196242,CC(C)(C)n1nc(-c2cccc(NC(=O)/C(C#N)=C/c3ccccc3O)c2)c2c(=O)[nH]cnc21,Ki,350.0,1
CDK2,CHEMBL301,CHEMBL5207710,Cc1cc(NS(=O)(=O)c2ccc(Nc3n[nH]c4nc[nH]c(=O)c34)cc2)no1,Ki,4840.0,0
CDK2,CHEMBL301,CHEMBL5178569,CC(C)(C)n1nc(-c2cccc(NC(=O)/C(C#N)=C/c3ccc([N+](=O)[O-])cc3)c2)c2c(=O)[nH]cnc21,Ki,1950.0,0
CDK2,CHEMBL301,CHEMBL5181880,CC(C)(C)n1nc(-c2cccc(NC(=O)/C(C#N)=C/c3ccccc3[N+](=O)[O-])c2)c2c(=O)[nH]cnc21,Ki,12250.0,0
CDK2,CHEMBL301,CHEMBL5190528,CC(C)(C)n1nc(-c2cccc(NC(=O)/C(C#N)=C/c3cccc(Br)c3)c2)c2c(=O)[nH]cnc21,Ki,14660.0,0
CDK2,CHEMBL301,CHEMBL5196147,CC(C)(C)n1nc(-c2cccc(NC(=O)/C(C#N)=C/c3cccc(Cl)c3)c2)c2c(=O)[nH]cnc21,Ki,3100.0,0
CDK2,CHEMBL301,CHEMBL5171425,CC(C)(C)n1nc(-c2cccc(NC(=O)/C(C#N)=C/c3ccc(F)cc3)c2)c2c(=O)[nH]cnc21,Ki,2870.0,0
CDK2,CHEMBL301,CHEMBL5181593,CC(C)(C)n1nc(-c2cccc(NC(=O)/C(C#N)=C/c3cccc(C(F)(F)F)c3)c2)c2c(=O)[nH]cnc21,Ki,5590.0,0
CDK2,CHEMBL301,CHEMBL5194758,COc1ccc(/C=C(\C#N)C(=O)Nc2cccc(-c3nn(C(C)(C)C)c4nc[nH]c(=O)c34)c2)cc1,Ki,9700.0,0
CDK2,CHEMBL301,CHEMBL5172686,CC(C)(C)n1nc(-c2cccc(NC(=O)/C(C#N)=C/C=C/c3ccccc3)c2)c2c(=O)[nH]cnc21,Ki,6250.0,0
CDK2,CHEMBL301,CHEMBL4446357,C[C@@]1(O)CCC[C@H]1n1c(=O)c(C(F)F)cc2cnc(NC3CCN(S(C)(=O)=O)CC3)nc21,Ki,0.09,1
CDK2,CHEMBL301,CHEMBL5280928,CC(=O)c1c(C)c2cnc(NC3CCN(S(C)(=O)=O)CC3)nc2n(C2CCCC2)c1=O,Ki,5.9,1
CDK2,CHEMBL301,CHEMBL388978,CN[C@@H]1C[C@H]2O[C@@](C)([C@@H]1OC)n1c3ccccc3c3c4c(c5c6ccccc6n2c5c31)C(=O)NC4,Kd,8.1,1
CDK2,CHEMBL301,CHEMBL1725279,Oc1c2ccccc2c2c3c(cccc13)N=N2,Kd,3200.0,0
CDK2,CHEMBL301,CHEMBL128000,O=C(/C=C/c1ccc(O)c(O)c1)c1ccc(O)cc1O,Kd,100000.0,0
CDK2,CHEMBL301,CHEMBL574738,CCN1CCN(Cc2ccc(NC(=O)Nc3ccc(Oc4cc(NC)ncn4)cc3)cc2C(F)(F)F)CC1,Kd,760.0,1
CDK2,CHEMBL301,CHEMBL191003,Nc1nc(Nc2ccc(S(N)(=O)=O)cc2)nn1C(=O)c1c(F)cccc1F,Kd,23.0,1
CDK2,CHEMBL301,CHEMBL1082152,Cn1cc(C2=C(c3cccc(NCC(O)CO)c3)C(=O)NC2=O)c2cc(F)ccc21,Kd,150.0,1
CDK2,CHEMBL301,CHEMBL603469,C[C@]12O[C@H](C[C@]1(O)CO)n1c3ccccc3c3c4c(c5c6ccccc6n2c5c31)CNC4=O,Kd,20.0,1
CDK2,CHEMBL301,CHEMBL509032,COc1cc(N2CCC(N3CCN(C)CC3)CC2)ccc1Nc1ncc(Cl)c(Nc2ccccc2S(=O)(=O)C(C)C)n1,Kd,5200.0,0
CDK2,CHEMBL301,CHEMBL502835,COC(=O)c1ccc2c(c1)NC(=O)/C2=C(\Nc1ccc(N(C)C(=O)CN2CCN(C)CC2)cc1)c1ccccc1,Kd,1400.0,0
CDK2,CHEMBL301,CHEMBL300138,Cn1cc(C2=C(c3cn(C4CCN(Cc5ccccn5)CC4)c4ccccc34)C(=O)NC2=O)c2ccccc21,Kd,5000.0,0
CDK2,CHEMBL301,CHEMBL1336,CNC(=O)c1cc(Oc2ccc(NC(=O)Nc3ccc(Cl)c(C(F)(F)F)c3)cc2)ccn1,Kd,8700.0,0
CDK2,CHEMBL301,CHEMBL445813,O=C(NC1CCNCC1)c1n[nH]cc1NC(=O)c1c(Cl)cccc1Cl,Kd,30.0,1
CDK2,CHEMBL301,CHEMBL285527,O=S(=O)(O)c1cccc2cccc(Nc3ccccc3)c12,Kd,37000.0,0
CDK2,CHEMBL301,CHEMBL2148124,CCN1CCN(Cc2ccc(NC(=O)c3cccc(-c4ccc5nc(NC(=O)C6CC6)sc5n4)c3)cc2C(F)(F)F)CC1,Kd,840.0,1
CDK2,CHEMBL301,CHEMBL477,Nc1ncnc2c1ncn2[C@@H]1O[C@H](CO)[C@@H](O)[C@H]1O,Kd,184000.0,0
CDK2,CHEMBL301,CHEMBL228862,c1ccc(CNc2ncnc3[nH]cnc23)cc1,Kd,62000.0,0
CDK2,CHEMBL301,CHEMBL143054,N=C(N)NCCNS(=O)(=O)c1cccc2cnccc12,Kd,286000.0,0
CDK2,CHEMBL301,CHEMBL38380,O=S(=O)(c1cccc2cnccc12)N1CCCNCC1,Kd,460000.0,0
CDK2,CHEMBL301,CHEMBL3754754,CNc1ncnc2ccc([N+](=O)[O-])cc12,Kd,208000.0,0
CDK2,CHEMBL301,CHEMBL476189,CC(C)=CCNc1ncnc2[nH]cnc12,Kd,35000.0,0
CDK2,CHEMBL301,CHEMBL393525,Cc1ccc([N+](=O)[O-])cc1S(=O)(=O)N(C)/N=C/c1cnc2ccc(Br)cn12,Kd,540.0,1
CDK2,CHEMBL301,CHEMBL1944698,CN1C/C=C/CCOc2cccc(c2)-c2ccnc(n2)Nc2cccc(c2)C1,Kd,243.0,1
CDK2,CHEMBL301,CHEMBL2028663,CC(C)(C)c1nc(-c2cccc(NS(=O)(=O)c3c(F)cccc3F)c2F)c(-c2ccnc(N)n2)s1,Kd,19.0,1
CDK2,CHEMBL301,CHEMBL3301610,CCN1CCN(Cc2ccc(Nc3ncc(F)c(-c4cc(F)c5nc(C)n(C(C)C)c5c4)n3)nc2)CC1,Kd,10487.0,0
CDK2,CHEMBL301,CHEMBL4289017,CC(=O)NCC(=O)N1[C@@H]2CC[C@H]1c1ccc(Nc3ncc(C(F)(F)F)c(NC4CCC4)n3)cc12,Kd,1775.0,0
CDK2,CHEMBL301,CHEMBL488436,Cc1ncc(-c2ccnc(Nc3ccc(S(C)(=O)=O)cc3)n2)n1C(C)C,Kd,721.0,1
CDK2,CHEMBL301,CHEMBL1084546,CN(c1ncccc1CNc1nc(Nc2ccc3c(c2)CC(=O)N3)ncc1C(F)(F)F)S(C)(=O)=O,Kd,1073.0,0
CDK2,CHEMBL301,CHEMBL2105728,CC1(COc2ccc3c(c2)ncn3-c2ccc3cccc(N4CCC(N)CC4)c3n2)COC1,Kd,128.0,1
CDK2,CHEMBL301,CHEMBL3688339,CC(=O)c1cnc2ccc(-c3cc(Cl)c(O)c(Cl)c3)nc2c1N[C@H]1CC[C@H](CN(C)C)CC1,Kd,91.0,1
CDK2,CHEMBL301,CHEMBL1738757,CNC(=O)c1cc(Oc2ccc(NC(=O)Nc3cc(C(C)(C)C)nn3-c3ccc4ncccc4c3)c(F)c2)ccn1,Kd,199.0,1
CDK2,CHEMBL301,CHEMBL1230165,O=C(O)c1ccc2c(c1)nc(Nc1cccc(Cl)c1)c1ccncc12,Kd,1688.0,0
CDK2,CHEMBL301,CHEMBL1078178,N#CCNC(=O)c1ccc(-c2ccnc(Nc3ccc(N4CCOCC4)cc3)n2)cc1,Kd,2113.0,0
CDK2,CHEMBL301,CHEMBL3137331,CNC(=O)c1ccc(Nc2ncc(C(F)(F)F)c(NCc3nccnc3N(C)S(C)(=O)=O)n2)cc1,Kd,1656.0,0
CDK2,CHEMBL301,CHEMBL564829,CNC(=O)c1nn(C)c2c1C(C)(C)Cc1cnc(Nc3ccc(N4CCN(C)CC4)cc3)nc1-2,Kd,739.0,1
CDK2,CHEMBL301,CHEMBL3545083,COCCN1CCN(Cc2ccc(-c3n[nH]c4c3C(=O)c3c(NC(=O)NN5CCOCC5)cccc3-4)cc2)CC1,Kd,72.0,1
CDK2,CHEMBL301,CHEMBL281948,COC(=O)[C@@]1(O)C[C@H]2O[C@]1(C)n1c3ccccc3c3c4c(c5c6ccccc6n2c5c31)C(=O)NC4,Kd,101.0,1
CDK2,CHEMBL301,CHEMBL1230607,CC(C)CC(=O)Nc1n[nH]c2c1CN(C(=O)C1CCN(C)CC1)C2(C)C,Kd,98.0,1
CDK2,CHEMBL301,CHEMBL2103840,CCc1cnn2c(NCc3ccc[n+]([O-])c3)cc(N3CCCC[C@H]3CCO)nc12,Kd,90.0,1
CDK2,CHEMBL301,CHEMBL4126111,C=C1CCC[C@H]2[C@]3(C)CC4=C(O[C@]3(C)CC[C@]12C)C(=O)C=C(NC)C4=O,Kd,4800.0,0
CDK2,CHEMBL301,CHEMBL4472486,CN1CCN(Cc2ccc(NC(=O)Nc3ccc(Oc4ccnc(N)n4)cc3)cc2C(F)(F)F)CC1,Kd,52.7,1
CDK2,CHEMBL301,CHEMBL4518287,C=CS(=O)(=O)c1ccc(Nc2nc(OCC3CCCCC3)c3nc[nH]c3n2)cc1,Kd,1310.0,0
CDK2,CHEMBL301,CHEMBL4445812,O=C(Nc1ccc2cc(C(=O)Nc3nccs3)ccc2c1)c1ccc(Cl)c(Cl)c1,Kd,8020.0,0
CDK2,CHEMBL301,CHEMBL4449374,Nc1nc(I)c2nc[nH]c2n1,Kd,350000.0,0
CDK2,CHEMBL301,CHEMBL4564592,Nc1nc(-c2cccc(CC(=O)O)c2)c2nc[nH]c2n1,Kd,50000.0,0
CDK2,CHEMBL301,CHEMBL1906448,Cc1nn(-c2ccccn2)c2c1C(=O)CC(C)(C)C2Br,Kd,5000.0,0
CDK2,CHEMBL301,CHEMBL1708376,Cc1nn(-c2nccs2)c2c1C(=O)CC(C)(C)C2Br,Kd,4800.0,0
CDK2,CHEMBL301,CHEMBL4763182,Cc1nn(-c2ccncn2)c2c1C(=O)CC(C)(C)C2Br,Kd,4500.0,0
CDK2,CHEMBL301,CHEMBL4762791,O=c1[nH]cc(C2CCCCC2)c2nccn12,Kd,4100.0,0
CDK2,CHEMBL301,CHEMBL4864688,O=C(CCCOc1ccc(CC(=O)Nc2cc(C3CCC3)[nH]n2)cc1)NCCCCNc1cccc2c1C(=O)N(C1CCC(=O)NC1=O)C2=O,Kd,385.0,1
CDK2,CHEMBL301,CHEMBL4846069,COc1ccc(CC(=O)Nc2cc(C3CCC3)[nH]n2)cc1,Kd,135.0,1
CDK2,CHEMBL301,CHEMBL4555578,O=C(Nc1ccccc1)NC1CCCC1,Kd,1000000.0,0
CDK2,CHEMBL301,CHEMBL5411401,O=C(Nc1ccccn1)NC1CCCC1,Kd,398107.17,0
CDK2,CHEMBL301,CHEMBL5439330,CN(C(=O)NC1CCCC1)c1ccccc1,Kd,7943282.35,0
CDK2,CHEMBL301,CHEMBL5425333,CN(C(=O)NC1CCCC1)c1ccccn1,Kd,1584893.19,0
CDK2,CHEMBL301,CHEMBL5401602,CN(C(=O)Nc1ccccc1)C1CCCC1,Kd,1995262.31,0
CDK2,CHEMBL301,CHEMBL5430172,CN(C(=O)Nc1ccccn1)C1CCCC1,Kd,2511886.43,0
CDK2,CHEMBL301,CHEMBL5411911,CN(C(=O)N(C)C1CCCC1)c1ccccc1,Kd,3162277.66,0
CDK2,CHEMBL301,CHEMBL5420832,CN(C(=O)N(C)C1CCCC1)c1ccccn1,Kd,15848931.92,0
CDK2,CHEMBL301,CHEMBL4519788,O=C1CCC(N2C(=O)c3cccc(OCCCCCOc4ccc(CC(=O)Nc5cc(C6CCC6)[nH]n5)cc4)c3C2=O)C(=O)N1,Kd,135.0,1
CDK2,CHEMBL301,CHEMBL5430461,O=C(O)c1cc([N+](=O)[O-])ccc1NCCc1c[nH]c2ccccc12,Kd,5200.0,0
CDK2,CHEMBL301,CHEMBL5436881,O=C(O)c1cc(C(F)(F)F)ccc1NCCc1c[nH]c2ccccc12,Kd,2300.0,0
CDK2,CHEMBL301,CHEMBL5423185,O=C(O)c1cc(S(F)(F)(F)(F)F)ccc1NCCc1c[nH]c2ccccc12,Kd,260.0,1
CDK2,CHEMBL301,CHEMBL5432928,O=C(O)c1cc(C(F)(F)F)ccc1NCCc1c[nH]c2cc(Br)ccc12,Kd,18.0,1
CDK2,CHEMBL301,CHEMBL5439308,N#Cc1ccc2c(CCNc3ccc(C(F)(F)F)cc3C(=O)O)c[nH]c2c1,Kd,23.0,1
CDK2,CHEMBL301,CHEMBL5397283,N#Cc1ccc2c(CCNc3ccc(S(F)(F)(F)(F)F)cc3C(=O)O)c[nH]c2c1,Kd,7.4,1
CDK2,CHEMBL301,CHEMBL3752910,Cc1ccc(C(=O)Nc2cccc(C(F)(F)F)c2)cc1Nc1nc(-c2cccnc2)nc2c1cnn2C,Kd,25.3,1
